removal_round,features_before_removal,features_after_removal,within_round_least_importance_rank,pool_index,feature_name,family,importance_at_removal,initial_importance_rank,initial_l2_importance,final_kept,final_l2_importance
1,389,388,1,234,hog0_b6_o2,orientation_histogram,0.0827193483710289,389,0.0827193483710289,False,
2,388,387,1,226,hog0_b4_o2,orientation_histogram,0.12381516396999359,388,0.12334825098514557,False,
3,387,386,1,258,hog0_b12_o2,orientation_histogram,0.1370309293270111,387,0.1329771727323532,False,
4,386,385,1,387,tail_aniso_high_ndbi,region_shape,0.1395975649356842,386,0.140672504901886,False,
5,385,384,1,20,std_b7,spectral_statistics,0.15239915251731873,384,0.1536298394203186,False,
6,384,383,1,247,hog0_b9_o3,orientation_histogram,0.15284721553325653,385,0.1516006588935852,False,
7,383,382,1,175,coh0_b6,coherence,0.16032777726650238,382,0.15926943719387054,False,
8,382,381,1,367,oent2_b3,orientation_entropy_scale2,0.1630171537399292,381,0.1654309630393982,False,
9,381,380,1,232,hog0_b6_o0,orientation_histogram,0.16532982885837555,383,0.15865406394004822,False,
10,380,379,1,186,coh1_b4,coherence,0.1685357391834259,378,0.1744740605354309,False,
11,379,378,1,244,hog0_b9_o0,orientation_histogram,0.20075799524784088,372,0.18641136586666107,False,
12,378,377,1,233,hog0_b6_o1,orientation_histogram,0.18027125298976898,377,0.18061068654060364,False,
13,377,376,1,256,hog0_b12_o0,orientation_histogram,0.18149298429489136,380,0.1694866120815277,False,
14,376,375,1,90,p90_b12,spectral_statistics,0.18277204036712646,373,0.18339818716049194,False,
15,375,374,1,192,coh1_b10,coherence,0.18519067764282227,379,0.17218631505966187,False,
16,374,373,1,369,oent2_b5,orientation_entropy_scale2,0.19063884019851685,370,0.19409091770648956,False,
17,373,372,1,104,g0std_b0,multiscale_gradients,0.19169828295707703,371,0.19082650542259216,False,
18,372,371,1,19,std_b6,spectral_statistics,0.19336800277233124,374,0.18273864686489105,False,
19,371,370,1,96,g0mean_b5,multiscale_gradients,0.1967351734638214,369,0.19842928647994995,False,
20,370,369,1,9,mean_b9,spectral_statistics,0.19869586825370789,367,0.20038211345672607,False,
21,369,368,1,136,g1std_b6,multiscale_gradients,0.2029411941766739,365,0.20340703427791595,False,
22,368,367,1,169,coh0_b0,coherence,0.2576510012149811,359,0.21237601339817047,False,
23,367,366,1,188,coh1_b6,coherence,0.20726345479488373,366,0.20078688859939575,False,
24,366,365,1,374,oent2_b10,orientation_entropy_scale2,0.2064058482646942,368,0.20026016235351562,False,
25,365,364,1,178,coh0_b9,coherence,0.21129345893859863,358,0.21382078528404236,False,
26,364,363,1,340,ixcoh_ndbi,index_coherence,0.2093108594417572,356,0.2157125473022461,False,
27,363,362,1,205,oent_b10,orientation_entropy,0.20720335841178894,350,0.22154483199119568,False,
28,362,361,1,375,oent2_b11,orientation_entropy_scale2,0.20791593194007874,361,0.2078629583120346,False,
29,361,360,1,252,hog0_b11_o0,orientation_histogram,0.21058955788612366,355,0.216275155544281,False,
30,360,359,1,190,coh1_b8,coherence,0.21172717213630676,354,0.21643395721912384,False,
31,359,358,1,259,hog0_b12_o3,orientation_histogram,0.21616637706756592,362,0.20608386397361755,False,
32,358,357,1,230,hog0_b5_o2,orientation_histogram,0.21819642186164856,342,0.23658987879753113,False,
33,357,356,1,162,g2std_b6,multiscale_gradients,0.2768044173717499,353,0.21718989312648773,False,
34,356,355,1,4,mean_b4,spectral_statistics,0.22154600918293,348,0.22431205213069916,False,
35,355,354,1,191,coh1_b9,coherence,0.27911102771759033,308,0.2696693241596222,False,
36,354,353,1,61,p50_b9,spectral_statistics,0.22551901638507843,364,0.204194575548172,False,
37,353,352,1,383,tail_aniso_high_ndvi,region_shape,0.305296391248703,344,0.23378410935401917,False,
38,352,351,1,260,fftpk_b0,spectral_peaks,0.22782985866069794,347,0.2280765175819397,False,
39,351,350,1,122,g1mean_b5,multiscale_gradients,0.23084372282028198,360,0.2105809897184372,False,
40,350,349,1,133,g1std_b3,multiscale_gradients,0.23371616005897522,346,0.23354478180408478,False,
41,349,348,1,248,hog0_b10_o0,orientation_histogram,0.24183666706085205,336,0.2408723384141922,False,
42,348,347,1,224,hog0_b4_o0,orientation_histogram,0.2268763929605484,335,0.2419145554304123,False,
43,347,346,1,300,ixspr_ndwi,index_texture,0.2428741455078125,343,0.23624643683433533,False,
44,346,345,1,223,hog0_b3_o3,orientation_histogram,0.24653767049312592,337,0.24018695950508118,False,
45,345,344,1,167,g2std_b11,multiscale_gradients,0.2491777390241623,326,0.2521626055240631,False,
46,344,343,1,379,tail_aniso_high_pan,region_shape,0.25231805443763733,330,0.24874933063983917,False,
47,343,342,1,265,fftpk_b5,spectral_peaks,0.25187766551971436,316,0.2628493010997772,False,
48,342,341,1,246,hog0_b9_o2,orientation_histogram,0.31421959400177,376,0.1810051053762436,False,
49,341,340,1,7,mean_b7,spectral_statistics,0.4090512990951538,315,0.2633621096611023,False,
50,340,339,1,268,fftpk_b8,spectral_peaks,0.39856183528900146,318,0.26173269748687744,False,
51,339,338,1,46,p25_b7,spectral_statistics,0.48078230023384094,280,0.30429592728614807,False,
52,338,337,1,99,g0mean_b8,multiscale_gradients,0.4897747039794922,256,0.3200881779193878,False,
53,337,336,1,216,hog0_b2_o0,orientation_histogram,0.5251039266586304,331,0.24816422164440155,False,
54,336,335,1,12,mean_b12,spectral_statistics,0.5266678929328918,323,0.2569747567176819,False,
55,335,334,1,237,hog0_b7_o1,orientation_histogram,0.25738054513931274,311,0.26543721556663513,False,
56,334,333,1,5,mean_b5,spectral_statistics,0.35476917028427124,312,0.2644493579864502,False,
57,333,332,1,229,hog0_b5_o1,orientation_histogram,0.2501188814640045,345,0.23375000059604645,False,
58,332,331,1,179,coh0_b10,coherence,0.34898677468299866,300,0.2772580683231354,False,
59,331,330,1,334,blob2msz_ndbi,blobs,0.5336766839027405,230,0.34309765696525574,False,
60,330,329,1,103,g0mean_b12,multiscale_gradients,0.3716411590576172,290,0.2848897874355316,False,
61,329,328,1,242,hog0_b8_o2,orientation_histogram,0.5317788124084473,270,0.3099476099014282,False,
62,328,327,1,35,p10_b9,spectral_statistics,0.395516037940979,351,0.2214932143688202,False,
63,327,326,1,220,hog0_b3_o0,orientation_histogram,0.396043986082077,329,0.2495371401309967,False,
64,326,325,1,245,hog0_b9_o1,orientation_histogram,0.536202073097229,283,0.2979682385921478,False,
65,325,324,1,204,oent_b9,orientation_entropy,0.3934718072414398,297,0.28188472986221313,False,
66,324,323,1,114,g0std_b10,multiscale_gradients,0.3950539827346802,262,0.3166413903236389,False,
67,323,322,1,51,p25_b12,spectral_statistics,0.3954985737800598,317,0.26195088028907776,False,
68,322,321,1,57,p50_b5,spectral_statistics,0.5497226715087891,250,0.3256395161151886,False,
69,321,320,1,301,ixspr_ndbi,index_texture,0.40418609976768494,301,0.27520012855529785,False,
70,320,319,1,142,g1std_b12,multiscale_gradients,0.40523359179496765,314,0.26349297165870667,False,
71,319,318,1,380,tail_spread_high_pan,region_shape,0.40613502264022827,282,0.30080124735832214,False,
72,318,317,1,110,g0std_b6,multiscale_gradients,0.4049508571624756,340,0.23839612305164337,False,
73,317,316,1,199,oent_b4,orientation_entropy,0.42770591378211975,275,0.3063201308250427,False,
74,316,315,1,135,g1std_b5,multiscale_gradients,0.42852354049682617,320,0.25985008478164673,False,
75,315,314,1,129,g1mean_b12,multiscale_gradients,0.4275074303150177,287,0.28999677300453186,False,
76,314,313,1,370,oent2_b6,orientation_entropy_scale2,0.42816680669784546,352,0.21933168172836304,False,
77,313,312,1,311,linepf_ndbi,hough_lines,0.42777740955352783,216,0.3613698482513428,False,
78,312,311,1,378,tail_spread_low_pan,region_shape,0.5914366245269775,198,0.3746242821216583,False,
79,311,310,1,240,hog0_b8_o0,orientation_histogram,0.4318862557411194,298,0.28165510296821594,False,
80,310,309,1,174,coh0_b5,coherence,0.42713072896003723,310,0.2668741047382355,False,
81,309,308,1,130,g1std_b0,multiscale_gradients,0.42905500531196594,363,0.20516905188560486,False,
82,308,307,1,342,ixcoh_nbr,index_coherence,0.43383243680000305,269,0.3099484145641327,False,
83,307,306,1,77,p75_b12,spectral_statistics,0.43474507331848145,296,0.2820601761341095,False,
84,306,305,1,74,p75_b9,spectral_statistics,0.43866991996765137,333,0.2444787472486496,False,
85,305,304,1,158,g2std_b2,multiscale_gradients,0.4517074227333069,299,0.2813740372657776,False,
86,304,303,1,210,hog0_b0_o2,orientation_histogram,0.6063406467437744,154,0.4130654036998749,False,
87,303,302,1,194,coh1_b12,coherence,0.4557209014892578,293,0.2840166389942169,False,
88,302,301,1,165,g2std_b9,multiscale_gradients,0.4544239342212677,325,0.2549521327018738,False,
89,301,300,1,83,p90_b5,spectral_statistics,0.45903584361076355,324,0.25512146949768066,False,
90,300,299,1,13,std_b0,spectral_statistics,0.46125730872154236,196,0.3769131004810333,False,
91,299,298,1,24,std_b11,spectral_statistics,0.46254628896713257,260,0.31896501779556274,False,
92,298,297,1,327,blob2nc_pan,blobs,0.6135696768760681,127,0.46023881435394287,False,
93,297,296,1,141,g1std_b11,multiscale_gradients,0.4623325765132904,225,0.3454749882221222,False,
94,296,295,1,97,g0mean_b6,multiscale_gradients,0.4689832031726837,288,0.28677013516426086,False,
95,295,294,1,8,mean_b8,spectral_statistics,0.47801971435546875,209,0.36597463488578796,False,
96,294,293,1,183,coh1_b1,coherence,0.4767645001411438,305,0.27337878942489624,False,
97,293,292,1,170,coh0_b1,coherence,0.4349667429924011,176,0.3966171145439148,False,
98,292,291,1,250,hog0_b10_o2,orientation_histogram,0.2548533082008362,332,0.24738101661205292,False,
99,291,290,1,264,fftpk_b4,spectral_peaks,0.4651779234409332,247,0.32771730422973633,False,
100,290,289,1,255,hog0_b11_o3,orientation_histogram,0.46890878677368164,306,0.2728548049926758,False,
101,289,288,1,281,ixstd_ndvi,index_texture,0.4846174418926239,188,0.38807401061058044,False,
102,288,287,1,386,tail_spread_low_ndbi,region_shape,0.48780354857444763,205,0.3670327663421631,False,
103,287,286,1,283,ixstd_ndbi,index_texture,0.48138755559921265,245,0.3277747631072998,False,
104,286,285,1,385,tail_aniso_low_ndbi,region_shape,0.4837956130504608,222,0.35340067744255066,False,
105,285,284,1,225,hog0_b4_o1,orientation_histogram,0.4846753180027008,291,0.28445160388946533,False,
106,284,283,1,59,p50_b7,spectral_statistics,0.48815494775772095,277,0.30613312125205994,False,
107,283,282,1,148,g2mean_b5,multiscale_gradients,0.4907515048980713,295,0.2826288640499115,False,
108,282,281,1,269,fftpk_b9,spectral_peaks,0.4930056631565094,185,0.3914923667907715,False,
109,281,280,1,345,ix2std_ndwi,index_texture_scale2,0.5058203935623169,319,0.2611245810985565,False,
110,280,279,1,116,g0std_b12,multiscale_gradients,0.4890725910663605,303,0.27448150515556335,False,
111,279,278,1,182,coh1_b0,coherence,0.4971238970756531,349,0.22350557148456573,False,
112,278,277,1,302,ixspr_ndmi,index_texture,0.49941951036453247,302,0.27520012855529785,False,
113,277,276,1,372,oent2_b8,orientation_entropy_scale2,0.5046961307525635,264,0.3136892318725586,False,
114,276,275,1,109,g0std_b5,multiscale_gradients,0.49942275881767273,307,0.2705290615558624,False,
115,275,274,1,140,g1std_b10,multiscale_gradients,0.4959469139575958,263,0.3160575330257416,False,
116,274,273,1,23,std_b10,spectral_statistics,0.5095319151878357,249,0.32706156373023987,False,
117,273,272,1,82,p90_b4,spectral_statistics,0.5159925222396851,279,0.3046865165233612,False,
118,272,271,1,349,ix2std_bsi,index_texture_scale2,0.5080726742744446,261,0.3167232573032379,False,
119,271,270,1,16,std_b3,spectral_statistics,0.5200993418693542,248,0.32737845182418823,False,
120,270,269,1,125,g1mean_b8,multiscale_gradients,0.5219685435295105,255,0.32016122341156006,False,
121,269,268,1,124,g1mean_b7,multiscale_gradients,0.5206353068351746,194,0.3848024010658264,False,
122,268,267,1,171,coh0_b2,coherence,0.5164904594421387,204,0.36991292238235474,False,
123,267,266,1,238,hog0_b7_o2,orientation_histogram,0.5181317329406738,131,0.4494355320930481,False,
124,266,265,1,231,hog0_b5_o3,orientation_histogram,0.5136653184890747,341,0.2379578799009323,False,
125,265,264,1,335,sslope2_pan,spectral_slope,0.6241087317466736,103,0.5041705369949341,False,
126,264,263,1,212,hog0_b1_o0,orientation_histogram,0.5324574708938599,266,0.31264013051986694,False,
127,263,262,1,138,g1std_b8,multiscale_gradients,0.5358626246452332,202,0.3713681399822235,False,
128,262,261,1,128,g1mean_b11,multiscale_gradients,0.5420013070106506,273,0.307705819606781,False,
129,261,260,1,157,g2std_b1,multiscale_gradients,0.5421338677406311,130,0.4511379599571228,False,
130,260,259,1,159,g2std_b3,multiscale_gradients,0.5306881070137024,278,0.30556410551071167,False,
131,259,258,1,184,coh1_b2,coherence,0.5471987724304199,253,0.32431215047836304,False,
132,258,257,1,185,coh1_b3,coherence,0.4652942419052124,334,0.24434438347816467,False,
133,257,256,1,172,coh0_b3,coherence,0.5179730653762817,190,0.38623130321502686,False,
134,256,255,1,121,g1mean_b4,multiscale_gradients,0.5446217060089111,268,0.31061193346977234,False,
135,255,254,1,373,oent2_b9,orientation_entropy_scale2,0.6924900412559509,140,0.4377373158931732,False,
136,254,253,1,280,xcorr_b11_b12,cross_band,0.786164402961731,151,0.4149519205093384,False,
137,253,252,1,189,coh1_b7,coherence,0.5366422533988953,121,0.47269362211227417,False,
138,252,251,1,211,hog0_b0_o3,orientation_histogram,0.8044374585151672,206,0.36635297536849976,False,
139,251,250,1,241,hog0_b8_o1,orientation_histogram,0.521903395652771,236,0.3362870514392853,False,
140,250,249,1,209,hog0_b0_o1,orientation_histogram,0.54425448179245,213,0.36261647939682007,False,
141,249,248,1,207,oent_b12,orientation_entropy,0.5484757423400879,242,0.32903456687927246,False,
142,248,247,1,308,linepf_ndvi,hough_lines,0.5540874004364014,119,0.47412171959877014,False,
143,247,246,1,243,hog0_b8_o3,orientation_histogram,0.8081665635108948,195,0.38003042340278625,False,
144,246,245,1,33,p10_b7,spectral_statistics,0.5480242371559143,271,0.30989131331443787,False,
145,245,244,1,228,hog0_b5_o0,orientation_histogram,0.5484741926193237,375,0.18147023022174835,False,
146,244,243,1,126,g1mean_b9,multiscale_gradients,0.808143138885498,150,0.41525954008102417,False,
147,243,242,1,86,p90_b8,spectral_statistics,0.8069218397140503,161,0.40591752529144287,False,
148,242,241,1,0,mean_b0,spectral_statistics,0.5650186538696289,233,0.3398134708404541,False,
149,241,240,1,2,mean_b2,spectral_statistics,0.5672877430915833,235,0.336944043636322,False,
150,240,239,1,273,xcorr_b3_b7,cross_band,0.5694668292999268,218,0.3581027388572693,False,
151,239,238,1,249,hog0_b10_o1,orientation_histogram,0.5646876096725464,304,0.27411702275276184,False,
152,238,237,1,284,ixstd_ndmi,index_texture,0.8233960866928101,246,0.3277747631072998,False,
153,237,236,1,377,tail_aniso_low_pan,region_shape,0.8368642330169678,99,0.5088014602661133,False,
154,236,235,1,72,p75_b7,spectral_statistics,0.5582104325294495,276,0.3062340319156647,False,
155,235,234,1,337,sslope2_ndbi,spectral_slope,0.8169664144515991,110,0.4839584231376648,False,
156,234,233,1,384,tail_spread_high_ndvi,region_shape,0.8519166111946106,238,0.3334046006202698,False,
157,233,232,1,352,ix2gm_ndbi,index_texture_scale2,0.8333840370178223,133,0.44806456565856934,False,
158,232,231,1,332,blob2lrg_ndbi,blobs,0.8064773678779602,102,0.5056723952293396,False,
159,231,230,1,253,hog0_b11_o1,orientation_histogram,0.8093844056129456,220,0.35648486018180847,False,
160,230,229,1,328,blob2msz_pan,blobs,0.8292338848114014,139,0.4390049874782562,False,
161,229,228,1,87,p90_b9,spectral_statistics,0.812778890132904,327,0.25152790546417236,False,
162,228,227,1,270,fftpk_b10,spectral_peaks,0.8727883100509644,197,0.37665343284606934,False,
163,227,226,1,271,fftpk_b11,spectral_peaks,0.7667887806892395,170,0.400617390871048,False,
164,226,225,1,323,lbp2uni_ndvi,lbp,0.8148379921913147,41,0.7118886113166809,False,
165,225,224,1,177,coh0_b8,coherence,0.8923145532608032,284,0.29544126987457275,False,
166,224,223,1,137,g1std_b7,multiscale_gradients,0.8868628144264221,162,0.4057975709438324,False,
167,223,222,1,382,tail_spread_low_ndvi,region_shape,0.9168088436126709,113,0.4819563329219818,False,
168,222,221,1,14,std_b1,spectral_statistics,0.9328778982162476,201,0.3716104030609131,False,
169,221,220,1,80,p90_b2,spectral_statistics,0.9180517196655273,193,0.38485345244407654,False,
170,220,219,1,330,blob2nc_ndvi,blobs,0.9402065873146057,83,0.5651415586471558,False,
171,219,218,1,331,blob2msz_ndvi,blobs,0.8830381631851196,142,0.4298047423362732,False,
172,218,217,1,262,fftpk_b2,spectral_peaks,0.8951923251152039,59,0.6271467208862305,False,
173,217,216,1,388,tail_spread_high_ndbi,region_shape,0.9256788492202759,88,0.5449560284614563,False,
174,216,215,1,346,ix2std_ndbi,index_texture_scale2,0.878848135471344,226,0.3451714813709259,False,
175,215,214,1,173,coh0_b4,coherence,0.9232869148254395,136,0.4432901442050934,False,
176,214,213,1,236,hog0_b7_o0,orientation_histogram,0.9303839802742004,135,0.4438835680484772,False,
177,213,212,1,338,ixcoh_ndvi,index_coherence,0.9655283093452454,159,0.40663954615592957,False,
178,212,211,1,276,xcorr_b11_b7,cross_band,0.9710224866867065,168,0.4016447067260742,False,
179,211,210,1,208,hog0_b0_o0,orientation_histogram,0.9970483779907227,166,0.4022469222545624,False,
180,210,209,1,267,fftpk_b7,spectral_peaks,0.9424035549163818,171,0.4005187153816223,False,
181,209,208,1,150,g2mean_b7,multiscale_gradients,0.9561315178871155,237,0.33597561717033386,False,
182,208,207,1,6,mean_b6,spectral_statistics,0.9975664615631104,177,0.3960241377353668,False,
183,207,206,1,312,linepl_ndbi,hough_lines,1.002066969871521,217,0.3613680303096771,False,
184,206,205,1,343,ixcoh_bsi,index_coherence,0.9899879693984985,214,0.362214595079422,False,
185,205,204,1,266,fftpk_b6,spectral_peaks,0.9952152967453003,322,0.25908002257347107,False,
186,204,203,1,272,fftpk_b12,spectral_peaks,0.6472959518432617,124,0.4699766933917999,False,
187,203,202,1,47,p25_b8,spectral_statistics,0.9910126328468323,244,0.32822540402412415,False,
188,202,201,1,160,g2std_b4,multiscale_gradients,0.9975330233573914,137,0.44131404161453247,False,
189,201,200,1,341,ixcoh_ndmi,index_coherence,0.9941377639770508,357,0.2157125473022461,False,
190,200,199,1,274,xcorr_b2_b7,cross_band,1.0128591060638428,191,0.3853471577167511,False,
191,199,198,1,333,blob2nc_ndbi,blobs,1.0217794179916382,96,0.5205134153366089,False,
192,198,197,1,279,xcorr_b7_b12,cross_band,1.0313395261764526,182,0.3937560021877289,False,
193,197,196,1,112,g0std_b8,multiscale_gradients,1.0364824533462524,215,0.36145541071891785,False,
194,196,195,1,235,hog0_b6_o3,orientation_histogram,1.048424482345581,339,0.23861810564994812,False,
195,195,194,1,239,hog0_b7_o3,orientation_histogram,0.8838929533958435,207,0.36614543199539185,False,
196,194,193,1,326,blob2lrg_pan,blobs,1.0405700206756592,78,0.5822397470474243,False,
197,193,192,1,38,p10_b12,spectral_statistics,1.075113296508789,234,0.33908775448799133,False,
198,192,191,1,277,xcorr_b3_b11,cross_band,1.3125662803649902,42,0.70921391248703,False,
199,191,190,1,282,ixstd_ndwi,index_texture,0.5674067139625549,285,0.2912832796573639,False,
200,190,189,1,56,p50_b4,spectral_statistics,0.6083304286003113,252,0.32436975836753845,False,
201,189,188,1,117,g1mean_b0,multiscale_gradients,1.3666599988937378,66,0.6115617156028748,False,
202,188,187,1,351,ix2gm_ndwi,index_texture_scale2,0.9797233939170837,67,0.6108593940734863,False,
203,187,186,1,132,g1std_b2,multiscale_gradients,0.6334220170974731,267,0.3106927275657654,False,
204,186,185,1,306,linepl_pan,hough_lines,0.6465545296669006,179,0.39532920718193054,False,
205,185,184,1,11,mean_b11,spectral_statistics,1.4221423864364624,81,0.5763179063796997,False,
206,184,183,1,329,blob2lrg_ndvi,blobs,1.4791749715805054,13,0.919710099697113,False,
207,183,182,1,359,xcorr_b11_b7,cross_band_correlation,1.0412846803665161,169,0.4016447067260742,False,
208,182,181,1,299,ixspr_ndvi,index_texture,1.0818248987197876,129,0.45135560631752014,False,
209,181,180,1,154,g2mean_b11,multiscale_gradients,1.0920727252960205,243,0.3288794159889221,False,
210,180,179,1,123,g1mean_b6,multiscale_gradients,1.1205425262451172,272,0.3078979253768921,False,
211,179,178,1,151,g2mean_b8,multiscale_gradients,1.5813984870910645,232,0.3399529457092285,False,
212,178,177,1,27,p10_b1,spectral_statistics,1.0881303548812866,229,0.34398719668388367,False,
213,177,176,1,62,p50_b10,spectral_statistics,1.6055444478988647,89,0.5445141792297363,False,
214,176,175,1,156,g2std_b0,multiscale_gradients,1.1357004642486572,313,0.26386207342147827,False,
215,175,174,1,213,hog0_b1_o1,orientation_histogram,1.1313648223876953,208,0.36599040031433105,False,
216,174,173,1,113,g0std_b9,multiscale_gradients,1.1529054641723633,118,0.4769274890422821,False,
217,173,172,1,1,mean_b1,spectral_statistics,1.1508550643920898,181,0.39422449469566345,False,
218,172,171,1,78,p90_b0,spectral_statistics,1.1764757633209229,175,0.39774683117866516,False,
219,171,170,1,64,p50_b12,spectral_statistics,1.186653733253479,265,0.31294605135917664,False,
220,170,169,1,278,xcorr_b2_b3,cross_band,1.1906887292861938,69,0.6000468134880066,False,
221,169,168,1,60,p50_b8,spectral_statistics,1.2155512571334839,189,0.38705015182495117,False,
222,168,167,1,201,oent_b6,orientation_entropy,1.2299433946609497,221,0.3542843759059906,False,
223,167,166,1,187,coh1_b5,coherence,1.2007520198822021,321,0.25950461626052856,False,
224,166,165,1,257,hog0_b12_o1,orientation_histogram,1.18975830078125,338,0.2393273115158081,False,
225,165,164,1,48,p25_b9,spectral_statistics,1.215724229812622,328,0.24958422780036926,False,
226,164,163,1,139,g1std_b9,multiscale_gradients,1.0837205648422241,132,0.44838017225265503,False,
227,163,162,1,152,g2mean_b9,multiscale_gradients,1.0419129133224487,187,0.38919150829315186,False,
228,162,161,1,81,p90_b3,spectral_statistics,1.1529977321624756,104,0.49892371892929077,False,
229,161,160,1,254,hog0_b11_o2,orientation_histogram,1.2029932737350464,158,0.4081398546695709,False,
230,160,159,1,286,ixstd_bsi,index_texture,1.1952340602874756,258,0.31959068775177,False,
231,159,158,1,339,ixcoh_ndwi,index_coherence,1.598700761795044,34,0.7340314984321594,False,
232,158,157,1,176,coh0_b7,coherence,1.1586586236953735,101,0.5084921717643738,False,
233,157,156,1,221,hog0_b3_o1,orientation_histogram,1.2223694324493408,173,0.399324893951416,False,
234,156,155,1,214,hog0_b1_o2,orientation_histogram,0.6665195226669312,257,0.3199721574783325,False,
235,155,154,1,217,hog0_b2_o1,orientation_histogram,0.8958213925361633,74,0.5918126106262207,False,
236,154,153,1,366,oent2_b2,orientation_entropy_scale2,1.1675606966018677,149,0.42020565271377563,False,
237,153,152,1,365,oent2_b1,orientation_entropy_scale2,1.2136660814285278,52,0.6664410829544067,False,
238,152,151,1,67,p75_b2,spectral_statistics,1.2307844161987305,254,0.3231523633003235,False,
239,151,150,1,285,ixstd_nbr,index_texture,1.2638254165649414,111,0.4835405945777893,False,
240,150,149,1,193,coh1_b11,coherence,1.2652064561843872,160,0.4062017500400543,False,
241,149,148,1,251,hog0_b10_o3,orientation_histogram,1.2524898052215576,211,0.3647617697715759,False,
242,148,147,1,263,fftpk_b3,spectral_peaks,1.2533599138259888,87,0.5454187989234924,False,
243,147,146,1,261,fftpk_b1,spectral_peaks,1.000785231590271,44,0.705893874168396,False,
244,146,145,1,91,g0mean_b0,multiscale_gradients,1.5223966836929321,60,0.6245383620262146,False,
245,145,144,1,31,p10_b5,spectral_statistics,0.7154164910316467,240,0.3331221640110016,False,
246,144,143,1,291,ixgm_nbr,index_texture,1.251388430595398,82,0.5679776668548584,False,
247,143,142,1,381,tail_aniso_low_ndvi,region_shape,1.6334338188171387,62,0.6164501309394836,False,
248,142,141,1,368,oent2_b4,orientation_entropy_scale2,1.191217303276062,294,0.28263622522354126,False,
249,141,140,1,206,oent_b11,orientation_entropy,1.178159236907959,224,0.34556135535240173,False,
250,140,139,1,22,std_b9,spectral_statistics,1.7435452938079834,165,0.4047827124595642,False,
251,139,138,1,376,oent2_b12,orientation_entropy_scale2,0.7674931883811951,309,0.26905420422554016,False,
252,138,137,1,227,hog0_b4_o3,orientation_histogram,0.807374894618988,153,0.4145679175853729,False,
253,137,136,1,100,g0mean_b9,multiscale_gradients,1.0380877256393433,114,0.4809528887271881,False,
254,136,135,1,321,lbp2uni_pan,lbp,1.2518928050994873,50,0.6689949035644531,False,
255,135,134,1,119,g1mean_b2,multiscale_gradients,1.328256607055664,90,0.5427847504615784,False,
256,134,133,1,49,p25_b10,spectral_statistics,1.3669265508651733,91,0.5424783825874329,False,
257,133,132,1,71,p75_b6,spectral_statistics,1.3555808067321777,199,0.37370169162750244,False,
258,132,131,1,70,p75_b5,spectral_statistics,1.2757211923599243,239,0.3332948684692383,False,
259,131,130,1,147,g2mean_b4,multiscale_gradients,1.394295573234558,200,0.37323838472366333,False,
260,130,129,1,115,g0std_b11,multiscale_gradients,1.3966573476791382,174,0.3992217779159546,False,
261,129,128,1,34,p10_b8,spectral_statistics,1.3954640626907349,228,0.34478428959846497,False,
262,128,127,1,134,g1std_b4,multiscale_gradients,1.431118369102478,128,0.4568179249763489,False,
263,127,126,1,25,std_b12,spectral_statistics,0.859032154083252,251,0.3251294493675232,False,
264,126,125,1,84,p90_b6,spectral_statistics,1.279641032218933,274,0.3073967397212982,False,
265,125,124,1,146,g2mean_b3,multiscale_gradients,1.3859573602676392,116,0.4801374077796936,False,
266,124,123,1,21,std_b8,spectral_statistics,1.4371962547302246,108,0.494783490896225,False,
267,123,122,1,215,hog0_b1_o3,orientation_histogram,1.453285574913025,210,0.36583730578422546,False,
268,122,121,1,222,hog0_b3_o2,orientation_histogram,0.8735611438751221,286,0.2910301983356476,False,
269,121,120,1,218,hog0_b2_o2,orientation_histogram,1.0928966999053955,186,0.3901183605194092,False,
270,120,119,1,219,hog0_b2_o3,orientation_histogram,1.3258332014083862,105,0.49748939275741577,False,
271,119,118,1,163,g2std_b7,multiscale_gradients,1.4218792915344238,241,0.3302340507507324,False,
272,118,117,1,295,ixgs_ndbi,index_texture,1.4237889051437378,79,0.581501305103302,False,
273,117,116,1,309,linepl_ndvi,hough_lines,0.8798794746398926,120,0.47412145137786865,False,
274,116,115,1,28,p10_b2,spectral_statistics,1.4304282665252686,112,0.48305001854896545,False,
275,115,114,1,350,ix2gm_ndvi,index_texture_scale2,1.469966173171997,35,0.7321142554283142,False,
276,114,113,1,353,ix2gm_ndmi,index_texture_scale2,1.4601168632507324,134,0.44806456565856934,False,
277,113,112,1,164,g2std_b8,multiscale_gradients,1.4778285026550293,155,0.4113556742668152,False,
278,112,111,1,69,p75_b4,spectral_statistics,0.9509814381599426,109,0.4850824177265167,False,
279,111,110,1,293,ixgs_ndvi,index_texture,1.5293617248535156,32,0.7433376908302307,False,
280,110,109,1,362,xcorr_b7_b12,cross_band_correlation,1.5417581796646118,183,0.3937560021877289,False,
281,109,108,1,149,g2mean_b6,multiscale_gradients,1.5381839275360107,203,0.37136733531951904,False,
282,108,107,1,52,p50_b0,spectral_statistics,1.5867947340011597,138,0.4405491054058075,False,
283,107,106,1,66,p75_b1,spectral_statistics,1.578628659248352,115,0.4808278977870941,False,
284,106,105,1,315,corn2mag_pan,harris_corners,1.606008768081665,28,0.7851888537406921,False,
285,105,104,1,360,xcorr_b3_b11,cross_band_correlation,1.591983675956726,43,0.70921391248703,False,
286,104,103,1,314,corn2frac_pan,harris_corners,1.566895842552185,24,0.8248787522315979,False,
287,103,102,1,344,ix2std_ndvi,index_texture_scale2,1.6352497339248657,164,0.4048347473144531,False,
288,102,101,1,355,ix2gm_bsi,index_texture_scale2,1.6846891641616821,57,0.6432186961174011,False,
289,101,100,1,127,g1mean_b10,multiscale_gradients,1.6698321104049683,46,0.6980249881744385,False,
290,100,99,1,43,p25_b4,spectral_statistics,1.7091535329818726,180,0.3944333493709564,False,
291,99,98,1,3,mean_b3,spectral_statistics,1.6543148756027222,72,0.5953352451324463,False,
292,98,97,1,363,xcorr_b11_b12,cross_band_correlation,1.6836564540863037,152,0.4149519205093384,False,
293,97,96,1,181,coh0_b12,coherence,1.7014623880386353,94,0.5252237915992737,False,
294,96,95,1,322,lbp2ent_ndvi,lbp,1.6516776084899902,10,0.945219099521637,False,
295,95,94,1,313,linet3_ndbi,hough_lines,2.0136334896087646,141,0.43003106117248535,False,
296,94,93,1,364,oent2_b0,orientation_entropy_scale2,1.6704561710357666,86,0.5489757061004639,False,
297,93,92,1,88,p90_b10,spectral_statistics,1.7077151536941528,64,0.6135808825492859,False,
298,92,91,1,161,g2std_b5,multiscale_gradients,1.7734228372573853,223,0.35261300206184387,False,
299,91,90,1,89,p90_b11,spectral_statistics,1.807931900024414,98,0.5089847445487976,False,
300,90,89,1,180,coh0_b11,coherence,1.827444314956665,147,0.4276314973831177,False,
301,89,88,1,195,oent_b0,orientation_entropy,1.8719449043273926,73,0.5942260026931763,False,
302,88,87,1,200,oent_b5,orientation_entropy,2.0502452850341797,172,0.4003312289714813,False,
303,87,86,1,143,g2mean_b0,multiscale_gradients,2.257422685623169,75,0.5906831622123718,False,
304,86,85,1,168,g2std_b12,multiscale_gradients,2.354339599609375,231,0.34235790371894836,False,
305,85,84,1,319,corn2mag_ndbi,harris_corners,2.45259952545166,9,0.9648243188858032,False,
306,84,83,1,320,lbp2ent_pan,lbp,2.501375436782837,16,0.8909532427787781,False,
307,83,82,1,85,p90_b7,spectral_statistics,2.340599775314331,289,0.2855924367904663,False,
308,82,81,1,39,p25_b0,spectral_statistics,2.4695563316345215,157,0.409422904253006,False,
309,81,80,1,198,oent_b3,orientation_entropy,2.4910426139831543,49,0.6752898693084717,False,
310,80,79,1,304,ixspr_bsi,index_texture,2.6511828899383545,292,0.28431379795074463,False,
311,79,78,1,347,ix2std_ndmi,index_texture_scale2,3.026179790496826,227,0.3451714813709259,False,
312,78,77,1,324,lbp2ent_ndbi,lbp,3.2706847190856934,21,0.8408199548721313,False,
313,77,76,1,310,linet3_ndvi,hough_lines,2.583252429962158,20,0.8473644852638245,False,
314,76,75,1,361,xcorr_b2_b3,cross_band_correlation,3.126859426498413,70,0.6000468134880066,False,
315,75,74,1,357,xcorr_b2_b7,cross_band_correlation,1.5040242671966553,192,0.3853471577167511,False,
316,74,73,1,275,xcorr_b1_b7,cross_band,3.256354808807373,37,0.7254520654678345,False,
317,73,72,1,166,g2std_b10,multiscale_gradients,3.6382927894592285,212,0.3632737696170807,False,
318,72,71,1,155,g2mean_b12,multiscale_gradients,3.733389377593994,167,0.40196362137794495,False,
319,71,70,1,203,oent_b8,orientation_entropy,3.696770668029785,146,0.4278887212276459,False,
320,70,69,1,73,p75_b8,spectral_statistics,3.7197229862213135,148,0.4227250814437866,False,
321,69,68,1,76,p75_b11,spectral_statistics,2.4946177005767822,65,0.612693190574646,False,
322,68,67,1,10,mean_b10,spectral_statistics,2.847301959991455,77,0.5823925137519836,False,
323,67,66,1,120,g1mean_b3,multiscale_gradients,1.9900877475738525,63,0.6144583225250244,False,
324,66,65,1,111,g0std_b7,multiscale_gradients,2.8860154151916504,15,0.9031245708465576,False,
325,65,64,1,55,p50_b3,spectral_statistics,2.068074941635132,71,0.59608393907547,False,
326,64,63,1,18,std_b5,spectral_statistics,2.842130184173584,163,0.40570104122161865,False,
327,63,62,1,296,ixgs_ndmi,index_texture,2.0101449489593506,80,0.581501305103302,False,
328,62,61,1,107,g0std_b3,multiscale_gradients,2.052438259124756,145,0.42856109142303467,False,
329,61,60,1,106,g0std_b2,multiscale_gradients,2.2726974487304688,100,0.5087982416152954,False,
330,60,59,1,58,p50_b6,spectral_statistics,2.7331080436706543,97,0.5104832053184509,False,
331,59,58,1,303,ixspr_nbr,index_texture,2.121317148208618,122,0.4712384343147278,False,
332,58,57,1,197,oent_b2,orientation_entropy,2.8919334411621094,45,0.7033809423446655,False,
333,57,56,1,196,oent_b1,orientation_entropy,2.8021531105041504,54,0.653012752532959,False,
334,56,55,1,336,sslope2_ndvi,spectral_slope,3.9257633686065674,8,1.041045069694519,False,
335,55,54,1,325,lbp2uni_ndbi,lbp,3.766343116760254,2,1.4743207693099976,False,
336,54,53,1,317,corn2mag_ndvi,harris_corners,4.455018520355225,3,1.1684191226959229,False,
337,53,52,1,202,oent_b7,orientation_entropy,4.212948799133301,25,0.8144790530204773,False,
338,52,51,1,371,oent2_b7,orientation_entropy_scale2,2.6368229389190674,144,0.4288546144962311,False,
339,51,50,1,131,g1std_b1,multiscale_gradients,5.4470038414001465,40,0.7139708399772644,False,
340,50,49,1,305,linepf_pan,hough_lines,5.181743621826172,178,0.39545002579689026,False,
341,49,48,1,307,linet3_pan,hough_lines,2.971517562866211,68,0.6006942987442017,False,
342,48,47,1,50,p25_b11,spectral_statistics,4.570739269256592,29,0.774044394493103,False,
343,47,46,1,289,ixgm_ndbi,index_texture,4.649006366729736,92,0.5398425459861755,False,
344,46,45,1,54,p50_b2,spectral_statistics,5.153213977813721,106,0.4972524642944336,False,
345,45,44,1,37,p10_b11,spectral_statistics,5.130421161651611,55,0.6527904272079468,False,
346,44,43,1,15,std_b2,spectral_statistics,5.116695880889893,156,0.4109340012073517,False,
347,43,42,1,17,std_b4,spectral_statistics,4.591878890991211,53,0.6635095477104187,False,
348,42,41,1,108,g0std_b4,multiscale_gradients,2.701660394668579,117,0.47876250743865967,False,
349,41,40,1,53,p50_b1,spectral_statistics,3.7839555740356445,76,0.5879712700843811,False,
350,40,39,1,29,p10_b3,spectral_statistics,5.375794410705566,17,0.8867477178573608,False,
351,39,38,1,318,corn2frac_ndbi,harris_corners,5.969184398651123,5,1.1162737607955933,False,
352,38,37,1,356,xcorr_b3_b7,cross_band_correlation,7.274542331695557,219,0.3581027388572693,False,
353,37,36,1,358,xcorr_b1_b7,cross_band_correlation,2.3804521560668945,38,0.7254520654678345,False,
354,36,35,1,354,ix2gm_nbr,index_texture_scale2,5.53633975982666,85,0.5522366166114807,False,
355,35,34,1,26,p10_b0,spectral_statistics,6.471161842346191,84,0.5602155923843384,False,
356,34,33,1,102,g0mean_b11,multiscale_gradients,4.441113471984863,259,0.31916508078575134,False,
357,33,32,1,36,p10_b10,spectral_statistics,6.705249309539795,30,0.7612546682357788,False,
358,32,31,1,32,p10_b6,spectral_statistics,7.7363409996032715,184,0.3936734199523926,False,
359,31,30,1,65,p75_b0,spectral_statistics,8.246530532836914,125,0.4667474031448364,False,
360,30,29,1,348,ix2std_nbr,index_texture_scale2,8.122735023498535,56,0.649905800819397,False,
361,29,28,1,292,ixgm_bsi,index_texture,5.786465644836426,22,0.8397448658943176,False,
362,28,27,1,40,p25_b1,spectral_statistics,6.253416538238525,126,0.4661614000797272,False,
363,27,26,1,42,p25_b3,spectral_statistics,6.402903079986572,58,0.6274226903915405,False,
364,26,25,1,30,p10_b4,spectral_statistics,6.231655597686768,107,0.49597325921058655,False,
365,25,24,1,92,g0mean_b1,multiscale_gradients,7.130678176879883,11,0.9436782598495483,False,
366,24,23,1,298,ixgs_bsi,index_texture,7.402668476104736,23,0.8389500379562378,False,
367,23,22,1,98,g0mean_b7,multiscale_gradients,7.993205547332764,27,0.792030394077301,False,
368,22,21,1,297,ixgs_nbr,index_texture,8.48128604888916,7,1.0644303560256958,False,
369,21,20,1,290,ixgm_ndmi,index_texture,5.954664707183838,93,0.5398425459861755,False,
370,20,19,1,79,p90_b1,spectral_statistics,8.369467735290527,95,0.5243341326713562,False,
371,19,18,1,41,p25_b2,spectral_statistics,6.586001873016357,26,0.796413242816925,False,
372,18,17,1,316,corn2frac_ndvi,harris_corners,8.889599800109863,1,1.846718668937683,False,
373,17,16,1,105,g0std_b1,multiscale_gradients,9.113272666931152,39,0.7218754291534424,False,
374,16,15,1,63,p50_b11,spectral_statistics,10.042726516723633,51,0.6669872403144836,False,
375,15,14,1,101,g0mean_b10,multiscale_gradients,11.311590194702148,36,0.7278428673744202,False,
376,14,13,1,153,g2mean_b10,multiscale_gradients,5.587935447692871,48,0.691356360912323,False,
377,13,12,1,94,g0mean_b3,multiscale_gradients,10.66825008392334,12,0.9317141175270081,False,
378,12,11,1,95,g0mean_b4,multiscale_gradients,10.77160358428955,281,0.3042456805706024,False,
379,11,10,1,287,ixgm_ndvi,index_texture,8.748778343200684,4,1.1421738862991333,False,
380,10,9,1,75,p75_b10,spectral_statistics,11.564799308776855,61,0.6199620962142944,False,
381,9,8,1,68,p75_b3,spectral_statistics,11.727961540222168,47,0.6938785910606384,False,
382,8,7,1,44,p25_b5,spectral_statistics,10.338197708129883,143,0.4297293424606323,False,
383,7,6,1,45,p25_b6,spectral_statistics,10.202823638916016,123,0.4710727334022522,False,
384,6,5,1,288,ixgm_ndwi,index_texture,16.960067749023438,14,0.9165850877761841,False,
385,5,4,1,294,ixgs_ndwi,index_texture,9.008774757385254,6,1.095995545387268,False,
,4,4,,93,g0mean_b2,multiscale_gradients,,33,0.7374494075775146,True,53.41494369506836
,4,4,,118,g1mean_b1,multiscale_gradients,,18,0.8581609725952148,True,52.25349426269531
,4,4,,144,g2mean_b1,multiscale_gradients,,19,0.849816083908081,True,23.24212646484375
,4,4,,145,g2mean_b2,multiscale_gradients,,31,0.7515110373497009,True,31.239286422729492
