elimination_round,features_kept,reference_class_parameters,C,train_accuracy,validation_accuracy,test_accuracy,max_iterations_used
0,389,3510,0.1,0.9812345679012345,0.9668518518518519,0.9675925925925926,138
1,388,3501,0.1,0.9814197530864197,0.9666666666666667,0.9679629629629629,129
2,387,3492,0.1,0.981358024691358,0.9666666666666667,0.9685185185185186,131
3,386,3483,0.1,0.981358024691358,0.9668518518518519,0.9681481481481482,129
4,385,3474,0.1,0.9815432098765432,0.967037037037037,0.9679629629629629,140
5,384,3465,0.1,0.9815432098765432,0.9672222222222222,0.9683333333333334,142
6,383,3456,0.1,0.9814197530864197,0.967037037037037,0.9679629629629629,134
7,382,3447,0.1,0.9814814814814815,0.9672222222222222,0.9679629629629629,130
8,381,3438,0.1,0.9814197530864197,0.9672222222222222,0.9681481481481482,132
9,380,3429,0.1,0.9812345679012345,0.9674074074074074,0.9674074074074074,130
10,379,3420,0.3,0.9868518518518519,0.9668518518518519,0.9712962962962963,126
11,378,3411,0.1,0.9811728395061728,0.9674074074074074,0.9679629629629629,132
12,377,3402,0.1,0.981358024691358,0.9675925925925926,0.9683333333333334,143
13,376,3393,0.1,0.9812345679012345,0.9674074074074074,0.9679629629629629,142
14,375,3384,0.1,0.9811728395061728,0.967037037037037,0.9683333333333334,141
15,374,3375,0.1,0.9812345679012345,0.9674074074074074,0.9685185185185186,134
16,373,3366,0.1,0.981358024691358,0.9672222222222222,0.9683333333333334,134
17,372,3357,0.1,0.9811728395061728,0.9674074074074074,0.9677777777777777,141
18,371,3348,0.1,0.981358024691358,0.9675925925925926,0.9675925925925926,142
19,370,3339,0.1,0.9812345679012345,0.9672222222222222,0.9677777777777777,142
20,369,3330,0.1,0.980925925925926,0.9675925925925926,0.9681481481481482,131
21,368,3321,0.3,0.9869135802469136,0.9674074074074074,0.9712962962962963,129
22,367,3312,0.1,0.981358024691358,0.9672222222222222,0.9683333333333334,131
23,366,3303,0.1,0.9812962962962963,0.9675925925925926,0.9679629629629629,141
24,365,3294,0.1,0.9812345679012345,0.9674074074074074,0.9681481481481482,131
25,364,3285,0.1,0.9812345679012345,0.9674074074074074,0.9683333333333334,130
26,363,3276,0.1,0.9812345679012345,0.9668518518518519,0.9679629629629629,142
27,362,3267,0.1,0.9814197530864197,0.9674074074074074,0.9681481481481482,132
28,361,3258,0.1,0.9811111111111112,0.9672222222222222,0.9683333333333334,139
29,360,3249,0.1,0.9811728395061728,0.9674074074074074,0.9683333333333334,132
30,359,3240,0.1,0.9812962962962963,0.9672222222222222,0.9685185185185186,133
31,358,3231,0.1,0.9811111111111112,0.967037037037037,0.9683333333333334,127
32,357,3222,0.3,0.9869135802469136,0.9672222222222222,0.970925925925926,126
33,356,3213,0.1,0.9811111111111112,0.9672222222222222,0.9683333333333334,129
34,355,3204,0.3,0.9869753086419754,0.9674074074074074,0.9716666666666667,131
35,354,3195,0.1,0.9812345679012345,0.967037037037037,0.9683333333333334,139
36,353,3186,0.3,0.9861728395061728,0.9674074074074074,0.9718518518518519,123
37,352,3177,0.1,0.9809876543209877,0.9672222222222222,0.9685185185185186,123
38,351,3168,0.1,0.9808024691358025,0.965925925925926,0.9683333333333334,141
39,350,3159,0.1,0.9809876543209877,0.9664814814814815,0.9685185185185186,137
40,349,3150,0.1,0.9808024691358025,0.9666666666666667,0.9685185185185186,131
41,348,3141,0.1,0.9808641975308642,0.9662962962962963,0.9685185185185186,135
42,347,3132,0.1,0.9808024691358025,0.9666666666666667,0.9688888888888889,134
43,346,3123,0.1,0.980679012345679,0.9662962962962963,0.9692592592592593,136
44,345,3114,0.1,0.980925925925926,0.9668518518518519,0.9690740740740741,133
45,344,3105,0.1,0.9809876543209877,0.9666666666666667,0.9692592592592593,133
46,343,3096,0.1,0.9809876543209877,0.9662962962962963,0.9690740740740741,137
47,342,3087,0.3,0.9866049382716049,0.9666666666666667,0.9716666666666667,127
48,341,3078,1.0,0.9915432098765432,0.967037037037037,0.9711111111111111,139
49,340,3069,1.0,0.9916666666666667,0.9674074074074074,0.9716666666666667,153
50,339,3060,1.0,0.9916666666666667,0.9672222222222222,0.970925925925926,150
51,338,3051,1.0,0.9916049382716049,0.9675925925925926,0.9716666666666667,158
52,337,3042,1.0,0.9916666666666667,0.9674074074074074,0.9711111111111111,151
53,336,3033,1.0,0.9914197530864197,0.9672222222222222,0.9712962962962963,147
54,335,3024,0.1,0.9808024691358025,0.9668518518518519,0.9685185185185186,128
55,334,3015,0.3,0.9864197530864197,0.9668518518518519,0.970925925925926,128
56,333,3006,0.1,0.9810493827160494,0.9668518518518519,0.9685185185185186,128
57,332,2997,0.3,0.9866049382716049,0.967037037037037,0.970925925925926,132
58,331,2988,1.0,0.9914197530864197,0.967037037037037,0.9718518518518519,150
59,330,2979,0.3,0.9864197530864197,0.9666666666666667,0.970925925925926,134
60,329,2970,1.0,0.9915432098765432,0.9668518518518519,0.9722222222222222,162
61,328,2961,0.3,0.9862345679012345,0.9668518518518519,0.9711111111111111,136
62,327,2952,0.3,0.9859876543209877,0.967037037037037,0.970925925925926,129
63,326,2943,1.0,0.991358024691358,0.9675925925925926,0.9718518518518519,145
64,325,2934,0.3,0.9859259259259259,0.9668518518518519,0.9712962962962963,122
65,324,2925,0.3,0.9861111111111112,0.9677777777777777,0.972037037037037,135
66,323,2916,0.3,0.9859259259259259,0.9668518518518519,0.972037037037037,119
67,322,2907,1.0,0.9912962962962963,0.9675925925925926,0.970925925925926,157
68,321,2898,0.3,0.9861111111111112,0.9679629629629629,0.972037037037037,134
69,320,2889,0.3,0.9858641975308642,0.9668518518518519,0.9716666666666667,121
70,319,2880,0.3,0.9862345679012345,0.9672222222222222,0.9716666666666667,127
71,318,2871,0.3,0.9860493827160494,0.9674074074074074,0.9718518518518519,122
72,317,2862,0.3,0.9860493827160494,0.9681481481481482,0.972037037037037,130
73,316,2853,0.3,0.9859259259259259,0.9679629629629629,0.9722222222222222,131
74,315,2844,0.3,0.9859876543209877,0.9679629629629629,0.9722222222222222,126
75,314,2835,0.3,0.9859876543209877,0.9677777777777777,0.9724074074074074,130
76,313,2826,0.3,0.9861728395061728,0.9675925925925926,0.9712962962962963,121
77,312,2817,1.0,0.9906172839506173,0.9675925925925926,0.9711111111111111,145
78,311,2808,0.3,0.9857407407407407,0.9666666666666667,0.9716666666666667,121
79,310,2799,0.3,0.9860493827160494,0.9674074074074074,0.9718518518518519,133
80,309,2790,0.3,0.9859259259259259,0.9674074074074074,0.9714814814814815,123
81,308,2781,0.3,0.9858641975308642,0.9679629629629629,0.9716666666666667,130
82,307,2772,0.3,0.9860493827160494,0.9679629629629629,0.9716666666666667,120
83,306,2763,0.3,0.9860493827160494,0.9681481481481482,0.9716666666666667,126
84,305,2754,0.3,0.9858641975308642,0.9681481481481482,0.9718518518518519,127
85,304,2745,1.0,0.9903086419753087,0.9674074074074074,0.9714814814814815,138
86,303,2736,0.3,0.9858641975308642,0.9679629629629629,0.972037037037037,130
87,302,2727,0.3,0.9862345679012345,0.9674074074074074,0.9718518518518519,114
88,301,2718,0.3,0.9858024691358025,0.9677777777777777,0.9718518518518519,126
89,300,2709,0.3,0.9858641975308642,0.9681481481481482,0.9718518518518519,136
90,299,2700,0.3,0.9858024691358025,0.9672222222222222,0.9714814814814815,123
91,298,2691,1.0,0.9904938271604938,0.9675925925925926,0.9725925925925926,143
92,297,2682,0.3,0.9857407407407407,0.9677777777777777,0.9711111111111111,129
93,296,2673,0.3,0.9858641975308642,0.9677777777777777,0.9711111111111111,127
94,295,2664,0.3,0.9859259259259259,0.9679629629629629,0.9711111111111111,127
95,294,2655,0.3,0.9857407407407407,0.9677777777777777,0.9714814814814815,124
96,293,2646,0.3,0.9855555555555555,0.9675925925925926,0.9718518518518519,122
97,292,2637,0.1,0.9798765432098765,0.9668518518518519,0.9703703703703703,126
98,291,2628,0.3,0.9856172839506173,0.9672222222222222,0.9716666666666667,132
99,290,2619,0.3,0.9855555555555555,0.9681481481481482,0.9714814814814815,119
100,289,2610,0.3,0.9857407407407407,0.9681481481481482,0.9718518518518519,124
101,288,2601,0.3,0.9855555555555555,0.9679629629629629,0.9718518518518519,124
102,287,2592,0.3,0.985679012345679,0.9687037037037037,0.9725925925925926,128
103,286,2583,0.3,0.9857407407407407,0.9687037037037037,0.9724074074074074,113
104,285,2574,0.3,0.9856172839506173,0.9688888888888889,0.9729629629629629,123
105,284,2565,0.3,0.9858024691358025,0.9696296296296296,0.9722222222222222,132
106,283,2556,0.3,0.9858024691358025,0.9692592592592593,0.9725925925925926,131
107,282,2547,0.3,0.9859259259259259,0.9694444444444444,0.9724074074074074,122
108,281,2538,0.3,0.985679012345679,0.9681481481481482,0.9729629629629629,126
109,280,2529,0.3,0.9853703703703703,0.9681481481481482,0.9729629629629629,105
110,279,2520,0.3,0.9853703703703703,0.9683333333333334,0.9733333333333334,112
111,278,2511,0.3,0.985246913580247,0.9690740740740741,0.9737037037037037,120
112,277,2502,0.3,0.9853086419753087,0.9685185185185186,0.9737037037037037,123
113,276,2493,0.3,0.9853703703703703,0.9679629629629629,0.9731481481481481,115
114,275,2484,0.3,0.9854938271604938,0.9688888888888889,0.9727777777777777,114
115,274,2475,0.3,0.9851851851851852,0.9685185185185186,0.9729629629629629,119
116,273,2466,0.3,0.9854938271604938,0.9683333333333334,0.9727777777777777,126
117,272,2457,0.3,0.9851851851851852,0.9681481481481482,0.9725925925925926,123
118,271,2448,0.3,0.9851234567901235,0.9687037037037037,0.9727777777777777,122
119,270,2439,0.3,0.9854320987654321,0.9694444444444444,0.9727777777777777,120
120,269,2430,0.3,0.9851851851851852,0.9687037037037037,0.9725925925925926,125
121,268,2421,0.3,0.9853703703703703,0.9687037037037037,0.9718518518518519,112
122,267,2412,0.3,0.9853086419753087,0.9692592592592593,0.9725925925925926,117
123,266,2403,0.3,0.9851851851851852,0.9690740740740741,0.9731481481481481,115
124,265,2394,1.0,0.9896913580246913,0.9683333333333334,0.9724074074074074,145
125,264,2385,0.3,0.9850617283950617,0.9688888888888889,0.9737037037037037,123
126,263,2376,0.3,0.985246913580247,0.9685185185185186,0.9738888888888889,127
127,262,2367,0.3,0.9851851851851852,0.9698148148148148,0.9735185185185186,114
128,261,2358,0.3,0.9849382716049383,0.9687037037037037,0.9733333333333334,130
129,260,2349,0.3,0.9846913580246913,0.9690740740740741,0.9733333333333334,119
130,259,2340,0.3,0.9849382716049383,0.9690740740740741,0.9731481481481481,119
131,258,2331,0.3,0.9847530864197531,0.9685185185185186,0.9729629629629629,112
132,257,2322,0.3,0.9848765432098765,0.9685185185185186,0.9725925925925926,118
133,256,2313,0.3,0.9848765432098765,0.9685185185185186,0.9738888888888889,122
134,255,2304,1.0,0.9892592592592593,0.9690740740740741,0.9724074074074074,141
135,254,2295,1.0,0.9890740740740741,0.9688888888888889,0.972037037037037,145
136,253,2286,0.3,0.9846296296296296,0.9692592592592593,0.9735185185185186,118
137,252,2277,1.0,0.9892592592592593,0.9696296296296296,0.9724074074074074,145
138,251,2268,0.3,0.9842592592592593,0.9690740740740741,0.9735185185185186,121
139,250,2259,0.3,0.9843827160493828,0.9694444444444444,0.9731481481481481,118
140,249,2250,0.3,0.9840123456790123,0.9698148148148148,0.9733333333333334,118
141,248,2241,0.3,0.9841358024691358,0.97,0.9729629629629629,123
142,247,2232,1.0,0.9888271604938271,0.9694444444444444,0.9731481481481481,141
143,246,2223,0.3,0.9840740740740741,0.9696296296296296,0.9731481481481481,118
144,245,2214,0.3,0.9839506172839506,0.9696296296296296,0.9733333333333334,119
145,244,2205,1.0,0.9890740740740741,0.9692592592592593,0.9738888888888889,137
146,243,2196,1.0,0.9890123456790123,0.9698148148148148,0.9737037037037037,143
147,242,2187,0.3,0.9838271604938271,0.9698148148148148,0.9735185185185186,122
148,241,2178,0.3,0.9838271604938271,0.97,0.9729629629629629,121
149,240,2169,0.3,0.9838271604938271,0.97,0.9731481481481481,124
150,239,2160,0.3,0.983641975308642,0.9692592592592593,0.9725925925925926,127
151,238,2151,1.0,0.9885802469135803,0.9701851851851852,0.9731481481481481,140
152,237,2142,1.0,0.9887037037037038,0.9692592592592593,0.9738888888888889,145
153,236,2133,0.3,0.9838888888888889,0.9690740740740741,0.9729629629629629,122
154,235,2124,1.0,0.988641975308642,0.9694444444444444,0.9724074074074074,146
155,234,2115,1.0,0.9883333333333333,0.9707407407407408,0.9722222222222222,139
156,233,2106,1.0,0.988641975308642,0.9688888888888889,0.9712962962962963,135
157,232,2097,1.0,0.9880864197530864,0.9687037037037037,0.9718518518518519,131
158,231,2088,1.0,0.9885802469135803,0.9692592592592593,0.9701851851851852,143
159,230,2079,1.0,0.9888888888888889,0.9690740740740741,0.9703703703703703,144
160,229,2070,1.0,0.9881481481481481,0.9683333333333334,0.9714814814814815,133
161,228,2061,1.0,0.9881481481481481,0.9694444444444444,0.9711111111111111,143
162,227,2052,1.0,0.9877777777777778,0.9690740740740741,0.9712962962962963,154
163,226,2043,1.0,0.9878395061728396,0.9674074074074074,0.9714814814814815,141
164,225,2034,1.0,0.9879012345679012,0.9685185185185186,0.9712962962962963,142
165,224,2025,1.0,0.9874691358024691,0.9677777777777777,0.9707407407407408,127
166,223,2016,1.0,0.9878395061728396,0.9688888888888889,0.9712962962962963,144
167,222,2007,1.0,0.9875308641975309,0.9679629629629629,0.9711111111111111,136
168,221,1998,1.0,0.9874074074074074,0.9679629629629629,0.9711111111111111,141
169,220,1989,1.0,0.9872839506172839,0.9681481481481482,0.9712962962962963,139
170,219,1980,1.0,0.9874074074074074,0.9679629629629629,0.9711111111111111,140
171,218,1971,1.0,0.9872222222222222,0.9687037037037037,0.970925925925926,140
172,217,1962,1.0,0.9869135802469136,0.9692592592592593,0.9707407407407408,141
173,216,1953,1.0,0.9873456790123457,0.9690740740740741,0.9705555555555555,143
174,215,1944,1.0,0.9873456790123457,0.9690740740740741,0.9705555555555555,141
175,214,1935,1.0,0.9869753086419754,0.9687037037037037,0.970925925925926,136
176,213,1926,1.0,0.9870987654320987,0.9690740740740741,0.9701851851851852,143
177,212,1917,1.0,0.9871604938271605,0.9687037037037037,0.9698148148148148,142
178,211,1908,1.0,0.9873456790123457,0.9690740740740741,0.97,138
179,210,1899,1.0,0.9868518518518519,0.9692592592592593,0.9703703703703703,132
180,209,1890,1.0,0.9867901234567901,0.9692592592592593,0.9698148148148148,132
181,208,1881,1.0,0.987037037037037,0.9694444444444444,0.9701851851851852,139
182,207,1872,1.0,0.9864814814814815,0.9696296296296296,0.97,128
183,206,1863,1.0,0.9867283950617284,0.9690740740740741,0.9696296296296296,142
184,205,1854,1.0,0.9862962962962963,0.9694444444444444,0.9707407407407408,152
185,204,1845,1.0,0.9864197530864197,0.9687037037037037,0.97,137
186,203,1836,1.0,0.9858024691358025,0.9685185185185186,0.9703703703703703,142
187,202,1827,1.0,0.9859876543209877,0.9687037037037037,0.9703703703703703,143
188,201,1818,1.0,0.9858641975308642,0.9687037037037037,0.9701851851851852,141
189,200,1809,1.0,0.9860493827160494,0.9690740740740741,0.970925925925926,129
190,199,1800,1.0,0.9858641975308642,0.9685185185185186,0.9707407407407408,136
191,198,1791,1.0,0.9859259259259259,0.9681481481481482,0.9714814814814815,142
192,197,1782,1.0,0.9853086419753087,0.9690740740740741,0.9711111111111111,136
193,196,1773,1.0,0.9861111111111112,0.9683333333333334,0.970925925925926,143
194,195,1764,1.0,0.9858024691358025,0.9685185185185186,0.9711111111111111,146
195,194,1755,1.0,0.9855555555555555,0.9679629629629629,0.9714814814814815,148
196,193,1746,1.0,0.9851851851851852,0.9672222222222222,0.9687037037037037,143
197,192,1737,3.0,0.9891975308641975,0.9675925925925926,0.9685185185185186,185
198,191,1728,0.3,0.9803086419753086,0.9674074074074074,0.9688888888888889,113
199,190,1719,0.3,0.9803703703703703,0.9672222222222222,0.9687037037037037,116
200,189,1710,3.0,0.9892592592592593,0.9677777777777777,0.9675925925925926,178
201,188,1701,1.0,0.9850617283950617,0.9672222222222222,0.9696296296296296,128
202,187,1692,0.3,0.9803703703703703,0.9674074074074074,0.9688888888888889,113
203,186,1683,0.3,0.9803086419753086,0.9674074074074074,0.9690740740740741,111
204,185,1674,3.0,0.9891975308641975,0.9674074074074074,0.9683333333333334,178
205,184,1665,3.0,0.9891975308641975,0.9674074074074074,0.9683333333333334,173
206,183,1656,1.0,0.9841358024691358,0.9674074074074074,0.9672222222222222,144
207,182,1647,1.0,0.9835802469135803,0.9672222222222222,0.9679629629629629,134
208,181,1638,1.0,0.9839506172839506,0.9674074074074074,0.9674074074074074,144
209,180,1629,1.0,0.9838271604938271,0.9674074074074074,0.9672222222222222,146
210,179,1620,3.0,0.9876543209876543,0.9672222222222222,0.9675925925925926,180
211,178,1611,1.0,0.9834567901234568,0.9662962962962963,0.9685185185185186,126
212,177,1602,3.0,0.9877160493827161,0.967037037037037,0.9681481481481482,202
213,176,1593,1.0,0.983641975308642,0.9664814814814815,0.9681481481481482,134
214,175,1584,1.0,0.9835185185185186,0.9662962962962963,0.9672222222222222,139
215,174,1575,1.0,0.9837037037037037,0.9681481481481482,0.9675925925925926,144
216,173,1566,1.0,0.9835185185185186,0.967037037037037,0.9674074074074074,144
217,172,1557,1.0,0.9833950617283951,0.9672222222222222,0.967037037037037,137
218,171,1548,1.0,0.9832098765432099,0.9666666666666667,0.9672222222222222,135
219,170,1539,1.0,0.9833333333333333,0.9668518518518519,0.9679629629629629,147
220,169,1530,1.0,0.9834567901234568,0.9668518518518519,0.9675925925925926,130
221,168,1521,1.0,0.9833333333333333,0.9668518518518519,0.9679629629629629,139
222,167,1512,1.0,0.9833950617283951,0.9664814814814815,0.9683333333333334,137
223,166,1503,1.0,0.9829012345679012,0.9661111111111111,0.9685185185185186,140
224,165,1494,1.0,0.9831481481481481,0.965925925925926,0.9681481481481482,136
225,164,1485,1.0,0.9827777777777778,0.9657407407407408,0.9687037037037037,135
226,163,1476,1.0,0.9833950617283951,0.9655555555555555,0.9687037037037037,139
227,162,1467,1.0,0.9833333333333333,0.9653703703703703,0.9687037037037037,140
228,161,1458,1.0,0.9833333333333333,0.9655555555555555,0.9688888888888889,137
229,160,1449,1.0,0.9830246913580247,0.9664814814814815,0.97,144
230,159,1440,3.0,0.9867283950617284,0.9666666666666667,0.9692592592592593,173
231,158,1431,1.0,0.9829012345679012,0.9666666666666667,0.9690740740740741,138
232,157,1422,1.0,0.9830246913580247,0.967037037037037,0.9683333333333334,132
233,156,1413,0.3,0.9788888888888889,0.9668518518518519,0.9664814814814815,104
234,155,1404,1.0,0.9829012345679012,0.967037037037037,0.9690740740740741,144
235,154,1395,1.0,0.9823456790123457,0.965925925925926,0.9681481481481482,139
236,153,1386,1.0,0.9823456790123457,0.9657407407407408,0.9685185185185186,148
237,152,1377,1.0,0.9827160493827161,0.9664814814814815,0.9687037037037037,143
238,151,1368,1.0,0.9825925925925926,0.9664814814814815,0.9687037037037037,139
239,150,1359,1.0,0.9827160493827161,0.9666666666666667,0.9683333333333334,137
240,149,1350,1.0,0.9825308641975309,0.9661111111111111,0.9681481481481482,142
241,148,1341,1.0,0.9827777777777778,0.9646296296296296,0.9677777777777777,145
242,147,1332,1.0,0.9819135802469136,0.9674074074074074,0.9679629629629629,140
243,146,1323,3.0,0.9856172839506173,0.9662962962962963,0.9690740740740741,185
244,145,1314,0.3,0.9776543209876544,0.9664814814814815,0.9664814814814815,114
245,144,1305,1.0,0.9819135802469136,0.9662962962962963,0.9675925925925926,127
246,143,1296,3.0,0.9853703703703703,0.9657407407407408,0.9688888888888889,168
247,142,1287,1.0,0.9814197530864197,0.9651851851851851,0.9685185185185186,147
248,141,1278,1.0,0.981358024691358,0.965,0.9679629629629629,143
249,140,1269,3.0,0.984320987654321,0.9638888888888889,0.9694444444444444,184
250,139,1260,0.3,0.9770987654320987,0.9640740740740741,0.9657407407407408,116
251,138,1251,0.3,0.9770987654320987,0.9644444444444444,0.9655555555555555,110
252,137,1242,1.0,0.9804938271604938,0.9642592592592593,0.9681481481481482,139
253,136,1233,1.0,0.980246913580247,0.9651851851851851,0.9688888888888889,137
254,135,1224,1.0,0.9799382716049383,0.9648148148148148,0.9687037037037037,138
255,134,1215,1.0,0.9803703703703703,0.9648148148148148,0.9681481481481482,140
256,133,1206,1.0,0.980246913580247,0.9648148148148148,0.9687037037037037,137
257,132,1197,1.0,0.98,0.9655555555555555,0.9681481481481482,133
258,131,1188,1.0,0.9801234567901235,0.9651851851851851,0.9687037037037037,142
259,130,1179,1.0,0.9798148148148148,0.9655555555555555,0.9679629629629629,135
260,129,1170,1.0,0.98,0.9644444444444444,0.9683333333333334,133
261,128,1161,1.0,0.9798765432098765,0.9648148148148148,0.9685185185185186,132
262,127,1152,0.3,0.9760493827160494,0.9646296296296296,0.9662962962962963,120
263,126,1143,1.0,0.9798148148148148,0.9644444444444444,0.9683333333333334,145
264,125,1134,1.0,0.9798765432098765,0.9648148148148148,0.9681481481481482,131
265,124,1125,1.0,0.98,0.9653703703703703,0.9683333333333334,142
266,123,1116,1.0,0.9797530864197531,0.9648148148148148,0.9690740740740741,134
267,122,1107,0.3,0.9753086419753086,0.9648148148148148,0.9666666666666667,111
268,121,1098,1.0,0.9789506172839506,0.9653703703703703,0.9692592592592593,139
269,120,1089,3.0,0.9824074074074074,0.9655555555555555,0.9711111111111111,183
270,119,1080,1.0,0.9782716049382716,0.9662962962962963,0.9683333333333334,125
271,118,1071,1.0,0.9784567901234568,0.9662962962962963,0.9687037037037037,140
272,117,1062,0.3,0.9737654320987654,0.9653703703703703,0.9664814814814815,113
273,116,1053,1.0,0.9773456790123457,0.9661111111111111,0.9683333333333334,135
274,115,1044,1.0,0.9783950617283951,0.9655555555555555,0.9679629629629629,141
275,114,1035,1.0,0.9779629629629629,0.9655555555555555,0.9679629629629629,135
276,113,1026,1.0,0.9783950617283951,0.9657407407407408,0.9687037037037037,124
277,112,1017,0.3,0.9737654320987654,0.9657407407407408,0.9668518518518519,117
278,111,1008,1.0,0.9782098765432099,0.965925925925926,0.9679629629629629,140
279,110,999,1.0,0.9776543209876544,0.9664814814814815,0.9675925925925926,137
280,109,990,1.0,0.9781481481481481,0.9664814814814815,0.9672222222222222,135
281,108,981,1.0,0.9776543209876544,0.9662962962962963,0.9675925925925926,124
282,107,972,1.0,0.9780864197530864,0.9662962962962963,0.9672222222222222,134
283,106,963,1.0,0.9778395061728395,0.9661111111111111,0.9679629629629629,132
284,105,954,1.0,0.9776543209876544,0.967037037037037,0.9679629629629629,138
285,104,945,1.0,0.9776543209876544,0.9666666666666667,0.9672222222222222,138
286,103,936,1.0,0.9776543209876544,0.9674074074074074,0.9674074074074074,129
287,102,927,1.0,0.9774074074074074,0.9666666666666667,0.9662962962962963,121
288,101,918,1.0,0.9770987654320987,0.9664814814814815,0.9661111111111111,129
289,100,909,1.0,0.9778395061728395,0.9672222222222222,0.967037037037037,129
290,99,900,1.0,0.9776543209876544,0.9672222222222222,0.9674074074074074,124
291,98,891,1.0,0.9775925925925926,0.9666666666666667,0.9672222222222222,134
292,97,882,1.0,0.9780246913580247,0.9677777777777777,0.9668518518518519,135
293,96,873,1.0,0.977037037037037,0.9668518518518519,0.9672222222222222,124
294,95,864,3.0,0.980679012345679,0.9657407407407408,0.9679629629629629,172
295,94,855,1.0,0.9759876543209877,0.9657407407407408,0.9661111111111111,131
296,93,846,1.0,0.9762345679012345,0.9661111111111111,0.9662962962962963,132
297,92,837,1.0,0.9766049382716049,0.9657407407407408,0.9664814814814815,138
298,91,828,1.0,0.976358024691358,0.9655555555555555,0.9661111111111111,129
299,90,819,1.0,0.9761111111111112,0.9662962962962963,0.9661111111111111,129
300,89,810,3.0,0.9785185185185186,0.965,0.9674074074074074,168
301,88,801,3.0,0.9777777777777777,0.9653703703703703,0.9653703703703703,159
302,87,792,3.0,0.9775308641975309,0.9642592592592593,0.965925925925926,169
303,86,783,3.0,0.9774691358024692,0.9644444444444444,0.9651851851851851,161
304,85,774,3.0,0.9768518518518519,0.9653703703703703,0.965925925925926,152
305,84,765,3.0,0.9775308641975309,0.9651851851851851,0.9653703703703703,160
306,83,756,3.0,0.9768518518518519,0.965,0.9655555555555555,169
307,82,747,3.0,0.9764814814814815,0.965,0.9644444444444444,164
308,81,738,3.0,0.9764197530864197,0.9655555555555555,0.9644444444444444,153
309,80,729,3.0,0.9764814814814815,0.9666666666666667,0.9646296296296296,162
310,79,720,10.0,0.9790123456790123,0.9657407407407408,0.9640740740740741,227
311,78,711,10.0,0.9787654320987654,0.9644444444444444,0.9644444444444444,229
312,77,702,3.0,0.9754320987654321,0.9646296296296296,0.9627777777777777,153
313,76,693,10.0,0.9768518518518519,0.9622222222222222,0.9633333333333334,231
314,75,684,1.0,0.9722839506172839,0.9616666666666667,0.9629629629629629,130
315,74,675,10.0,0.9772839506172839,0.9627777777777777,0.965,229
316,73,666,10.0,0.9765432098765432,0.9624074074074074,0.9637037037037037,210
317,72,657,10.0,0.9771604938271605,0.9629629629629629,0.9642592592592593,235
318,71,648,10.0,0.9767283950617284,0.9642592592592593,0.9631481481481482,239
319,70,639,10.0,0.9769135802469135,0.9638888888888889,0.9624074074074074,220
320,69,630,3.0,0.9725308641975309,0.962037037037037,0.9605555555555556,179
321,68,621,3.0,0.9724074074074074,0.9611111111111111,0.9614814814814815,182
322,67,612,1.0,0.9696913580246913,0.9611111111111111,0.9607407407407408,135
323,66,603,3.0,0.9729629629629629,0.962037037037037,0.9611111111111111,192
324,65,594,1.0,0.9701234567901235,0.9612962962962963,0.9594444444444444,132
325,64,585,3.0,0.9725925925925926,0.960925925925926,0.9605555555555556,169
326,63,576,1.0,0.9691975308641976,0.9605555555555556,0.9614814814814815,143
327,62,567,1.0,0.9687654320987654,0.9605555555555556,0.960925925925926,133
328,61,558,3.0,0.9718518518518519,0.9614814814814815,0.9592592592592593,171
329,60,549,3.0,0.9717901234567902,0.960925925925926,0.9598148148148148,160
330,59,540,1.0,0.9681481481481482,0.9611111111111111,0.960925925925926,126
331,58,531,3.0,0.9715432098765432,0.9625925925925926,0.9603703703703703,165
332,57,522,3.0,0.9705555555555555,0.9612962962962963,0.9590740740740741,167
333,56,513,10.0,0.9714197530864197,0.9603703703703703,0.9596296296296296,216
334,55,504,10.0,0.971358024691358,0.9601851851851851,0.96,210
335,54,495,30.0,0.9701851851851852,0.9585185185185185,0.9585185185185185,273
336,53,486,10.0,0.9681481481481482,0.9575925925925926,0.9588888888888889,232
337,52,477,300.0,0.9686419753086419,0.9575925925925926,0.9574074074074074,355
338,51,468,300.0,0.9686419753086419,0.9557407407407408,0.9566666666666667,384
339,50,459,30.0,0.966604938271605,0.9557407407407408,0.9562962962962963,268
340,49,450,10.0,0.9664197530864198,0.9553703703703704,0.9564814814814815,240
341,48,441,10.0,0.9641975308641976,0.9551851851851851,0.957962962962963,250
342,47,432,10.0,0.9633333333333334,0.9537037037037037,0.9574074074074074,223
343,46,423,10.0,0.9637037037037037,0.9542592592592593,0.9572222222222222,260
344,45,414,10.0,0.9637037037037037,0.9540740740740741,0.9562962962962963,236
345,44,405,10.0,0.9629629629629629,0.9540740740740741,0.9564814814814815,208
346,43,396,10.0,0.9631481481481482,0.9540740740740741,0.9568518518518518,216
347,42,387,3.0,0.9606172839506173,0.952962962962963,0.9562962962962963,190
348,41,378,3.0,0.9608024691358025,0.9542592592592593,0.9553703703703704,186
349,40,369,30.0,0.9630246913580247,0.9533333333333334,0.955,261
350,39,360,30.0,0.962716049382716,0.952962962962963,0.9551851851851851,287
351,38,351,300.0,0.9619135802469135,0.9516666666666667,0.9507407407407408,368
352,37,342,100.0,0.9616666666666667,0.9511111111111111,0.9524074074074074,315
353,36,333,10.0,0.9592592592592593,0.95,0.9537037037037037,230
354,35,324,30.0,0.9598148148148148,0.9490740740740741,0.9537037037037037,274
355,34,315,3.0,0.9558641975308642,0.9483333333333334,0.9525925925925925,166
356,33,306,30.0,0.9574691358024692,0.9483333333333334,0.9516666666666667,273
357,32,297,100.0,0.9575308641975309,0.9487037037037037,0.9516666666666667,316
358,31,288,100.0,0.9573456790123457,0.9474074074074074,0.9518518518518518,292
359,30,279,300.0,0.9564197530864198,0.9477777777777778,0.9516666666666667,333
360,29,270,10.0,0.9540123456790124,0.9453703703703704,0.950925925925926,207
361,28,261,10.0,0.9538888888888889,0.9446296296296296,0.9514814814814815,213
362,27,252,10.0,0.9523456790123457,0.9457407407407408,0.947962962962963,208
363,26,243,10.0,0.9503703703703704,0.9451851851851852,0.9468518518518518,200
364,25,234,10.0,0.9514197530864198,0.9446296296296296,0.9464814814814815,210
365,24,225,10.0,0.9505555555555556,0.9446296296296296,0.9453703703703704,203
366,23,216,30.0,0.9464814814814815,0.937037037037037,0.94,252
367,22,207,100.0,0.9453086419753086,0.9355555555555556,0.9418518518518518,269
368,21,198,30.0,0.9409876543209876,0.9324074074074075,0.9377777777777778,229
369,20,189,100.0,0.9387037037037037,0.9331481481481482,0.9348148148148148,221
370,19,180,30.0,0.9355555555555556,0.9324074074074075,0.9303703703703704,191
371,18,171,100.0,0.9333333333333333,0.9296296296296296,0.9298148148148148,237
372,17,162,10.0,0.9235802469135802,0.9196296296296296,0.919074074074074,186
373,16,153,10.0,0.9191975308641975,0.9159259259259259,0.9153703703703704,199
374,15,144,300.0,0.9153703703703704,0.9109259259259259,0.9138888888888889,276
375,14,135,30.0,0.9121604938271605,0.9112962962962963,0.9125925925925926,212
376,13,126,10.0,0.9102469135802469,0.9062962962962963,0.9083333333333333,184
377,12,117,100.0,0.9103086419753087,0.9055555555555556,0.9070370370370371,262
378,11,108,3.0,0.9035802469135803,0.8994444444444445,0.9018518518518519,137
379,10,99,10.0,0.8964814814814814,0.8907407407407407,0.895,172
380,9,90,100.0,0.8879012345679013,0.8835185185185185,0.8857407407407407,248
381,8,81,100.0,0.8752469135802469,0.8718518518518519,0.8764814814814815,306
382,7,72,300.0,0.8721604938271605,0.8698148148148148,0.8731481481481481,373
383,6,63,300.0,0.8391975308641976,0.8333333333333334,0.8390740740740741,458
384,5,54,300.0,0.8181481481481482,0.8075925925925926,0.8162962962962963,451
385,4,45,30.0,0.6764197530864198,0.6698148148148149,0.6655555555555556,312
