model,saved_model_config,status,published_accuracy,accuracy,difference_percentage_points,matches_published_four_decimals,correct,n_test,selected_c,ci_lower,ci_upper,published_backbone_parameters,backbone_parameters,backbone_state_matches_saved,embedding_archive_matches_saved
earthloc_s2_resnet50,tgeo_earthloc_s2_resnet50,fresh_weights_embeddings_and_refit,0.8643,0.87,0.5700000000000038,False,4698,5400,15.117750706156599,0.8612824082374573,0.8800185322761536,27690436,27693572,,
resnet50_s2all_moco,tgeo_resnet50_s2all_moco,fresh_weights_embeddings_and_refit,0.9278,0.927962962962963,0.016296296296303137,False,5011,5400,160.37187437513276,0.9209259152412415,0.9346573948860168,23536256,23539392,,
resnet18,resnet18,fresh_weights_embeddings_and_refit,0.9393,0.9390740740740741,-0.022592592592596272,False,5071,5400,0.7896522868499717,0.9327731132507324,0.9449999928474426,11204736,11207872,,
resnet50,resnet50,fresh_weights_embeddings_and_refit,0.9496,0.9507407407407408,0.11407407407407755,False,5134,5400,2.5719138090593416,0.9453657269477844,0.9561203718185425,23536256,23539392,True,True
vit_base,vit_base_patch16_224,fresh_weights_embeddings_and_refit,0.9515,0.9518518518518518,0.035185185185182544,False,5140,5400,0.04124626382901348,0.9470231533050537,0.9568610787391663,87568128,87764736,,
convnext_tiny,convnext_tiny,fresh_weights_embeddings_and_refit,0.9524,0.9524074074074074,0.0007407407407344913,True,5143,5400,0.022854638641349883,0.94776850938797,0.9579722285270691,27833952,27835488,True,True
olmoearth_nano,olmoearth_v1_2_nano,fresh_weights_embeddings_and_refit,0.9689,0.9688888888888889,-0.001111111111107288,True,5232,5400,49.238826317067314,0.9640648365020752,0.9729722142219543,4225536,4225536,True,True
dofa_base,tgeo_dofa_base,fresh_weights_embeddings_and_refit,0.975,0.9738888888888889,-0.11111111111110628,False,5259,5400,2.5719138090593416,0.9698148369789124,0.9777870178222656,111346733,111346733,,
dofa_large,tgeo_dofa_large,fresh_weights_embeddings_and_refit,0.9833,0.9829629629629629,-0.03370370370370246,False,5308,5400,0.13433993325988988,0.9800000190734863,0.9859305620193481,337151533,337151533,True,True
olmoearth_small,olmoearth_v1_2_small,fresh_weights_embeddings_and_refit,0.9865,0.9866666666666667,0.01666666666666483,False,5328,5400,15.117750706156599,0.9835185408592224,0.9900000095367432,78633632,78633632,,
olmoearth_base,olmoearth_v1_2_base,fresh_weights_embeddings_and_refit,0.988,0.9879629629629629,-0.003703703703705763,True,5335,5400,2.5719138090593416,0.9853565096855164,0.9909305572509766,257527616,257527616,True,True
