dataset,difference_correct_images,difference_percentage_points,embedding_sha256,fresh_accuracy,fresh_best_c,fresh_ci_lower,fresh_ci_upper,fresh_sampling,fresh_source,frontier_accuracy,frontier_minus_backbone_pp,matches_published_accuracy,model,n_test,n_train,n_val,previous_rerun_raw_curve_accuracy,published_accuracy,published_best_c,published_ci_lower,published_ci_upper,published_endpoint_ci_degenerate,published_endpoint_rounded,published_source,raw_curve_accuracy,raw_curve_matches_previous_rerun,split_protocol,status,train_fraction_percent,training_subset_sha256
eurosat,-4,-0.07407407407408195,e7aa87299a75aeadf5afe5d8b11fe4d5593c218ab85db1ffe54b1c498eef48a7,0.8194444444444444,522.3345074266832,0.8092592358589172,0.8279721736907959,nested_random_permutation_of_shuffled_embeddings_v1,output/backbones/resnet50_eurosat.csv,0.8674444444444445,4.800000000000004,False,resnet50,5400,162,5400,0.8194444444444444,0.8201851851851852,289.426612471674,0.8096296191215515,0.8292639255523682,False,False,924f0a80b27f4f2d8fdab4cdfcbd13515ee4989c:experiments/torchgeo_bench_eurosat/blog_post/training_fractions/random/resnet50.csv,0.8194444444444444,True,random,fresh_extraction_and_refit,1,39150b7776cd3ca804ba13790693d0a98e0f83adabebf22417b8be464ba0c417
eurosat,3,0.05555555555556424,e7aa87299a75aeadf5afe5d8b11fe4d5593c218ab85db1ffe54b1c498eef48a7,0.8788888888888889,160.37187437513276,0.8696110844612122,0.8874120712280273,nested_random_permutation_of_shuffled_embeddings_v1,output/backbones/resnet50_eurosat.csv,0.8936296296296297,1.474074074074072,False,resnet50,5400,324,5400,0.8788888888888889,0.8783333333333333,88.86238162743389,0.8687037229537964,0.8864814639091492,False,False,924f0a80b27f4f2d8fdab4cdfcbd13515ee4989c:experiments/torchgeo_bench_eurosat/blog_post/training_fractions/random/resnet50.csv,0.8788888888888889,True,random,fresh_extraction_and_refit,2,9728788e29ebf5fd087554d694ae2dd3ab8759465dc3ebd4f30b64c93d9e8b53
eurosat,7,0.129629629629624,e7aa87299a75aeadf5afe5d8b11fe4d5593c218ab85db1ffe54b1c498eef48a7,0.9014814814814814,8.376776400682907,0.8931434750556946,0.9089120030403137,nested_random_permutation_of_shuffled_embeddings_v1,output/backbones/resnet50_eurosat.csv,0.9288148148148148,2.733333333333332,False,resnet50,5400,810,5400,0.9014814814814814,0.9001851851851852,4.641588833612772,0.8925833702087402,0.907787024974823,False,False,924f0a80b27f4f2d8fdab4cdfcbd13515ee4989c:experiments/torchgeo_bench_eurosat/blog_post/training_fractions/random/resnet50.csv,0.9014814814814814,True,random,fresh_extraction_and_refit,5,8ea2d46c8ba58fb0b3de8d626b6511d50cb3e5f2bb50101aae011ed1d4aa46f8
eurosat,0,0.0,e7aa87299a75aeadf5afe5d8b11fe4d5593c218ab85db1ffe54b1c498eef48a7,0.9112962962962963,0.437547937507418,0.9046249985694885,0.9181528091430664,nested_random_permutation_of_shuffled_embeddings_v1,output/backbones/resnet50_eurosat.csv,0.9424444444444445,3.114814814814826,True,resnet50,5400,1620,5400,0.9112962962962963,0.9112962962962963,0.437547937507418,0.904629647731781,0.9181528091430664,False,False,924f0a80b27f4f2d8fdab4cdfcbd13515ee4989c:experiments/torchgeo_bench_eurosat/blog_post/training_fractions/random/resnet50.csv,0.9112962962962963,True,random,fresh_extraction_and_refit,10,6e489c229fe95f86a938ca017bcb72c66a0c6bb2faaa9363f1197f6095858d6d
eurosat,0,0.0,e7aa87299a75aeadf5afe5d8b11fe4d5593c218ab85db1ffe54b1c498eef48a7,0.9248148148148149,0.437547937507418,0.9181481599807739,0.931675910949707,nested_random_permutation_of_shuffled_embeddings_v1,output/backbones/resnet50_eurosat.csv,0.9491481481481483,2.433333333333343,True,resnet50,5400,3240,5400,0.9248148148148149,0.9248148148148149,0.437547937507418,0.9177731275558472,0.931300938129425,False,False,924f0a80b27f4f2d8fdab4cdfcbd13515ee4989c:experiments/torchgeo_bench_eurosat/blog_post/training_fractions/random/resnet50.csv,0.9248148148148149,True,random,fresh_extraction_and_refit,20,eb98278aca3d9d87090157af53ba2f7708af88a0e929aee01c5cb22466800ace
eurosat,0,0.0,e7aa87299a75aeadf5afe5d8b11fe4d5593c218ab85db1ffe54b1c498eef48a7,0.9414814814814815,2.5719138090593416,0.9359212517738342,0.9466713070869446,nested_random_permutation_of_shuffled_embeddings_v1,output/backbones/resnet50_eurosat.csv,0.9570000000000001,1.5518518518518598,True,resnet50,5400,8100,5400,0.9414814814814815,0.9414814814814815,2.5719138090593416,0.9357361197471619,0.9464861154556274,False,False,924f0a80b27f4f2d8fdab4cdfcbd13515ee4989c:experiments/torchgeo_bench_eurosat/blog_post/training_fractions/random/resnet50.csv,0.9414814814814815,True,random,fresh_extraction_and_refit,50,b7efb461a9e0447a8e39c4b693f322f3e899977d00e1f422217cfe2a7d622ecd
eurosat,6,0.11407407407407755,e7aa87299a75aeadf5afe5d8b11fe4d5593c218ab85db1ffe54b1c498eef48a7,0.9507407407407408,2.5719138090593416,0.9453657269477844,0.9561203718185425,full_training_loader_order,output/backbones/scoreboard/resnet50_eurosat.csv,0.9603703703703703,0.9629629629629544,False,resnet50,5400,16200,5400,0.9494444444444444,0.9496,,,,True,True,experiments/torchgeo_bench_eurosat/blog_post/scoreboard.csv,0.9494444444444444,True,random,fresh_extraction_and_refit,100,976d85edb58f41e6fdb7486c49712f8707651b42eb7c9cf8726192ca80b28227
eurosat,0,0.0,05bf57683167eb8bb97502fc85825216a4abc55a868875e26cd733edc027ed75,0.8111111111111111,0.7896522868499717,0.8003703951835632,0.8205741047859192,nested_random_permutation_of_shuffled_embeddings_v1,output/backbones/convnext_tiny_eurosat.csv,0.8674444444444445,5.633333333333335,True,convnext_tiny,5400,162,5400,0.8111111111111111,0.8111111111111111,0.7896522868499717,0.8003703951835632,0.8205741047859192,False,False,924f0a80b27f4f2d8fdab4cdfcbd13515ee4989c:experiments/torchgeo_bench_eurosat/blog_post/training_fractions/random/convnext_tiny.csv,0.8111111111111111,True,random,fresh_extraction_and_refit,1,38c0b2cde50c4de994b23366b259b8226491d955b59c3268545d2d6153fd22c3
eurosat,-1,-0.018518518518517713,05bf57683167eb8bb97502fc85825216a4abc55a868875e26cd733edc027ed75,0.87,0.437547937507418,0.8614675998687744,0.8783379793167114,nested_random_permutation_of_shuffled_embeddings_v1,output/backbones/convnext_tiny_eurosat.csv,0.8936296296296297,2.3629629629629667,False,convnext_tiny,5400,324,5400,0.87,0.8701851851851852,0.437547937507418,0.8612962961196899,0.8787083625793457,False,False,924f0a80b27f4f2d8fdab4cdfcbd13515ee4989c:experiments/torchgeo_bench_eurosat/blog_post/training_fractions/random/convnext_tiny.csv,0.87,True,random,fresh_extraction_and_refit,2,ab8112b4059e80ceb6eec04afbfce280e9850bb94792a10f2812b98b3274facc
eurosat,1,0.018518518518517713,05bf57683167eb8bb97502fc85825216a4abc55a868875e26cd733edc027ed75,0.9037037037037037,0.022854638641349883,0.8970231413841248,0.9105925559997559,nested_random_permutation_of_shuffled_embeddings_v1,output/backbones/convnext_tiny_eurosat.csv,0.9288148148148148,2.5111111111111084,False,convnext_tiny,5400,810,5400,0.9037037037037037,0.9035185185185185,0.13433993325988988,0.8962870836257935,0.9096342921257019,False,False,924f0a80b27f4f2d8fdab4cdfcbd13515ee4989c:experiments/torchgeo_bench_eurosat/blog_post/training_fractions/random/convnext_tiny.csv,0.9037037037037037,True,random,fresh_extraction_and_refit,5,75fdbdc64d0d59be5ea136891a8414eb094c3fef1e0b561c1a1b67c0ab13f9e6
eurosat,0,0.0,05bf57683167eb8bb97502fc85825216a4abc55a868875e26cd733edc027ed75,0.9211111111111111,0.24244620170823258,0.9146157503128052,0.9285231828689575,nested_random_permutation_of_shuffled_embeddings_v1,output/backbones/convnext_tiny_eurosat.csv,0.9424444444444445,2.1333333333333426,True,convnext_tiny,5400,1620,5400,0.9211111111111111,0.9211111111111111,0.04124626382901348,0.9144397974014282,0.9277916550636292,False,False,924f0a80b27f4f2d8fdab4cdfcbd13515ee4989c:experiments/torchgeo_bench_eurosat/blog_post/training_fractions/random/convnext_tiny.csv,0.9211111111111111,True,random,fresh_extraction_and_refit,10,a38f1829a31abe67856d12681527b455ac54c316e8ea554bdb97892882649882
eurosat,5,0.09259259259258856,05bf57683167eb8bb97502fc85825216a4abc55a868875e26cd733edc027ed75,0.9333333333333333,0.022854638641349883,0.9264768362045288,0.9396342635154724,nested_random_permutation_of_shuffled_embeddings_v1,output/backbones/convnext_tiny_eurosat.csv,0.9491481481481483,1.5814814814814948,False,convnext_tiny,5400,3240,5400,0.9333333333333333,0.9324074074074075,0.012663801734674022,0.9255555272102356,0.9394490718841553,False,False,924f0a80b27f4f2d8fdab4cdfcbd13515ee4989c:experiments/torchgeo_bench_eurosat/blog_post/training_fractions/random/convnext_tiny.csv,0.9333333333333333,True,random,fresh_extraction_and_refit,20,b2923f1e3f5ce929739d16679f9e5233a665dc52e6317f59f8923a9cc4b95076
eurosat,-5,-0.09259259259259967,05bf57683167eb8bb97502fc85825216a4abc55a868875e26cd733edc027ed75,0.9444444444444444,0.012663801734674022,0.9385185241699219,0.9501851797103882,nested_random_permutation_of_shuffled_embeddings_v1,output/backbones/convnext_tiny_eurosat.csv,0.9570000000000001,1.2555555555555653,False,convnext_tiny,5400,8100,5400,0.9444444444444444,0.9453703703703704,0.04124626382901348,0.9401666522026062,0.951495349407196,False,False,924f0a80b27f4f2d8fdab4cdfcbd13515ee4989c:experiments/torchgeo_bench_eurosat/blog_post/training_fractions/random/convnext_tiny.csv,0.9444444444444444,True,random,fresh_extraction_and_refit,50,370d2cd0d958e902fedae9c9f7633888de07beb4dbf6b44e80d24ccb3ea2a124
eurosat,0,0.0007407407407344913,05bf57683167eb8bb97502fc85825216a4abc55a868875e26cd733edc027ed75,0.9524074074074074,0.022854638641349883,0.94776850938797,0.9579722285270691,full_training_loader_order,output/backbones/scoreboard/convnext_tiny_eurosat.csv,0.9603703703703703,0.796296296296295,True,convnext_tiny,5400,16200,5400,0.9518518518518518,0.9524,,,,True,True,experiments/torchgeo_bench_eurosat/blog_post/scoreboard.csv,0.9518518518518518,True,random,fresh_extraction_and_refit,100,0b2eeaca0cf790dfe57f9dcf20f5a1dfc59c5874c992c657043df99a152edc6e
eurosat,-16,-0.2962962962963056,de3bb1aacc5801505d60325d758929f966a409a3a9f72762ad3322c3b2083798,0.8401851851851851,88.86238162743389,0.8308889269828796,0.8518704175949097,nested_random_permutation_of_shuffled_embeddings_v1,output/backbones/dofa_base_eurosat.csv,0.8674444444444445,2.7259259259259316,False,dofa_base,5400,162,5400,0.8401851851851851,0.8431481481481482,5541.020330009481,0.8323842883110046,0.8533472418785095,False,False,924f0a80b27f4f2d8fdab4cdfcbd13515ee4989c:experiments/torchgeo_bench_eurosat/blog_post/training_fractions/random/tgeo_dofa_base.csv,0.8401851851851851,True,random,fresh_extraction_and_refit,1,b2a6cbb02d85fe477e9998a184f421976bb0e15fe01a7d2d2c7e71764d5e8fe1
eurosat,11,0.20370370370369484,de3bb1aacc5801505d60325d758929f966a409a3a9f72762ad3322c3b2083798,0.8838888888888888,15.117750706156599,0.875,0.8918657302856445,nested_random_permutation_of_shuffled_embeddings_v1,output/backbones/dofa_base_eurosat.csv,0.8936296296296297,0.9740740740740828,False,dofa_base,5400,324,5400,0.8838888888888888,0.8818518518518519,15.117750706156599,0.8724027872085571,0.8901990652084351,False,False,924f0a80b27f4f2d8fdab4cdfcbd13515ee4989c:experiments/torchgeo_bench_eurosat/blog_post/training_fractions/random/tgeo_dofa_base.csv,0.8838888888888888,True,random,fresh_extraction_and_refit,2,04bb281c96505c545ec2405f4d783d2e66b8890296974828353fa652ca3a31f9
eurosat,-10,-0.18518518518518823,de3bb1aacc5801505d60325d758929f966a409a3a9f72762ad3322c3b2083798,0.9194444444444444,49.238826317067314,0.9125925898551941,0.9270370602607727,nested_random_permutation_of_shuffled_embeddings_v1,output/backbones/dofa_base_eurosat.csv,0.9288148148148148,0.9370370370370362,False,dofa_base,5400,810,5400,0.9194444444444444,0.9212962962962963,4.641588833612772,0.9142592549324036,0.9281666874885559,False,False,924f0a80b27f4f2d8fdab4cdfcbd13515ee4989c:experiments/torchgeo_bench_eurosat/blog_post/training_fractions/random/tgeo_dofa_base.csv,0.9194444444444444,True,random,fresh_extraction_and_refit,5,70389113c5db2cc848e4dddc4dc03af8264e36275ba0baf5ba613139973f9bdd
eurosat,2,0.037037037037035425,de3bb1aacc5801505d60325d758929f966a409a3a9f72762ad3322c3b2083798,0.9422222222222222,8.376776400682907,0.9366527795791626,0.9485231637954712,nested_random_permutation_of_shuffled_embeddings_v1,output/backbones/dofa_base_eurosat.csv,0.9424444444444445,0.022222222222234578,False,dofa_base,5400,1620,5400,0.9422222222222222,0.9418518518518518,8.376776400682907,0.9357315301895142,0.9485324025154114,False,False,924f0a80b27f4f2d8fdab4cdfcbd13515ee4989c:experiments/torchgeo_bench_eurosat/blog_post/training_fractions/random/tgeo_dofa_base.csv,0.9422222222222222,True,random,fresh_extraction_and_refit,10,f81f572ed72190eac232631ab1436c8adc521b170e34f6a6aaa46b158689f4d1
eurosat,-1,-0.018518518518517713,de3bb1aacc5801505d60325d758929f966a409a3a9f72762ad3322c3b2083798,0.9538888888888889,4.641588833612772,0.948888897895813,0.9587036967277527,nested_random_permutation_of_shuffled_embeddings_v1,output/backbones/dofa_base_eurosat.csv,0.9491481481481483,-0.4740740740740601,False,dofa_base,5400,3240,5400,0.9538888888888889,0.9540740740740741,4.641588833612772,0.9494444727897644,0.959074079990387,False,False,924f0a80b27f4f2d8fdab4cdfcbd13515ee4989c:experiments/torchgeo_bench_eurosat/blog_post/training_fractions/random/tgeo_dofa_base.csv,0.9538888888888889,True,random,fresh_extraction_and_refit,20,fa507d4d57bca67e77c1ef1d838baf6b6401feb513656091f42a96e0d6e6f125
eurosat,-2,-0.037037037037035425,de3bb1aacc5801505d60325d758929f966a409a3a9f72762ad3322c3b2083798,0.9672222222222222,4.641588833612772,0.9627731442451477,0.9714815020561218,nested_random_permutation_of_shuffled_embeddings_v1,output/backbones/dofa_base_eurosat.csv,0.9570000000000001,-1.0222222222222133,False,dofa_base,5400,8100,5400,0.9672222222222222,0.9675925925925926,4.641588833612772,0.963518500328064,0.9714953899383545,False,False,924f0a80b27f4f2d8fdab4cdfcbd13515ee4989c:experiments/torchgeo_bench_eurosat/blog_post/training_fractions/random/tgeo_dofa_base.csv,0.9672222222222222,True,random,fresh_extraction_and_refit,50,4f592350b15a7662aab8ca866277f42e9c19377a3cbd67af99644d3803cac471
eurosat,-6,-0.11111111111110628,de3bb1aacc5801505d60325d758929f966a409a3a9f72762ad3322c3b2083798,0.9738888888888889,2.5719138090593416,0.9698148369789124,0.9777870178222656,full_training_loader_order,output/backbones/scoreboard/dofa_base_eurosat.csv,0.9603703703703703,-1.3518518518518596,False,dofa_base,5400,16200,5400,0.9753703703703703,0.975,,,,True,True,experiments/torchgeo_bench_eurosat/blog_post/scoreboard.csv,0.9753703703703703,True,random,fresh_extraction_and_refit,100,57263e342bfbe3cef52f1aea43a368f38e179f7dcdb2fe2e8efdae5cdd9fa0a8
eurosat,-11,-0.20370370370369484,84bb842670ea24b7fd2912d1c933a850356723c251a6684eb3f2215af3d4e5aa,0.8992592592592593,942.6684551178854,0.891819417476654,0.9066805839538574,nested_random_permutation_of_shuffled_embeddings_v1,output/backbones/dofa_large_eurosat.csv,0.8674444444444445,-3.181481481481485,False,dofa_large,5400,162,5400,0.8992592592592593,0.9012962962962963,10000.0,0.8940648436546326,0.9083472490310669,False,False,924f0a80b27f4f2d8fdab4cdfcbd13515ee4989c:experiments/torchgeo_bench_eurosat/blog_post/training_fractions/random/tgeo_dofa_large.csv,0.8992592592592593,True,random,fresh_extraction_and_refit,1,c7b9341c0d597348ddf58d245b4081a9adf251c5021c17db2202af65b1801909
eurosat,0,0.0,84bb842670ea24b7fd2912d1c933a850356723c251a6684eb3f2215af3d4e5aa,0.9390740740740741,0.13433993325988988,0.9325879216194153,0.9451898336410522,nested_random_permutation_of_shuffled_embeddings_v1,output/backbones/dofa_large_eurosat.csv,0.8936296296296297,-4.54444444444444,True,dofa_large,5400,324,5400,0.9390740740740741,0.9390740740740741,0.13433993325988988,0.9327731132507324,0.9451898336410522,False,False,924f0a80b27f4f2d8fdab4cdfcbd13515ee4989c:experiments/torchgeo_bench_eurosat/blog_post/training_fractions/random/tgeo_dofa_large.csv,0.9390740740740741,True,random,fresh_extraction_and_refit,2,c6413959a012f70c2285cd8f65d8cdb5fcb3c1e1a92a09914675c316bffbc632
eurosat,3,0.05555555555556424,84bb842670ea24b7fd2912d1c933a850356723c251a6684eb3f2215af3d4e5aa,0.9557407407407408,0.13433993325988988,0.9505416750907898,0.9616758823394775,nested_random_permutation_of_shuffled_embeddings_v1,output/backbones/dofa_large_eurosat.csv,0.9288148148148148,-2.692592592592602,False,dofa_large,5400,810,5400,0.9557407407407408,0.9551851851851851,0.13433993325988988,0.9501712918281555,0.961305558681488,False,False,924f0a80b27f4f2d8fdab4cdfcbd13515ee4989c:experiments/torchgeo_bench_eurosat/blog_post/training_fractions/random/tgeo_dofa_large.csv,0.9557407407407408,True,random,fresh_extraction_and_refit,5,5c099fea96a5b2132c42aad44e3aeb0b15ccce0813f01c30cf45153086107bf3
eurosat,0,0.0,84bb842670ea24b7fd2912d1c933a850356723c251a6684eb3f2215af3d4e5aa,0.9637037037037037,1.4251026703029963,0.9586990475654602,0.9681528210639954,nested_random_permutation_of_shuffled_embeddings_v1,output/backbones/dofa_large_eurosat.csv,0.9424444444444445,-2.12592592592592,True,dofa_large,5400,1620,5400,0.9637037037037037,0.9637037037037037,2.5719138090593416,0.9585046172142029,0.9683333039283752,False,False,924f0a80b27f4f2d8fdab4cdfcbd13515ee4989c:experiments/torchgeo_bench_eurosat/blog_post/training_fractions/random/tgeo_dofa_large.csv,0.9637037037037037,True,random,fresh_extraction_and_refit,10,eef7bb41c5a78c4605e14aec2d31aadca79093290af077d0a464d9287acffc69
eurosat,-3,-0.05555555555556424,84bb842670ea24b7fd2912d1c933a850356723c251a6684eb3f2215af3d4e5aa,0.9727777777777777,2.5719138090593416,0.968874990940094,0.9766666889190674,nested_random_permutation_of_shuffled_embeddings_v1,output/backbones/dofa_large_eurosat.csv,0.9491481481481483,-2.3629629629629445,False,dofa_large,5400,3240,5400,0.9727777777777777,0.9733333333333334,1.4251026703029963,0.9692592620849609,0.9768657684326172,False,False,924f0a80b27f4f2d8fdab4cdfcbd13515ee4989c:experiments/torchgeo_bench_eurosat/blog_post/training_fractions/random/tgeo_dofa_large.csv,0.9727777777777777,True,random,fresh_extraction_and_refit,20,61f71b296688b4048a9151df6a369d7f4783ca8e9559f21e11228195b048bb02
eurosat,-5,-0.09259259259258856,84bb842670ea24b7fd2912d1c933a850356723c251a6684eb3f2215af3d4e5aa,0.9785185185185186,0.7896522868499717,0.9746204018592834,0.9818565249443054,nested_random_permutation_of_shuffled_embeddings_v1,output/backbones/dofa_large_eurosat.csv,0.9570000000000001,-2.1518518518518492,False,dofa_large,5400,8100,5400,0.9785185185185186,0.9794444444444445,0.437547937507418,0.9755555391311646,0.982787013053894,False,False,924f0a80b27f4f2d8fdab4cdfcbd13515ee4989c:experiments/torchgeo_bench_eurosat/blog_post/training_fractions/random/tgeo_dofa_large.csv,0.9785185185185186,True,random,fresh_extraction_and_refit,50,3b5e23f88b94886675b79e5285f5d860359665c04d5985b469685544a87177c4
eurosat,-2,-0.03370370370370246,84bb842670ea24b7fd2912d1c933a850356723c251a6684eb3f2215af3d4e5aa,0.9829629629629629,0.13433993325988988,0.9800000190734863,0.9859305620193481,full_training_loader_order,output/backbones/scoreboard/dofa_large_eurosat.csv,0.9603703703703703,-2.259259259259261,False,dofa_large,5400,16200,5400,0.9829629629629629,0.9833,,,,True,True,experiments/torchgeo_bench_eurosat/blog_post/scoreboard.csv,0.9829629629629629,True,random,fresh_extraction_and_refit,100,d9592751c0e43f7089f6cc2644660c37f35606f42ed37fee20e92e167a697eeb
eurosat,-1,-0.018518518518517713,159a715e7f9f203b95627f0ac14eb2ad659ed7715967343cd708ee07d49c13d5,0.8885185185185185,8.376776400682907,0.8807361125946045,0.8959305882453918,nested_random_permutation_of_shuffled_embeddings_v1,output/backbones/olmoearth_nano_eurosat.csv,0.8674444444444445,-2.1074074074074023,False,olmoearth_nano,5400,162,5400,0.8885185185185185,0.8887037037037037,8.376776400682907,0.8809167146682739,0.8959259390830994,False,False,924f0a80b27f4f2d8fdab4cdfcbd13515ee4989c:experiments/torchgeo_bench_eurosat/blog_post/training_fractions/random/olmoearth_v1_2_nano.csv,0.8885185185185185,True,random,fresh_extraction_and_refit,1,568868529085313d6f6c618cf089a8cfdb424d7321fd72304769868a617d839d
eurosat,1,0.018518518518517713,159a715e7f9f203b95627f0ac14eb2ad659ed7715967343cd708ee07d49c13d5,0.9251851851851852,27.28333376486764,0.9199953675270081,0.9316805601119995,nested_random_permutation_of_shuffled_embeddings_v1,output/backbones/olmoearth_nano_eurosat.csv,0.8936296296296297,-3.155555555555556,False,olmoearth_nano,5400,324,5400,0.9251851851851852,0.925,27.28333376486764,0.9196249842643738,0.9314907193183899,False,False,924f0a80b27f4f2d8fdab4cdfcbd13515ee4989c:experiments/torchgeo_bench_eurosat/blog_post/training_fractions/random/olmoearth_v1_2_nano.csv,0.9251851851851852,True,random,fresh_extraction_and_refit,2,d727be9947d8d738410c5c0100b952d630d7cc3ea0f31f7a7f2d5209686334e9
eurosat,-5,-0.09259259259258856,159a715e7f9f203b95627f0ac14eb2ad659ed7715967343cd708ee07d49c13d5,0.9435185185185185,88.86238162743389,0.9383286833763123,0.9498147964477539,nested_random_permutation_of_shuffled_embeddings_v1,output/backbones/olmoearth_nano_eurosat.csv,0.9288148148148148,-1.4703703703703774,False,olmoearth_nano,5400,810,5400,0.9435185185185185,0.9444444444444444,88.86238162743389,0.9390694499015808,0.9501851797103882,False,False,924f0a80b27f4f2d8fdab4cdfcbd13515ee4989c:experiments/torchgeo_bench_eurosat/blog_post/training_fractions/random/olmoearth_v1_2_nano.csv,0.9435185185185185,True,random,fresh_extraction_and_refit,5,b1ae27fe1b5d10e7a21806f01f043ec17e81f929c0253d9f58b2f7c60a389ca8
eurosat,0,0.0,159a715e7f9f203b95627f0ac14eb2ad659ed7715967343cd708ee07d49c13d5,0.9540740740740741,49.238826317067314,0.9488842487335205,0.9596296548843384,nested_random_permutation_of_shuffled_embeddings_v1,output/backbones/olmoearth_nano_eurosat.csv,0.9424444444444445,-1.1629629629629545,True,olmoearth_nano,5400,1620,5400,0.9540740740740741,0.9540740740740741,49.238826317067314,0.948888897895813,0.9592639207839966,False,False,924f0a80b27f4f2d8fdab4cdfcbd13515ee4989c:experiments/torchgeo_bench_eurosat/blog_post/training_fractions/random/olmoearth_v1_2_nano.csv,0.9540740740740741,True,random,fresh_extraction_and_refit,10,79547df00fdb289b8500a4670f1afb170940b6f4cb5e4e19e97c879f113356d0
eurosat,8,0.1481481481481417,159a715e7f9f203b95627f0ac14eb2ad659ed7715967343cd708ee07d49c13d5,0.9572222222222222,289.426612471674,0.9522222280502319,0.9620370268821716,nested_random_permutation_of_shuffled_embeddings_v1,output/backbones/olmoearth_nano_eurosat.csv,0.9491481481481483,-0.80740740740739,False,olmoearth_nano,5400,3240,5400,0.9572222222222222,0.9557407407407408,522.3345074266832,0.95055091381073,0.9607407450675964,False,False,924f0a80b27f4f2d8fdab4cdfcbd13515ee4989c:experiments/torchgeo_bench_eurosat/blog_post/training_fractions/random/olmoearth_v1_2_nano.csv,0.9572222222222222,True,random,fresh_extraction_and_refit,20,46f9b839c0ad9dbc76c01541fe4cf3573d5fe9e6ad6a9bc1d1b624684fb21794
eurosat,0,0.0,159a715e7f9f203b95627f0ac14eb2ad659ed7715967343cd708ee07d49c13d5,0.9637037037037037,160.37187437513276,0.9583333134651184,0.9685184955596924,nested_random_permutation_of_shuffled_embeddings_v1,output/backbones/olmoearth_nano_eurosat.csv,0.9570000000000001,-0.6703703703703656,True,olmoearth_nano,5400,8100,5400,0.9637037037037037,0.9637037037037037,160.37187437513276,0.9583333134651184,0.9685184955596924,False,False,924f0a80b27f4f2d8fdab4cdfcbd13515ee4989c:experiments/torchgeo_bench_eurosat/blog_post/training_fractions/random/olmoearth_v1_2_nano.csv,0.9637037037037037,True,random,fresh_extraction_and_refit,50,0e3df9a07c95132ff31be7ff857178f047aa1854a637a4d01f3f4852d92a4c4b
eurosat,0,0.0,159a715e7f9f203b95627f0ac14eb2ad659ed7715967343cd708ee07d49c13d5,0.9688888888888889,49.238826317067314,0.9640648365020752,0.9729722142219543,nested_random_permutation_of_shuffled_embeddings_v1,output/backbones/olmoearth_nano_eurosat.csv,0.9603703703703703,-0.8518518518518592,True,olmoearth_nano,5400,16200,5400,0.9688888888888889,0.9688888888888889,49.238826317067314,0.9638888835906982,0.9729629755020142,False,False,924f0a80b27f4f2d8fdab4cdfcbd13515ee4989c:experiments/torchgeo_bench_eurosat/blog_post/training_fractions/random/olmoearth_v1_2_nano.csv,0.9688888888888889,True,random,fresh_extraction_and_refit,100,9504fae2a1b8305ee3209b1dda96dcc28030ff3deac804eccb644332653263cc
eurosat,5,0.09259259259258856,c8f4bbb186b6f2f677e508dab9756e72a1f0d3e393ea77f1169cc4a6bc5de393,0.9474074074074074,10000.0,0.9414768218994141,0.9531481266021729,nested_random_permutation_of_shuffled_embeddings_v1,output/backbones/olmoearth_small_eurosat.csv,0.8674444444444445,-7.99629629629629,False,olmoearth_small,5400,162,5400,0.9474074074074074,0.9464814814814815,3070.2906297578375,0.940365731716156,0.952046275138855,False,False,924f0a80b27f4f2d8fdab4cdfcbd13515ee4989c:experiments/torchgeo_bench_eurosat/blog_post/training_fractions/random/olmoearth_v1_2_small.csv,0.9474074074074074,True,random,fresh_extraction_and_refit,1,cf3f2a3e05d00d200dff2feae6316f48d63917a3c1b7a680908c6b2ab2b46303
eurosat,6,0.11111111111111738,c8f4bbb186b6f2f677e508dab9756e72a1f0d3e393ea77f1169cc4a6bc5de393,0.9581481481481482,10000.0,0.952583372592926,0.9638888835906982,nested_random_permutation_of_shuffled_embeddings_v1,output/backbones/olmoearth_small_eurosat.csv,0.8936296296296297,-6.451851851851853,False,olmoearth_small,5400,324,5400,0.9581481481481482,0.957037037037037,88.86238162743389,0.951662003993988,0.961856484413147,False,False,924f0a80b27f4f2d8fdab4cdfcbd13515ee4989c:experiments/torchgeo_bench_eurosat/blog_post/training_fractions/random/olmoearth_v1_2_small.csv,0.9581481481481482,True,random,fresh_extraction_and_refit,2,fa001636a8640c5459a8539687a9fd32c25c4e836a98849729a3cd238a5ae4cb
eurosat,0,0.0,c8f4bbb186b6f2f677e508dab9756e72a1f0d3e393ea77f1169cc4a6bc5de393,0.9722222222222222,522.3345074266832,0.9672222137451172,0.9764861464500427,nested_random_permutation_of_shuffled_embeddings_v1,output/backbones/olmoearth_small_eurosat.csv,0.9288148148148148,-4.3407407407407455,True,olmoearth_small,5400,810,5400,0.9722222222222222,0.9722222222222222,942.6684551178854,0.9674027562141418,0.9768518805503845,False,False,924f0a80b27f4f2d8fdab4cdfcbd13515ee4989c:experiments/torchgeo_bench_eurosat/blog_post/training_fractions/random/olmoearth_v1_2_small.csv,0.9722222222222222,True,random,fresh_extraction_and_refit,5,22f5b722cd518d4f2baaf7adedb17525def1637602e74c8b989f21dc5adb0a6e
eurosat,0,0.0,c8f4bbb186b6f2f677e508dab9756e72a1f0d3e393ea77f1169cc4a6bc5de393,0.975925925925926,4.641588833612772,0.9712916612625122,0.9796342849731445,nested_random_permutation_of_shuffled_embeddings_v1,output/backbones/olmoearth_small_eurosat.csv,0.9424444444444445,-3.3481481481481445,True,olmoearth_small,5400,1620,5400,0.975925925925926,0.975925925925926,4.641588833612772,0.9712916612625122,0.9796342849731445,False,False,924f0a80b27f4f2d8fdab4cdfcbd13515ee4989c:experiments/torchgeo_bench_eurosat/blog_post/training_fractions/random/olmoearth_v1_2_small.csv,0.975925925925926,True,random,fresh_extraction_and_refit,10,ea9aadce865fc0a47b668b58e8d67fb253376c9a5fb41f473f10682363dcad1c
eurosat,-1,-0.018518518518517713,c8f4bbb186b6f2f677e508dab9756e72a1f0d3e393ea77f1169cc4a6bc5de393,0.9796296296296296,49.238826317067314,0.9757407307624817,0.9833379983901978,nested_random_permutation_of_shuffled_embeddings_v1,output/backbones/olmoearth_small_eurosat.csv,0.9491481481481483,-3.048148148148133,False,olmoearth_small,5400,3240,5400,0.9796296296296296,0.9798148148148148,49.238826317067314,0.9764768481254578,0.9833333492279053,False,False,924f0a80b27f4f2d8fdab4cdfcbd13515ee4989c:experiments/torchgeo_bench_eurosat/blog_post/training_fractions/random/olmoearth_v1_2_small.csv,0.9796296296296296,True,random,fresh_extraction_and_refit,20,369662eb4667c0032feb07985730a3fa8a6f6f7eedae7696f7123d925b62cfac
eurosat,0,0.0,c8f4bbb186b6f2f677e508dab9756e72a1f0d3e393ea77f1169cc4a6bc5de393,0.9829629629629629,4.641588833612772,0.9796157479286194,0.9866666793823242,nested_random_permutation_of_shuffled_embeddings_v1,output/backbones/olmoearth_small_eurosat.csv,0.9570000000000001,-2.5962962962962854,True,olmoearth_small,5400,8100,5400,0.9829629629629629,0.9829629629629629,4.641588833612772,0.9796157479286194,0.9866666793823242,False,False,924f0a80b27f4f2d8fdab4cdfcbd13515ee4989c:experiments/torchgeo_bench_eurosat/blog_post/training_fractions/random/olmoearth_v1_2_small.csv,0.9829629629629629,True,random,fresh_extraction_and_refit,50,7109942faf8f18d243b441869569fa9ac8bc41fd3ec4350e30a40ffe783c4635
eurosat,1,0.018518518518517713,c8f4bbb186b6f2f677e508dab9756e72a1f0d3e393ea77f1169cc4a6bc5de393,0.9866666666666667,15.117750706156599,0.9835185408592224,0.9900000095367432,nested_random_permutation_of_shuffled_embeddings_v1,output/backbones/olmoearth_small_eurosat.csv,0.9603703703703703,-2.6296296296296373,False,olmoearth_small,5400,16200,5400,0.9866666666666667,0.9864814814814815,15.117750706156599,0.9833287000656128,0.9896342754364014,False,False,924f0a80b27f4f2d8fdab4cdfcbd13515ee4989c:experiments/torchgeo_bench_eurosat/blog_post/training_fractions/random/olmoearth_v1_2_small.csv,0.9866666666666667,True,random,fresh_extraction_and_refit,100,8bb00549319b772ec0427ea754ee9f14721c075402f48503178858294d11e3ec
eurosat,6,0.11111111111111738,9886ca16afaf128330b6019ac79249718986b1205e72c52053e498173ec39e89,0.955925925925926,3070.2906297578375,0.9507361054420471,0.960930585861206,nested_random_permutation_of_shuffled_embeddings_v1,output/backbones/olmoearth_base_eurosat.csv,0.8674444444444445,-8.84814814814815,False,olmoearth_base,5400,162,5400,0.955925925925926,0.9548148148148148,942.6684551178854,0.9494259357452393,0.9601898193359375,False,False,924f0a80b27f4f2d8fdab4cdfcbd13515ee4989c:experiments/torchgeo_bench_eurosat/blog_post/training_fractions/random/olmoearth_v1_2_base.csv,0.955925925925926,True,random,fresh_extraction_and_refit,1,b93dbec91ed63f584b7fcda032df08e2d1e66afe17d554e074b370f110306de1
eurosat,4,0.07407407407407085,9886ca16afaf128330b6019ac79249718986b1205e72c52053e498173ec39e89,0.9701851851851852,522.3345074266832,0.9659073948860168,0.9740787148475647,nested_random_permutation_of_shuffled_embeddings_v1,output/backbones/olmoearth_base_eurosat.csv,0.8936296296296297,-7.655555555555549,False,olmoearth_base,5400,324,5400,0.9701851851851852,0.9694444444444444,522.3345074266832,0.9648101925849915,0.9737036824226379,False,False,924f0a80b27f4f2d8fdab4cdfcbd13515ee4989c:experiments/torchgeo_bench_eurosat/blog_post/training_fractions/random/olmoearth_v1_2_base.csv,0.9701851851851852,True,random,fresh_extraction_and_refit,2,6189cbb0d8ade5823c57fabbfd6e047cf8031e947cde391fda3679c972cda129
eurosat,5,0.09259259259258856,9886ca16afaf128330b6019ac79249718986b1205e72c52053e498173ec39e89,0.9775925925925926,942.6684551178854,0.9742500185966492,0.9814861416816711,nested_random_permutation_of_shuffled_embeddings_v1,output/backbones/olmoearth_base_eurosat.csv,0.9288148148148148,-4.877777777777781,False,olmoearth_base,5400,810,5400,0.9775925925925926,0.9766666666666667,3070.2906297578375,0.9727731347084045,0.9803703427314758,False,False,924f0a80b27f4f2d8fdab4cdfcbd13515ee4989c:experiments/torchgeo_bench_eurosat/blog_post/training_fractions/random/olmoearth_v1_2_base.csv,0.9775925925925926,True,random,fresh_extraction_and_refit,5,58e20941f7781065352bc814d5cfd98aff3410abd8210897f83a7985d349970f
eurosat,2,0.037037037037035425,9886ca16afaf128330b6019ac79249718986b1205e72c52053e498173ec39e89,0.9831481481481481,2.5719138090593416,0.980180561542511,0.9861157536506653,nested_random_permutation_of_shuffled_embeddings_v1,output/backbones/olmoearth_base_eurosat.csv,0.9424444444444445,-4.070370370370357,False,olmoearth_base,5400,1620,5400,0.9831481481481481,0.9827777777777778,4.641588833612772,0.9796249866485596,0.985745370388031,False,False,924f0a80b27f4f2d8fdab4cdfcbd13515ee4989c:experiments/torchgeo_bench_eurosat/blog_post/training_fractions/random/olmoearth_v1_2_base.csv,0.9831481481481481,True,random,fresh_extraction_and_refit,10,df9305153978db8f6eef7a60e0c1da49520c39cfab1047721aec0a19e92f35df
eurosat,-1,-0.018518518518517713,9886ca16afaf128330b6019ac79249718986b1205e72c52053e498173ec39e89,0.9827777777777778,2.5719138090593416,0.9794444441795349,0.9855647683143616,nested_random_permutation_of_shuffled_embeddings_v1,output/backbones/olmoearth_base_eurosat.csv,0.9491481481481483,-3.3629629629629454,False,olmoearth_base,5400,3240,5400,0.9827777777777778,0.9829629629629629,2.5719138090593416,0.9796249866485596,0.9859259128570557,False,False,924f0a80b27f4f2d8fdab4cdfcbd13515ee4989c:experiments/torchgeo_bench_eurosat/blog_post/training_fractions/random/olmoearth_v1_2_base.csv,0.9827777777777778,True,random,fresh_extraction_and_refit,20,371ceb525e70641006887b87a36804e3b570757519c7695784241c38d7c4e709
eurosat,1,0.018518518518517713,9886ca16afaf128330b6019ac79249718986b1205e72c52053e498173ec39e89,0.985,49.238826317067314,0.9820323586463928,0.9877777695655823,nested_random_permutation_of_shuffled_embeddings_v1,output/backbones/olmoearth_base_eurosat.csv,0.9570000000000001,-2.7999999999999914,False,olmoearth_base,5400,8100,5400,0.985,0.9848148148148148,289.426612471674,0.9816574454307556,0.9877777695655823,False,False,924f0a80b27f4f2d8fdab4cdfcbd13515ee4989c:experiments/torchgeo_bench_eurosat/blog_post/training_fractions/random/olmoearth_v1_2_base.csv,0.985,True,random,fresh_extraction_and_refit,50,52aa2684f113508714c805aa0d586dc93ed2fb50e9f5c36362e9b57d2483007d
eurosat,0,0.0,9886ca16afaf128330b6019ac79249718986b1205e72c52053e498173ec39e89,0.9879629629629629,2.5719138090593416,0.9853565096855164,0.9909305572509766,nested_random_permutation_of_shuffled_embeddings_v1,output/backbones/olmoearth_base_eurosat.csv,0.9603703703703703,-2.7592592592592613,True,olmoearth_base,5400,16200,5400,0.9879629629629629,0.9879629629629629,2.5719138090593416,0.9853565096855164,0.9909305572509766,False,False,924f0a80b27f4f2d8fdab4cdfcbd13515ee4989c:experiments/torchgeo_bench_eurosat/blog_post/training_fractions/random/olmoearth_v1_2_base.csv,0.9879629629629629,True,random,fresh_extraction_and_refit,100,dd04f5f7955ed8eb9642bbd02479dfa4bc5279832f45abfdeea6a085710793fa
eurosat-spatial,4,0.07407407407408195,c6c5ee336ef560cbb4e25fc75f2a067b3d1cef6db158ab3d5e73d11859cdc7aa,0.79,10000.0,0.7786712646484375,0.8020370602607727,nested_random_permutation_of_shuffled_embeddings_v1,output/backbones/resnet50_eurosat-spatial.csv,0.8651111111111112,7.511111111111113,False,resnet50,5400,162,5400,0.79,0.7892592592592592,5541.020330009481,0.7779537439346313,0.8013009428977966,False,False,924f0a80b27f4f2d8fdab4cdfcbd13515ee4989c:experiments/torchgeo_bench_eurosat/blog_post/training_fractions/spatial/resnet50.csv,0.79,True,spatial,fresh_extraction_and_refit,1,a17c6eabcd2a80e2af36adab4257fb81cbe9856302551fe6271ebb85747edf8b
eurosat-spatial,5,0.09259259259258856,c6c5ee336ef560cbb4e25fc75f2a067b3d1cef6db158ab3d5e73d11859cdc7aa,0.812037037037037,942.6684551178854,0.8011064529418945,0.8235324025154114,nested_random_permutation_of_shuffled_embeddings_v1,output/backbones/resnet50_eurosat-spatial.csv,0.8742222222222222,6.218518518518524,False,resnet50,5400,324,5400,0.812037037037037,0.8111111111111111,289.426612471674,0.8001620769500732,0.8213379383087158,False,False,924f0a80b27f4f2d8fdab4cdfcbd13515ee4989c:experiments/torchgeo_bench_eurosat/blog_post/training_fractions/spatial/resnet50.csv,0.812037037037037,True,spatial,fresh_extraction_and_refit,2,cfcd3804ed24515ca103a68525fb26458f14f98a879ec9667552083b8346d6b7
eurosat-spatial,8,0.1481481481481528,c6c5ee336ef560cbb4e25fc75f2a067b3d1cef6db158ab3d5e73d11859cdc7aa,0.8388888888888889,88.86238162743389,0.82833331823349,0.8487083315849304,nested_random_permutation_of_shuffled_embeddings_v1,output/backbones/resnet50_eurosat-spatial.csv,0.8996296296296296,6.0740740740740655,False,resnet50,5400,810,5400,0.8388888888888889,0.8374074074074074,160.37187437513276,0.8262916207313538,0.8474166393280029,False,False,924f0a80b27f4f2d8fdab4cdfcbd13515ee4989c:experiments/torchgeo_bench_eurosat/blog_post/training_fractions/spatial/resnet50.csv,0.8388888888888889,True,spatial,fresh_extraction_and_refit,5,e06216be7d676946eca69db0a31b15ed29ef283f9042c5c225509de11a05b114
eurosat-spatial,-2,-0.037037037037035425,c6c5ee336ef560cbb4e25fc75f2a067b3d1cef6db158ab3d5e73d11859cdc7aa,0.8448148148148148,160.37187437513276,0.8357407450675964,0.8555647730827332,nested_random_permutation_of_shuffled_embeddings_v1,output/backbones/resnet50_eurosat-spatial.csv,0.9053703703703704,6.055555555555559,False,resnet50,5400,1620,5400,0.8448148148148148,0.8451851851851852,88.86238162743389,0.8357222080230713,0.8559351563453674,False,False,924f0a80b27f4f2d8fdab4cdfcbd13515ee4989c:experiments/torchgeo_bench_eurosat/blog_post/training_fractions/spatial/resnet50.csv,0.8448148148148148,True,spatial,fresh_extraction_and_refit,10,ed0ce294926a10d5011e4dfd037cfdcd2c0ccd0ae307a9760dd6b8ef2b8debfc
eurosat-spatial,3,0.05555555555555314,c6c5ee336ef560cbb4e25fc75f2a067b3d1cef6db158ab3d5e73d11859cdc7aa,0.8572222222222222,0.7896522868499717,0.847944438457489,0.8674166202545166,nested_random_permutation_of_shuffled_embeddings_v1,output/backbones/resnet50_eurosat-spatial.csv,0.9168888888888889,5.966666666666665,False,resnet50,5400,3240,5400,0.8572222222222222,0.8566666666666667,0.7896522868499717,0.8468471765518188,0.8663148283958435,False,False,924f0a80b27f4f2d8fdab4cdfcbd13515ee4989c:experiments/torchgeo_bench_eurosat/blog_post/training_fractions/spatial/resnet50.csv,0.8572222222222222,True,spatial,fresh_extraction_and_refit,20,40fd68b000ace200f1ffb0c60b495d9f2f7b910b061f406b64231399015ffa3d
eurosat-spatial,0,0.0,c6c5ee336ef560cbb4e25fc75f2a067b3d1cef6db158ab3d5e73d11859cdc7aa,0.8703703703703703,2.5719138090593416,0.860736072063446,0.8792731761932373,nested_random_permutation_of_shuffled_embeddings_v1,output/backbones/resnet50_eurosat-spatial.csv,0.926962962962963,5.659259259259263,True,resnet50,5400,8100,5400,0.8703703703703703,0.8703703703703703,2.5719138090593416,0.8607407212257385,0.8800046443939209,False,False,924f0a80b27f4f2d8fdab4cdfcbd13515ee4989c:experiments/torchgeo_bench_eurosat/blog_post/training_fractions/spatial/resnet50.csv,0.8703703703703703,True,spatial,fresh_extraction_and_refit,50,53de72db15f4613b05924defca690deeab5a4ee178a86b9f7b0928f80e1ee66e
eurosat-spatial,5,0.09259259259258856,c6c5ee336ef560cbb4e25fc75f2a067b3d1cef6db158ab3d5e73d11859cdc7aa,0.8853703703703704,0.7896522868499717,0.877407431602478,0.8938888907432556,nested_random_permutation_of_shuffled_embeddings_v1,output/backbones/resnet50_eurosat-spatial.csv,0.9275925925925927,4.222222222222238,False,resnet50,5400,16200,5400,0.8853703703703704,0.8844444444444445,0.7896522868499717,0.876287043094635,0.8931527733802795,False,False,924f0a80b27f4f2d8fdab4cdfcbd13515ee4989c:experiments/torchgeo_bench_eurosat/blog_post/training_fractions/spatial/resnet50.csv,0.8853703703703704,True,spatial,fresh_extraction_and_refit,100,e296f1f60431b73d20c153aa0ae2f66169fcd85302d866db8104ba039a8d9f14
eurosat-spatial,24,0.4444444444444362,13093ff99cc3953a33291fb6bfe30e1d4999939dbbd9a260fdc32defb422b2ad,0.8401851851851851,942.6684551178854,0.8292546272277832,0.8490740656852722,nested_random_permutation_of_shuffled_embeddings_v1,output/backbones/convnext_tiny_eurosat-spatial.csv,0.8651111111111112,2.492592592592602,False,convnext_tiny,5400,162,5400,0.8401851851851851,0.8357407407407408,10000.0,0.8255324363708496,0.8446296453475952,False,False,924f0a80b27f4f2d8fdab4cdfcbd13515ee4989c:experiments/torchgeo_bench_eurosat/blog_post/training_fractions/spatial/convnext_tiny.csv,0.8401851851851851,True,spatial,fresh_extraction_and_refit,1,60c607878f763da3c204e0a2c0aa100a8496a5d55e7c3a1b66259de5dd677662
eurosat-spatial,-8,-0.1481481481481417,13093ff99cc3953a33291fb6bfe30e1d4999939dbbd9a260fdc32defb422b2ad,0.8381481481481482,0.437547937507418,0.8285185098648071,0.8479629755020142,nested_random_permutation_of_shuffled_embeddings_v1,output/backbones/convnext_tiny_eurosat-spatial.csv,0.8742222222222222,3.6074074074074036,False,convnext_tiny,5400,324,5400,0.8381481481481482,0.8396296296296296,0.13433993325988988,0.829620361328125,0.848527729511261,False,False,924f0a80b27f4f2d8fdab4cdfcbd13515ee4989c:experiments/torchgeo_bench_eurosat/blog_post/training_fractions/spatial/convnext_tiny.csv,0.8381481481481482,True,spatial,fresh_extraction_and_refit,2,caba63431bdf5b4f5a2f61ef2e40d4bc7a0778b9467f0b400576dbef6d81aed4
eurosat-spatial,2,0.037037037037035425,13093ff99cc3953a33291fb6bfe30e1d4999939dbbd9a260fdc32defb422b2ad,0.885,0.24244620170823258,0.8757407665252686,0.89278244972229,nested_random_permutation_of_shuffled_embeddings_v1,output/backbones/convnext_tiny_eurosat-spatial.csv,0.8996296296296296,1.4629629629629548,False,convnext_tiny,5400,810,5400,0.885,0.8846296296296297,0.437547937507418,0.8753657341003418,0.8924120664596558,False,False,924f0a80b27f4f2d8fdab4cdfcbd13515ee4989c:experiments/torchgeo_bench_eurosat/blog_post/training_fractions/spatial/convnext_tiny.csv,0.885,True,spatial,fresh_extraction_and_refit,5,436bd0daf40f3524eac91d241abeda2e5d1958cb0dbc56bfb97f723310bba4a7
eurosat-spatial,8,0.1481481481481417,13093ff99cc3953a33291fb6bfe30e1d4999939dbbd9a260fdc32defb422b2ad,0.9007407407407407,0.012663801734674022,0.8927731513977051,0.9081805944442749,nested_random_permutation_of_shuffled_embeddings_v1,output/backbones/convnext_tiny_eurosat-spatial.csv,0.9053703703703704,0.462962962962965,False,convnext_tiny,5400,1620,5400,0.9007407407407407,0.8992592592592593,0.007017038286703823,0.8916620016098022,0.9070509076118469,False,False,924f0a80b27f4f2d8fdab4cdfcbd13515ee4989c:experiments/torchgeo_bench_eurosat/blog_post/training_fractions/spatial/convnext_tiny.csv,0.9007407407407407,True,spatial,fresh_extraction_and_refit,10,142daa559702f6afe07665ffca78b21a331b9dad12d4d884beca897f759776bf
eurosat-spatial,1,0.018518518518517713,13093ff99cc3953a33291fb6bfe30e1d4999939dbbd9a260fdc32defb422b2ad,0.9057407407407407,0.13433993325988988,0.8981481194496155,0.912064790725708,nested_random_permutation_of_shuffled_embeddings_v1,output/backbones/convnext_tiny_eurosat-spatial.csv,0.9168888888888889,1.114814814814813,False,convnext_tiny,5400,3240,5400,0.9057407407407407,0.9055555555555556,0.13433993325988988,0.8977731466293335,0.9122314453125,False,False,924f0a80b27f4f2d8fdab4cdfcbd13515ee4989c:experiments/torchgeo_bench_eurosat/blog_post/training_fractions/spatial/convnext_tiny.csv,0.9057407407407407,True,spatial,fresh_extraction_and_refit,20,c2c835630c4100df4042d7068340b5ffc1bdbe742621b611ee03e9eb29eaf252
eurosat-spatial,-13,-0.24074074074074137,13093ff99cc3953a33291fb6bfe30e1d4999939dbbd9a260fdc32defb422b2ad,0.9283333333333333,0.003888155180308085,0.9225740432739258,0.936120331287384,nested_random_permutation_of_shuffled_embeddings_v1,output/backbones/convnext_tiny_eurosat-spatial.csv,0.926962962962963,-0.13703703703703551,False,convnext_tiny,5400,8100,5400,0.9283333333333333,0.9307407407407408,0.007017038286703823,0.925000011920929,0.9379629492759705,False,False,924f0a80b27f4f2d8fdab4cdfcbd13515ee4989c:experiments/torchgeo_bench_eurosat/blog_post/training_fractions/spatial/convnext_tiny.csv,0.9283333333333333,True,spatial,fresh_extraction_and_refit,50,5ae9cfbd0f19206f9a63fdeffa341139efa1754a81bc09b54c57221a622ccea6
eurosat-spatial,-10,-0.18518518518518823,13093ff99cc3953a33291fb6bfe30e1d4999939dbbd9a260fdc32defb422b2ad,0.9335185185185185,0.002154434690031882,0.9277685284614563,0.9401898384094238,nested_random_permutation_of_shuffled_embeddings_v1,output/backbones/convnext_tiny_eurosat-spatial.csv,0.9275925925925927,-0.5925925925925779,False,convnext_tiny,5400,16200,5400,0.9335185185185185,0.9353703703703704,0.003888155180308085,0.9296157360076904,0.9422268867492676,False,False,924f0a80b27f4f2d8fdab4cdfcbd13515ee4989c:experiments/torchgeo_bench_eurosat/blog_post/training_fractions/spatial/convnext_tiny.csv,0.9335185185185185,True,spatial,fresh_extraction_and_refit,100,c6c02c4770bf228ddf53dcce2dbe1022d8b34f6965b09203138fad403489cfb9
eurosat-spatial,-13,-0.24074074074074137,44024d22d391e5731d4581781dde710f39d124d2f3ccd888ca4aa0c14206e815,0.7955555555555556,942.6684551178854,0.7840648293495178,0.8085277676582336,nested_random_permutation_of_shuffled_embeddings_v1,output/backbones/dofa_base_eurosat-spatial.csv,0.8651111111111112,6.955555555555559,False,dofa_base,5400,162,5400,0.7955555555555556,0.797962962962963,10000.0,0.7861064672470093,0.8103796243667603,False,False,924f0a80b27f4f2d8fdab4cdfcbd13515ee4989c:experiments/torchgeo_bench_eurosat/blog_post/training_fractions/spatial/tgeo_dofa_base.csv,0.7955555555555556,True,spatial,fresh_extraction_and_refit,1,f0613f0e1886dc1d5415e1ab61db7c9fd2a969e38e1444b40fd2fbbfc6924be9
eurosat-spatial,6,0.11111111111111738,44024d22d391e5731d4581781dde710f39d124d2f3ccd888ca4aa0c14206e815,0.832962962962963,8.376776400682907,0.8205509185791016,0.8442592620849609,nested_random_permutation_of_shuffled_embeddings_v1,output/backbones/dofa_base_eurosat-spatial.csv,0.8742222222222222,4.125925925925921,False,dofa_base,5400,324,5400,0.832962962962963,0.8318518518518518,4.641588833612772,0.8190648555755615,0.8433379530906677,False,False,924f0a80b27f4f2d8fdab4cdfcbd13515ee4989c:experiments/torchgeo_bench_eurosat/blog_post/training_fractions/spatial/tgeo_dofa_base.csv,0.832962962962963,True,spatial,fresh_extraction_and_refit,2,1ff2c90c928001ba9a5f3aa088c6769502814ff1f09ab98a2bb4457b21f9079f
eurosat-spatial,15,0.2777777777777768,44024d22d391e5731d4581781dde710f39d124d2f3ccd888ca4aa0c14206e815,0.8796296296296297,8.376776400682907,0.8722130060195923,0.8887314796447754,nested_random_permutation_of_shuffled_embeddings_v1,output/backbones/dofa_base_eurosat-spatial.csv,0.8996296296296296,1.9999999999999907,False,dofa_base,5400,810,5400,0.8796296296296297,0.8768518518518519,4.641588833612772,0.8690693974494934,0.8864953517913818,False,False,924f0a80b27f4f2d8fdab4cdfcbd13515ee4989c:experiments/torchgeo_bench_eurosat/blog_post/training_fractions/spatial/tgeo_dofa_base.csv,0.8796296296296297,True,spatial,fresh_extraction_and_refit,5,1b30c441a79cd7cce3b08c2f1ef041caf187b77b9d60203376d865b2fe16c59e
eurosat-spatial,4,0.07407407407407085,44024d22d391e5731d4581781dde710f39d124d2f3ccd888ca4aa0c14206e815,0.89,160.37187437513276,0.882027804851532,0.8983471989631653,nested_random_permutation_of_shuffled_embeddings_v1,output/backbones/dofa_base_eurosat-spatial.csv,0.9053703703703704,1.5370370370370368,False,dofa_base,5400,1620,5400,0.89,0.8892592592592593,160.37187437513276,0.8805416822433472,0.8972314596176147,False,False,924f0a80b27f4f2d8fdab4cdfcbd13515ee4989c:experiments/torchgeo_bench_eurosat/blog_post/training_fractions/spatial/tgeo_dofa_base.csv,0.89,True,spatial,fresh_extraction_and_refit,10,e8bce8446d6c63d627eb4829f760218b313848d52de49b9ffec22286ba49b99f
eurosat-spatial,-6,-0.11111111111110628,44024d22d391e5731d4581781dde710f39d124d2f3ccd888ca4aa0c14206e815,0.8894444444444445,0.7896522868499717,0.8820370435714722,0.8987036943435669,nested_random_permutation_of_shuffled_embeddings_v1,output/backbones/dofa_base_eurosat-spatial.csv,0.9168888888888889,2.7444444444444382,False,dofa_base,5400,3240,5400,0.8894444444444445,0.8905555555555555,0.7896522868499717,0.8831434845924377,0.8998148441314697,False,False,924f0a80b27f4f2d8fdab4cdfcbd13515ee4989c:experiments/torchgeo_bench_eurosat/blog_post/training_fractions/spatial/tgeo_dofa_base.csv,0.8894444444444445,True,spatial,fresh_extraction_and_refit,20,2ebf049986853cb2bca538fc4906242415e64ab8ec6661c81c9a40de5a706e60
eurosat-spatial,7,0.1296296296296351,44024d22d391e5731d4581781dde710f39d124d2f3ccd888ca4aa0c14206e815,0.9075925925925926,4.641588833612772,0.900726854801178,0.9157453775405884,nested_random_permutation_of_shuffled_embeddings_v1,output/backbones/dofa_base_eurosat-spatial.csv,0.926962962962963,1.9370370370370371,False,dofa_base,5400,8100,5400,0.9075925925925926,0.9062962962962963,15.117750706156599,0.8994352221488953,0.9146435260772705,False,False,924f0a80b27f4f2d8fdab4cdfcbd13515ee4989c:experiments/torchgeo_bench_eurosat/blog_post/training_fractions/spatial/tgeo_dofa_base.csv,0.9075925925925926,True,spatial,fresh_extraction_and_refit,50,2616324e0fda3964256fc51a909c45af07b138f26cbec7c08069c88cb5400e2c
eurosat-spatial,8,0.1481481481481528,44024d22d391e5731d4581781dde710f39d124d2f3ccd888ca4aa0c14206e815,0.9177777777777778,2.5719138090593416,0.9101851582527161,0.9255555272102356,nested_random_permutation_of_shuffled_embeddings_v1,output/backbones/dofa_base_eurosat-spatial.csv,0.9275925925925927,0.9814814814814943,False,dofa_base,5400,16200,5400,0.9177777777777778,0.9162962962962963,2.5719138090593416,0.909074068069458,0.9244583249092102,False,False,924f0a80b27f4f2d8fdab4cdfcbd13515ee4989c:experiments/torchgeo_bench_eurosat/blog_post/training_fractions/spatial/tgeo_dofa_base.csv,0.9177777777777778,True,spatial,fresh_extraction_and_refit,100,6437bc3c76db3b3658f10a20934eae8e5e35ba196b25d5a9a6e31a8ccfd72b5e
eurosat-spatial,0,0.0,0906dcb57d8fa179354481e9eaeeae0fc689520b07b4a86e2ba49a4de7af65ee,0.8655555555555555,27.28333376486764,0.8568194508552551,0.8737176060676575,nested_random_permutation_of_shuffled_embeddings_v1,output/backbones/dofa_large_eurosat-spatial.csv,0.8651111111111112,-0.04444444444443585,True,dofa_large,5400,162,5400,0.8655555555555555,0.8655555555555555,88.86238162743389,0.8559120297431946,0.8742592334747314,False,False,924f0a80b27f4f2d8fdab4cdfcbd13515ee4989c:experiments/torchgeo_bench_eurosat/blog_post/training_fractions/spatial/tgeo_dofa_large.csv,0.8655555555555555,True,spatial,fresh_extraction_and_refit,1,34ced3d6f3098f8f3fedd7a3cd84fea8d8c7ded675e24867b7d0c8bcd859f972
eurosat-spatial,-7,-0.1296296296296351,0906dcb57d8fa179354481e9eaeeae0fc689520b07b4a86e2ba49a4de7af65ee,0.8857407407407407,5541.020330009481,0.8773888945579529,0.895370364189148,nested_random_permutation_of_shuffled_embeddings_v1,output/backbones/dofa_large_eurosat-spatial.csv,0.8742222222222222,-1.1518518518518484,False,dofa_large,5400,324,5400,0.8857407407407407,0.8870370370370371,3070.2906297578375,0.8785092830657959,0.8959305882453918,False,False,924f0a80b27f4f2d8fdab4cdfcbd13515ee4989c:experiments/torchgeo_bench_eurosat/blog_post/training_fractions/spatial/tgeo_dofa_large.csv,0.8857407407407407,True,spatial,fresh_extraction_and_refit,2,2366e10758260a005bf9daa5bdb2c1f4ad334af85eec767aab32e59c169fac1b
eurosat-spatial,-13,-0.24074074074074137,0906dcb57d8fa179354481e9eaeeae0fc689520b07b4a86e2ba49a4de7af65ee,0.8951851851851852,0.0744380301325168,0.886847198009491,0.9029629826545715,nested_random_permutation_of_shuffled_embeddings_v1,output/backbones/dofa_large_eurosat-spatial.csv,0.8996296296296296,0.4444444444444362,False,dofa_large,5400,810,5400,0.8951851851851852,0.8975925925925926,942.6684551178854,0.8892453908920288,0.9061157703399658,False,False,924f0a80b27f4f2d8fdab4cdfcbd13515ee4989c:experiments/torchgeo_bench_eurosat/blog_post/training_fractions/spatial/tgeo_dofa_large.csv,0.8951851851851852,True,spatial,fresh_extraction_and_refit,5,e3c01112416b2a2a4c7953530ffad389fb31c2eee76939e63d9faeff8cef6152
eurosat-spatial,0,0.0,0906dcb57d8fa179354481e9eaeeae0fc689520b07b4a86e2ba49a4de7af65ee,0.9209259259259259,0.24244620170823258,0.9135185480117798,0.928157389163971,nested_random_permutation_of_shuffled_embeddings_v1,output/backbones/dofa_large_eurosat-spatial.csv,0.9053703703703704,-1.5555555555555545,True,dofa_large,5400,1620,5400,0.9209259259259259,0.9209259259259259,0.24244620170823258,0.9138888716697693,0.9283425807952881,False,False,924f0a80b27f4f2d8fdab4cdfcbd13515ee4989c:experiments/torchgeo_bench_eurosat/blog_post/training_fractions/spatial/tgeo_dofa_large.csv,0.9209259259259259,True,spatial,fresh_extraction_and_refit,10,8622cb396b2780186e60ed5223ce09ba7f167421820b2fdea2b34c07f2035807
eurosat-spatial,0,0.0,0906dcb57d8fa179354481e9eaeeae0fc689520b07b4a86e2ba49a4de7af65ee,0.93,0.437547937507418,0.9227777719497681,0.9372222423553467,nested_random_permutation_of_shuffled_embeddings_v1,output/backbones/dofa_large_eurosat-spatial.csv,0.9168888888888889,-1.3111111111111184,True,dofa_large,5400,3240,5400,0.93,0.93,0.437547937507418,0.9227731227874756,0.9374120831489563,False,False,924f0a80b27f4f2d8fdab4cdfcbd13515ee4989c:experiments/torchgeo_bench_eurosat/blog_post/training_fractions/spatial/tgeo_dofa_large.csv,0.93,True,spatial,fresh_extraction_and_refit,20,b75b8e268200cc8b12b5d3ee479177987390929a919c9c210280b92848366e23
eurosat-spatial,-3,-0.05555555555555314,0906dcb57d8fa179354481e9eaeeae0fc689520b07b4a86e2ba49a4de7af65ee,0.9340740740740741,0.7896522868499717,0.926662027835846,0.9412962794303894,nested_random_permutation_of_shuffled_embeddings_v1,output/backbones/dofa_large_eurosat-spatial.csv,0.926962962962963,-0.7111111111111068,False,dofa_large,5400,8100,5400,0.9340740740740741,0.9346296296296296,0.7896522868499717,0.9274027347564697,0.9416713118553162,False,False,924f0a80b27f4f2d8fdab4cdfcbd13515ee4989c:experiments/torchgeo_bench_eurosat/blog_post/training_fractions/spatial/tgeo_dofa_large.csv,0.9340740740740741,True,spatial,fresh_extraction_and_refit,50,159f42a349f99d5a16839f0b9dc72689ded9e25d8866a99421cb51ddf08cad42
eurosat-spatial,5,0.09259259259259967,0906dcb57d8fa179354481e9eaeeae0fc689520b07b4a86e2ba49a4de7af65ee,0.9451851851851852,0.04124626382901348,0.9379351735115051,0.9509305953979492,nested_random_permutation_of_shuffled_embeddings_v1,output/backbones/dofa_large_eurosat-spatial.csv,0.9275925925925927,-1.7592592592592493,False,dofa_large,5400,16200,5400,0.9451851851851852,0.9442592592592592,0.13433993325988988,0.9377685189247131,0.9505602121353149,False,False,924f0a80b27f4f2d8fdab4cdfcbd13515ee4989c:experiments/torchgeo_bench_eurosat/blog_post/training_fractions/spatial/tgeo_dofa_large.csv,0.9451851851851852,True,spatial,fresh_extraction_and_refit,100,2261964664e006ea538167b479fb1583a7a2d1fb9af2d9618c9fc4ae8bf686ca
eurosat-spatial,14,0.2592592592592591,b23bf6c588dc71fc63153e4aadd0b47761c609a4de019e4f451cf9fe0755ff8e,0.8057407407407408,3070.2906297578375,0.7955555319786072,0.8153842687606812,nested_random_permutation_of_shuffled_embeddings_v1,output/backbones/olmoearth_nano_eurosat-spatial.csv,0.8651111111111112,5.93703703703704,False,olmoearth_nano,5400,162,5400,0.8057407407407408,0.8031481481481482,10000.0,0.7924027442932129,0.8131620287895203,False,False,924f0a80b27f4f2d8fdab4cdfcbd13515ee4989c:experiments/torchgeo_bench_eurosat/blog_post/training_fractions/spatial/olmoearth_v1_2_nano.csv,0.8057407407407408,True,spatial,fresh_extraction_and_refit,1,1750c94502c990d2e012ff308b4473ccc4dc83004b34898e31af4f014856d9ae
eurosat-spatial,9,0.1666666666666594,b23bf6c588dc71fc63153e4aadd0b47761c609a4de019e4f451cf9fe0755ff8e,0.8583333333333333,49.238826317067314,0.8492546081542969,0.866486132144928,nested_random_permutation_of_shuffled_embeddings_v1,output/backbones/olmoearth_nano_eurosat-spatial.csv,0.8742222222222222,1.5888888888888952,False,olmoearth_nano,5400,324,5400,0.8583333333333333,0.8566666666666667,160.37187437513276,0.8472222089767456,0.8650000095367432,False,False,924f0a80b27f4f2d8fdab4cdfcbd13515ee4989c:experiments/torchgeo_bench_eurosat/blog_post/training_fractions/spatial/olmoearth_v1_2_nano.csv,0.8583333333333333,True,spatial,fresh_extraction_and_refit,2,bc6230f79d4675e0482fbdd01f920250f7fcfcaf0865a828541594cfd0022852
eurosat-spatial,2,0.037037037037035425,b23bf6c588dc71fc63153e4aadd0b47761c609a4de019e4f451cf9fe0755ff8e,0.9027777777777778,49.238826317067314,0.8961111307144165,0.9100092649459839,nested_random_permutation_of_shuffled_embeddings_v1,output/backbones/olmoearth_nano_eurosat-spatial.csv,0.8996296296296296,-0.3148148148148233,False,olmoearth_nano,5400,810,5400,0.9027777777777778,0.9024074074074074,49.238826317067314,0.8953611254692078,0.9100000262260437,False,False,924f0a80b27f4f2d8fdab4cdfcbd13515ee4989c:experiments/torchgeo_bench_eurosat/blog_post/training_fractions/spatial/olmoearth_v1_2_nano.csv,0.9027777777777778,True,spatial,fresh_extraction_and_refit,5,afe6f52e8865cb3406aeadf24e3031135fe69e54b8b0d99fbac0341d81b2b43b
eurosat-spatial,0,0.0,b23bf6c588dc71fc63153e4aadd0b47761c609a4de019e4f451cf9fe0755ff8e,0.9020370370370371,27.28333376486764,0.8955555558204651,0.9089027643203735,nested_random_permutation_of_shuffled_embeddings_v1,output/backbones/olmoearth_nano_eurosat-spatial.csv,0.9053703703703704,0.33333333333332993,True,olmoearth_nano,5400,1620,5400,0.9020370370370371,0.9020370370370371,27.28333376486764,0.8955555558204651,0.908907413482666,False,False,924f0a80b27f4f2d8fdab4cdfcbd13515ee4989c:experiments/torchgeo_bench_eurosat/blog_post/training_fractions/spatial/olmoearth_v1_2_nano.csv,0.9020370370370371,True,spatial,fresh_extraction_and_refit,10,002d51c481ab19860b26718a76bf64732360de144457573c56d6424bcd3b05e6
eurosat-spatial,-10,-0.18518518518518823,b23bf6c588dc71fc63153e4aadd0b47761c609a4de019e4f451cf9fe0755ff8e,0.9116666666666666,15.117750706156599,0.9049999713897705,0.9187036752700806,nested_random_permutation_of_shuffled_embeddings_v1,output/backbones/olmoearth_nano_eurosat-spatial.csv,0.9168888888888889,0.5222222222222239,False,olmoearth_nano,5400,3240,5400,0.9116666666666666,0.9135185185185185,27.28333376486764,0.9073888659477234,0.9203703999519348,False,False,924f0a80b27f4f2d8fdab4cdfcbd13515ee4989c:experiments/torchgeo_bench_eurosat/blog_post/training_fractions/spatial/olmoearth_v1_2_nano.csv,0.9116666666666666,True,spatial,fresh_extraction_and_refit,20,a2160597f8b0f7d17b02acac714261b148d3afbe279c70d7eec4430052c05dfc
eurosat-spatial,-2,-0.037037037037035425,b23bf6c588dc71fc63153e4aadd0b47761c609a4de019e4f451cf9fe0755ff8e,0.9259259259259259,27.28333376486764,0.9185185432434082,0.932601809501648,nested_random_permutation_of_shuffled_embeddings_v1,output/backbones/olmoearth_nano_eurosat-spatial.csv,0.926962962962963,0.10370370370370585,False,olmoearth_nano,5400,8100,5400,0.9259259259259259,0.9262962962962963,27.28333376486764,0.9190648198127747,0.9327870011329651,False,False,924f0a80b27f4f2d8fdab4cdfcbd13515ee4989c:experiments/torchgeo_bench_eurosat/blog_post/training_fractions/spatial/olmoearth_v1_2_nano.csv,0.9259259259259259,True,spatial,fresh_extraction_and_refit,50,3f7b1a0d9568b12a75df714f298d1ba4a1fb11d7504d136386179889a6dba046
eurosat-spatial,-3,-0.05555555555555314,b23bf6c588dc71fc63153e4aadd0b47761c609a4de019e4f451cf9fe0755ff8e,0.929074074074074,49.238826317067314,0.9225925803184509,0.9355648159980774,nested_random_permutation_of_shuffled_embeddings_v1,output/backbones/olmoearth_nano_eurosat-spatial.csv,0.9275925925925927,-0.1481481481481306,False,olmoearth_nano,5400,16200,5400,0.929074074074074,0.9296296296296296,49.238826317067314,0.923328697681427,0.9361110925674438,False,False,924f0a80b27f4f2d8fdab4cdfcbd13515ee4989c:experiments/torchgeo_bench_eurosat/blog_post/training_fractions/spatial/olmoearth_v1_2_nano.csv,0.929074074074074,True,spatial,fresh_extraction_and_refit,100,7f41ded9ac1e2e475fa12464af1e92fc8fdc07aab42f3a0b51df6856d635185c
eurosat-spatial,5,0.09259259259258856,3e74256a2e15d2da823b5a495f790165ce595dc88b15a89eba9dcb8eb1c03eec,0.9246296296296296,942.6684551178854,0.9177731275558472,0.9316713213920593,nested_random_permutation_of_shuffled_embeddings_v1,output/backbones/olmoearth_small_eurosat-spatial.csv,0.8651111111111112,-5.951851851851842,False,olmoearth_small,5400,162,5400,0.9246296296296296,0.9237037037037037,3070.2906297578375,0.9177592396736145,0.9309351444244385,False,False,924f0a80b27f4f2d8fdab4cdfcbd13515ee4989c:experiments/torchgeo_bench_eurosat/blog_post/training_fractions/spatial/olmoearth_v1_2_small.csv,0.9246296296296296,True,spatial,fresh_extraction_and_refit,1,102ebae3de1306c6249e9ef171559927639052dd004a503bcbc494226cd45c33
eurosat-spatial,-3,-0.05555555555556424,3e74256a2e15d2da823b5a495f790165ce595dc88b15a89eba9dcb8eb1c03eec,0.9372222222222222,3070.2906297578375,0.9316666722297668,0.9433333277702332,nested_random_permutation_of_shuffled_embeddings_v1,output/backbones/olmoearth_small_eurosat-spatial.csv,0.8742222222222222,-6.2999999999999945,False,olmoearth_small,5400,324,5400,0.9372222222222222,0.9377777777777778,1701.2542798525858,0.9322222471237183,0.9444444179534912,False,False,924f0a80b27f4f2d8fdab4cdfcbd13515ee4989c:experiments/torchgeo_bench_eurosat/blog_post/training_fractions/spatial/olmoearth_v1_2_small.csv,0.9372222222222222,True,spatial,fresh_extraction_and_refit,2,ed41bc1e49d5923fb925c92de739055604d713bf26cd1a979be8941886c63529
eurosat-spatial,-6,-0.11111111111110628,3e74256a2e15d2da823b5a495f790165ce595dc88b15a89eba9dcb8eb1c03eec,0.9507407407407408,3070.2906297578375,0.9448148012161255,0.9568749666213989,nested_random_permutation_of_shuffled_embeddings_v1,output/backbones/olmoearth_small_eurosat-spatial.csv,0.8996296296296296,-5.111111111111121,False,olmoearth_small,5400,810,5400,0.9507407407407408,0.9518518518518518,3070.2906297578375,0.9459213018417358,0.9583333134651184,False,False,924f0a80b27f4f2d8fdab4cdfcbd13515ee4989c:experiments/torchgeo_bench_eurosat/blog_post/training_fractions/spatial/olmoearth_v1_2_small.csv,0.9507407407407408,True,spatial,fresh_extraction_and_refit,5,cd8f48472e1b12b65340cea63108cf5ef19a54617ac8e56ae26e0a335e7d6cf2
eurosat-spatial,5,0.09259259259258856,3e74256a2e15d2da823b5a495f790165ce595dc88b15a89eba9dcb8eb1c03eec,0.9588888888888889,160.37187437513276,0.9535092711448669,0.9644536972045898,nested_random_permutation_of_shuffled_embeddings_v1,output/backbones/olmoearth_small_eurosat-spatial.csv,0.9053703703703704,-5.351851851851852,False,olmoearth_small,5400,1620,5400,0.9588888888888889,0.957962962962963,88.86238162743389,0.9527685642242432,0.9637129306793213,False,False,924f0a80b27f4f2d8fdab4cdfcbd13515ee4989c:experiments/torchgeo_bench_eurosat/blog_post/training_fractions/spatial/olmoearth_v1_2_small.csv,0.9588888888888889,True,spatial,fresh_extraction_and_refit,10,55b495f98f4dbb2cc4850d3c840c7a7ed3cd161e8dc3a8de579c132c427b4067
eurosat-spatial,3,0.05555555555555314,3e74256a2e15d2da823b5a495f790165ce595dc88b15a89eba9dcb8eb1c03eec,0.9637037037037037,27.28333376486764,0.9583286643028259,0.9688888788223267,nested_random_permutation_of_shuffled_embeddings_v1,output/backbones/olmoearth_small_eurosat-spatial.csv,0.9168888888888889,-4.6814814814814865,False,olmoearth_small,5400,3240,5400,0.9637037037037037,0.9631481481481482,27.28333376486764,0.9581434726715088,0.9685277342796326,False,False,924f0a80b27f4f2d8fdab4cdfcbd13515ee4989c:experiments/torchgeo_bench_eurosat/blog_post/training_fractions/spatial/olmoearth_v1_2_small.csv,0.9637037037037037,True,spatial,fresh_extraction_and_refit,20,def7300ef4e80d865e1d256571ae83001c0f5577db11d600965b0d8cef2647bf
eurosat-spatial,0,0.0,3e74256a2e15d2da823b5a495f790165ce595dc88b15a89eba9dcb8eb1c03eec,0.9748148148148148,8.376776400682907,0.9700000286102295,0.9788981080055237,nested_random_permutation_of_shuffled_embeddings_v1,output/backbones/olmoearth_small_eurosat-spatial.csv,0.926962962962963,-4.785185185185181,True,olmoearth_small,5400,8100,5400,0.9748148148148148,0.9748148148148148,8.376776400682907,0.9700000286102295,0.9788981080055237,False,False,924f0a80b27f4f2d8fdab4cdfcbd13515ee4989c:experiments/torchgeo_bench_eurosat/blog_post/training_fractions/spatial/olmoearth_v1_2_small.csv,0.9748148148148148,True,spatial,fresh_extraction_and_refit,50,ed7273986dccb944213920843f4ef7ef93e2b8ec1fcac93cb0805b4f793600c3
eurosat-spatial,1,0.018518518518528815,3e74256a2e15d2da823b5a495f790165ce595dc88b15a89eba9dcb8eb1c03eec,0.975925925925926,1.4251026703029963,0.9718471765518188,0.9803703427314758,nested_random_permutation_of_shuffled_embeddings_v1,output/backbones/olmoearth_small_eurosat-spatial.csv,0.9275925925925927,-4.833333333333323,False,olmoearth_small,5400,16200,5400,0.975925925925926,0.9757407407407407,1.4251026703029963,0.971666693687439,0.9801852107048035,False,False,924f0a80b27f4f2d8fdab4cdfcbd13515ee4989c:experiments/torchgeo_bench_eurosat/blog_post/training_fractions/spatial/olmoearth_v1_2_small.csv,0.975925925925926,True,spatial,fresh_extraction_and_refit,100,94b65d91ff12de946ea8e600fe1a97d5eb18818c5310bd2e6552cb76db14900c
eurosat-spatial,-2,-0.037037037037035425,399604842f3744d2aff5724e063a7884c19759a1d47b3f0d9135d9e33d10ff5b,0.9309259259259259,3070.2906297578375,0.9248101711273193,0.9392592310905457,nested_random_permutation_of_shuffled_embeddings_v1,output/backbones/olmoearth_base_eurosat-spatial.csv,0.8651111111111112,-6.581481481481477,False,olmoearth_base,5400,162,5400,0.9309259259259259,0.9312962962962963,522.3345074266832,0.9251852035522461,0.9392684698104858,False,False,924f0a80b27f4f2d8fdab4cdfcbd13515ee4989c:experiments/torchgeo_bench_eurosat/blog_post/training_fractions/spatial/olmoearth_v1_2_base.csv,0.9309259259259259,True,spatial,fresh_extraction_and_refit,1,335a25b4f50ead9b5382d6bc4d4ed4f4884717f1d692eefb33440bffba2667ca
eurosat-spatial,-8,-0.1481481481481417,399604842f3744d2aff5724e063a7884c19759a1d47b3f0d9135d9e33d10ff5b,0.9433333333333334,942.6684551178854,0.9381434917449951,0.949833333492279,nested_random_permutation_of_shuffled_embeddings_v1,output/backbones/olmoearth_base_eurosat-spatial.csv,0.8742222222222222,-6.911111111111112,False,olmoearth_base,5400,324,5400,0.9433333333333334,0.9448148148148148,4.641588833612772,0.9390694499015808,0.9507685303688049,False,False,924f0a80b27f4f2d8fdab4cdfcbd13515ee4989c:experiments/torchgeo_bench_eurosat/blog_post/training_fractions/spatial/olmoearth_v1_2_base.csv,0.9433333333333334,True,spatial,fresh_extraction_and_refit,2,0e548477ca67f8670bbca1928d59097ebbeb10da3b4611112d0bb25dedea3572
eurosat-spatial,1,0.018518518518517713,399604842f3744d2aff5724e063a7884c19759a1d47b3f0d9135d9e33d10ff5b,0.9483333333333334,2.5719138090593416,0.9424027800559998,0.9544444680213928,nested_random_permutation_of_shuffled_embeddings_v1,output/backbones/olmoearth_base_eurosat-spatial.csv,0.8996296296296296,-4.870370370370381,False,olmoearth_base,5400,810,5400,0.9483333333333334,0.9481481481481482,3070.2906297578375,0.9425879716873169,0.9542639255523682,False,False,924f0a80b27f4f2d8fdab4cdfcbd13515ee4989c:experiments/torchgeo_bench_eurosat/blog_post/training_fractions/spatial/olmoearth_v1_2_base.csv,0.9483333333333334,True,spatial,fresh_extraction_and_refit,5,999b56bf18cd8383c24afdc88bd4a18ab17420e3568be51d6f4fb1548cf93d51
eurosat-spatial,-2,-0.03703703703704653,399604842f3744d2aff5724e063a7884c19759a1d47b3f0d9135d9e33d10ff5b,0.9629629629629629,522.3345074266832,0.9583240747451782,0.9685184955596924,nested_random_permutation_of_shuffled_embeddings_v1,output/backbones/olmoearth_base_eurosat-spatial.csv,0.9053703703703704,-5.759259259259252,False,olmoearth_base,5400,1620,5400,0.9629629629629629,0.9633333333333334,15.117750706156599,0.9581434726715088,0.9687129259109497,False,False,924f0a80b27f4f2d8fdab4cdfcbd13515ee4989c:experiments/torchgeo_bench_eurosat/blog_post/training_fractions/spatial/olmoearth_v1_2_base.csv,0.9629629629629629,True,spatial,fresh_extraction_and_refit,10,62a499680ffd533df817f4eb9603a9b321c636ab5118a9804519622c1b6e1638
eurosat-spatial,0,0.0,399604842f3744d2aff5724e063a7884c19759a1d47b3f0d9135d9e33d10ff5b,0.9733333333333334,2.5719138090593416,0.9681435227394104,0.9777824282646179,nested_random_permutation_of_shuffled_embeddings_v1,output/backbones/olmoearth_base_eurosat-spatial.csv,0.9168888888888889,-5.644444444444452,True,olmoearth_base,5400,3240,5400,0.9733333333333334,0.9733333333333334,2.5719138090593416,0.9681435227394104,0.9777824282646179,False,False,924f0a80b27f4f2d8fdab4cdfcbd13515ee4989c:experiments/torchgeo_bench_eurosat/blog_post/training_fractions/spatial/olmoearth_v1_2_base.csv,0.9733333333333334,True,spatial,fresh_extraction_and_refit,20,3c751468d87a606bc0f76436826046d8f869c20979d418ca221553bd2340b31b
eurosat-spatial,0,0.0,399604842f3744d2aff5724e063a7884c19759a1d47b3f0d9135d9e33d10ff5b,0.9755555555555555,0.7896522868499717,0.9712870717048645,0.9798240661621094,nested_random_permutation_of_shuffled_embeddings_v1,output/backbones/olmoearth_base_eurosat-spatial.csv,0.926962962962963,-4.859259259259252,True,olmoearth_base,5400,8100,5400,0.9755555555555555,0.9755555555555555,0.437547937507418,0.9712963104248047,0.9798194766044617,False,False,924f0a80b27f4f2d8fdab4cdfcbd13515ee4989c:experiments/torchgeo_bench_eurosat/blog_post/training_fractions/spatial/olmoearth_v1_2_base.csv,0.9755555555555555,True,spatial,fresh_extraction_and_refit,50,bd0fb7ef47c3266df8d49ee9d1589e4364c38a89a0eb790f7a7b2db4b77bef0a
eurosat-spatial,-6,-0.11111111111111738,399604842f3744d2aff5724e063a7884c19759a1d47b3f0d9135d9e33d10ff5b,0.9753703703703703,0.13433993325988988,0.9709166884422302,0.9792639017105103,nested_random_permutation_of_shuffled_embeddings_v1,output/backbones/olmoearth_base_eurosat-spatial.csv,0.9275925925925927,-4.777777777777759,False,olmoearth_base,5400,16200,5400,0.9753703703703703,0.9764814814814815,0.24244620170823258,0.9720277786254883,0.9805601835250854,False,False,924f0a80b27f4f2d8fdab4cdfcbd13515ee4989c:experiments/torchgeo_bench_eurosat/blog_post/training_fractions/spatial/olmoearth_v1_2_base.csv,0.9753703703703703,True,spatial,fresh_extraction_and_refit,100,c5b44ef4ac1414b314ef03e7dbdb1500685920344111ab128de109b481841460
