family,features,macro_r2,median_r2,model,q25_r2,q75_r2,representation,undefined_features,variant
blobs,1,0.22847391457650512,0.22847391457650512,convnext_tiny,0.22847391457650512,0.22847391457650512,frontier33,0,original
harris_corners,3,0.8489755916150677,0.8371608494917879,convnext_tiny,0.8339159072591078,0.8581279049093877,frontier33,0,original
hough_lines,1,0.653207923601351,0.653207923601351,convnext_tiny,0.653207923601351,0.653207923601351,frontier33,0,original
index_texture,6,0.8432722038968669,0.8427925885004264,convnext_tiny,0.8284718822710452,0.8597250542839787,frontier33,0,original
index_texture_scale2,1,0.8165061695396689,0.8165061695396689,convnext_tiny,0.8165061695396689,0.8165061695396689,frontier33,0,original
lbp,2,0.714025972464305,0.714025972464305,convnext_tiny,0.7104545069655324,0.7175974379630777,frontier33,0,original
multiscale_gradients,4,0.8684778186868318,0.8606822229976299,convnext_tiny,0.8596740931833269,0.8694859485011348,frontier33,0,original
orientation_entropy,3,0.6229048879614437,0.704012273193025,convnext_tiny,0.5802365181792434,0.7061269503594347,frontier33,0,original
orientation_entropy_scale2,1,0.3894575173045576,0.3894575173045576,convnext_tiny,0.3894575173045576,0.3894575173045576,frontier33,0,original
region_shape,1,0.36691370485391905,0.36691370485391905,convnext_tiny,0.36691370485391905,0.36691370485391905,frontier33,0,original
spectral_statistics,10,0.7846216727349736,0.7919679018229842,convnext_tiny,0.7678400360715069,0.806263690134788,frontier33,0,original
image_statistics,52,0.7134767615204632,0.7308557838505082,convnext_tiny,0.6514275217599164,0.78830507587795,imagestats52,0,original
blobs,9,0.375190728551659,0.35264230445911626,convnext_tiny,0.2403718375006575,0.5623389053819432,pool377,0,original
coherence,26,0.4473162743960615,0.5345223070228063,convnext_tiny,0.3431049547013064,0.5779471240161027,pool377,0,original
cross_band,8,0.618270595926888,0.6209359508602569,convnext_tiny,0.5977494643292713,0.6507794520843516,pool377,0,original
cross_band_correlation,8,0.618270595926888,0.6209359508602569,convnext_tiny,0.5977494643292713,0.6507794520843516,pool377,0,original
harris_corners,6,0.8432460761095363,0.8379783330608394,convnext_tiny,0.8343522082483688,0.8431220246362436,pool377,0,original
hough_lines,9,0.6531015152346161,0.6537696997776299,convnext_tiny,0.6503487942325568,0.6555235603489677,pool377,0,original
index_coherence,6,0.4304500188989608,0.4361866343564208,convnext_tiny,0.43147151270790807,0.46833239384470154,pool377,0,original
index_texture,24,0.7991728587635055,0.8219955952195486,convnext_tiny,0.7576377584036391,0.8365675959250641,pool377,0,original
index_texture_scale2,12,0.8026124559721035,0.8239254838517134,convnext_tiny,0.7707758004146017,0.845704426576947,pool377,0,original
lbp,6,0.7412507975392338,0.7111348247483527,convnext_tiny,0.6853582973004304,0.7826126318767511,pool377,0,original
multiscale_gradients,78,0.7475039303188655,0.7771896903116535,convnext_tiny,0.7145588446534408,0.8362598271904709,pool377,0,original
orientation_entropy,13,0.5849546491965316,0.6842497967631075,convnext_tiny,0.48835109445130687,0.7045485255405346,pool377,0,original
orientation_entropy_scale2,13,0.5490302588860049,0.622488408261449,convnext_tiny,0.4432453000818848,0.6275235617102526,pool377,0,original
orientation_histogram,52,0.30715957639728236,0.3113280238983048,convnext_tiny,0.29093118193536627,0.3395613461289512,pool377,0,original
spectral_peaks,13,0.267535827006444,0.2303200760733093,convnext_tiny,0.21697672303572235,0.43118353881793614,pool377,0,original
spectral_slope,3,0.7086208469765558,0.7049210295128064,convnext_tiny,0.6790950710820665,0.7362967141391705,pool377,0,original
spectral_statistics,91,0.7649701305783171,0.7860753460003896,convnext_tiny,0.746156774463137,0.8075715115459206,pool377,0,original
blobs,1,0.33901828075664475,0.33901828075664475,dofa_large,0.33901828075664475,0.33901828075664475,frontier33,0,original
harris_corners,3,0.9104341892296386,0.9105102530485703,dofa_large,0.909656798138254,0.9112496122304891,frontier33,0,original
hough_lines,1,0.7737994024869874,0.7737994024869874,dofa_large,0.7737994024869874,0.7737994024869874,frontier33,0,original
index_texture,6,0.9319815554914426,0.9304345125343862,dofa_large,0.9280259872035559,0.9396426546100481,frontier33,0,original
index_texture_scale2,1,0.9105887532722174,0.9105887532722174,dofa_large,0.9105887532722174,0.9105887532722174,frontier33,0,original
lbp,2,0.8184408038244834,0.8184408038244834,dofa_large,0.8138244708520542,0.8230571367969125,frontier33,0,original
multiscale_gradients,4,0.9553496830821258,0.9533177404417199,dofa_large,0.9524388122393935,0.9562286112844521,frontier33,0,original
orientation_entropy,3,0.7667936609965963,0.8110306008667162,dofa_large,0.7401428126918376,0.815562979236415,frontier33,0,original
orientation_entropy_scale2,1,0.6264128136636185,0.6264128136636185,dofa_large,0.6264128136636185,0.6264128136636185,frontier33,0,original
region_shape,1,0.44086698795089163,0.44086698795089163,dofa_large,0.44086698795089163,0.44086698795089163,frontier33,0,original
spectral_statistics,10,0.9437101441485444,0.9535630690416924,dofa_large,0.9276203418962632,0.9634475548953506,frontier33,0,original
image_statistics,52,0.8696807797283912,0.9007415785490591,dofa_large,0.8006339043065688,0.9274088547621548,imagestats52,0,original
blobs,9,0.4477616177138473,0.411721650175885,dofa_large,0.33901828075664475,0.6448573924004188,pool377,0,original
coherence,26,0.5735803370408772,0.6316237673716663,dofa_large,0.5213287137774881,0.6779493404940193,pool377,0,original
cross_band,8,0.77920590767593,0.796840925123609,dofa_large,0.7535044582327011,0.8135548375915957,pool377,0,original
cross_band_correlation,8,0.77920590767593,0.796840925123609,dofa_large,0.7535044582327011,0.8135548375915957,pool377,0,original
harris_corners,6,0.8999944219229382,0.9025940102767667,dofa_large,0.8926966524283277,0.9100835255934121,pool377,0,original
hough_lines,9,0.7390674462185951,0.7306971866458951,dofa_large,0.7240703037262941,0.7614067450851071,pool377,0,original
index_coherence,6,0.5952731347630155,0.5971580525046463,dofa_large,0.5931262617581761,0.6342163647107176,pool377,0,original
index_texture,24,0.9184987161525383,0.9196836583436996,dofa_large,0.9116506917205562,0.934025346053875,pool377,0,original
index_texture_scale2,12,0.9243385904303804,0.9340900467144108,dofa_large,0.910676807328848,0.9375023213159229,pool377,0,original
lbp,6,0.8155692066076724,0.8184408038244834,dofa_large,0.7720421592042379,0.8449686167078319,pool377,0,original
multiscale_gradients,78,0.8416590095953003,0.8737488924823962,dofa_large,0.8242789074714003,0.9330538009138754,pool377,0,original
orientation_entropy,13,0.7141653149836831,0.8011789476450075,dofa_large,0.669255024516959,0.8110306008667162,pool377,0,original
orientation_entropy_scale2,13,0.6967882118655762,0.7500216797364077,dofa_large,0.6332909691829118,0.7663344622553955,pool377,0,original
orientation_histogram,52,0.4916740249470684,0.5233660407030494,dofa_large,0.4715100992870534,0.5396886158613269,pool377,0,original
spectral_peaks,13,0.3145810454196096,0.28344672064655063,dofa_large,0.2712560613669682,0.5034189575231178,pool377,0,original
spectral_slope,3,0.798716294232186,0.8086427372054881,dofa_large,0.7656337433326059,0.8367620666184172,pool377,0,original
spectral_statistics,91,0.9384809744487435,0.9532864021778292,dofa_large,0.927612362235114,0.9634930559245272,pool377,0,original
blobs,1,0.38480987221259866,0.38480987221259866,olmoearth_base,0.38480987221259866,0.38480987221259866,frontier33,0,b10_zeroed
harris_corners,3,0.9437876943917122,0.940804461862776,olmoearth_base,0.9402870584988737,0.9457967140200827,frontier33,0,b10_zeroed
hough_lines,1,0.7629328203470327,0.7629328203470327,olmoearth_base,0.7629328203470327,0.7629328203470327,frontier33,0,b10_zeroed
index_texture,6,0.9740291023952642,0.9748327571218329,olmoearth_base,0.966873152339876,0.9817822029348757,frontier33,0,b10_zeroed
index_texture_scale2,1,0.9603149702417875,0.9603149702417875,olmoearth_base,0.9603149702417875,0.9603149702417875,frontier33,0,b10_zeroed
lbp,2,0.9002098365014417,0.9002098365014417,olmoearth_base,0.8966336334355287,0.9037860395673547,frontier33,0,b10_zeroed
multiscale_gradients,4,0.9757152628616497,0.9735614591506543,olmoearth_base,0.9720582657316198,0.9772184562806842,frontier33,0,b10_zeroed
orientation_entropy,3,0.7934088045956288,0.7903366142902306,olmoearth_base,0.7898801519864844,0.795401362052074,frontier33,0,b10_zeroed
orientation_entropy_scale2,1,0.7598316753490003,0.7598316753490003,olmoearth_base,0.7598316753490003,0.7598316753490003,frontier33,0,b10_zeroed
region_shape,1,0.4517783610386519,0.4517783610386519,olmoearth_base,0.4517783610386519,0.4517783610386519,frontier33,0,b10_zeroed
spectral_statistics,10,0.9656927340548993,0.9708139406398956,olmoearth_base,0.9634438649103995,0.9815296409341844,frontier33,0,b10_zeroed
blobs,9,0.4815350040265565,0.4340502815627818,olmoearth_base,0.38480987221259866,0.7081856715497443,pool377,0,b10_zeroed
coherence,26,0.6115682426501402,0.6189123304626811,olmoearth_base,0.5962535400760502,0.6589914207609697,pool377,2,b10_zeroed
cross_band,8,0.8574006676364465,0.8684685663715033,olmoearth_base,0.838011430579699,0.8901767923371553,pool377,0,b10_zeroed
cross_band_correlation,8,0.8574006676364465,0.8684685663715033,olmoearth_base,0.838011430579699,0.8901767923371553,pool377,0,b10_zeroed
harris_corners,6,0.9365638899280307,0.9402870584988737,olmoearth_base,0.9322442037906856,0.9410512311188634,pool377,0,b10_zeroed
hough_lines,9,0.7235059301608389,0.7158563840865226,olmoearth_base,0.7129583513429724,0.73845875172988,pool377,0,b10_zeroed
index_coherence,6,0.6597757093534472,0.644461797530382,olmoearth_base,0.6394423365387962,0.6783154392669601,pool377,0,b10_zeroed
index_texture,24,0.9603365757296097,0.96670621159282,olmoearth_base,0.9466681990275554,0.9737733919808108,pool377,0,b10_zeroed
index_texture_scale2,12,0.9674829559474855,0.9752864481643774,olmoearth_base,0.9581677799119239,0.9812977728623484,pool377,0,b10_zeroed
lbp,6,0.8862088588237635,0.8984334551563451,olmoearth_base,0.8721643656262777,0.9064740519607193,pool377,0,b10_zeroed
multiscale_gradients,78,0.8768201709266366,0.8800303464517203,olmoearth_base,0.8095816519685423,0.9646806899911773,pool377,6,b10_zeroed
orientation_entropy,13,0.7865433447274198,0.7884109129935539,olmoearth_base,0.7827524835445353,0.7947418729894258,pool377,1,b10_zeroed
orientation_entropy_scale2,13,0.7542142710109038,0.7639135939825458,olmoearth_base,0.7609851218696766,0.7785013811577639,pool377,1,b10_zeroed
orientation_histogram,52,0.8024870106660913,0.8276969959285728,olmoearth_base,0.8116543239169082,0.835904900089655,pool377,4,b10_zeroed
spectral_peaks,13,0.3370520824604338,0.28507503873918855,olmoearth_base,0.27248937785720195,0.5363461237160287,pool377,1,b10_zeroed
spectral_slope,3,0.8533185208221549,0.8877327033377386,olmoearth_base,0.8237063857632696,0.900137747138832,pool377,0,b10_zeroed
spectral_statistics,91,0.9648189541058598,0.9746754964323885,olmoearth_base,0.9635019245443934,0.9830605184467545,pool377,7,b10_zeroed
blobs,1,0.38480987221259866,0.38480987221259866,olmoearth_base,0.38480987221259866,0.38480987221259866,frontier33,0,original
harris_corners,3,0.9437872675705364,0.9408031813992486,olmoearth_base,0.94028641826711,0.945796073788319,frontier33,0,original
hough_lines,1,0.7629328203470327,0.7629328203470327,olmoearth_base,0.7629328203470327,0.7629328203470327,frontier33,0,original
index_texture,6,0.9740291023952642,0.9748327571218329,olmoearth_base,0.966873152339876,0.9817822029348757,frontier33,0,original
index_texture_scale2,1,0.9603149702417875,0.9603149702417875,olmoearth_base,0.9603149702417875,0.9603149702417875,frontier33,0,original
lbp,2,0.9002098365014417,0.9002098365014417,olmoearth_base,0.8966336334355287,0.9037860395673547,frontier33,0,original
multiscale_gradients,4,0.9757152628616497,0.9735614591506543,olmoearth_base,0.9720582657316198,0.9772184562806842,frontier33,0,original
orientation_entropy,3,0.7934088045956288,0.7903366142902306,olmoearth_base,0.7898801519864844,0.795401362052074,frontier33,0,original
orientation_entropy_scale2,1,0.7598316753490003,0.7598316753490003,olmoearth_base,0.7598316753490003,0.7598316753490003,frontier33,0,original
region_shape,1,0.4517783610386519,0.4517783610386519,olmoearth_base,0.4517783610386519,0.4517783610386519,frontier33,0,original
spectral_statistics,10,0.9656927340548993,0.9708139406398956,olmoearth_base,0.9634438649103995,0.9815296409341844,frontier33,0,original
image_statistics,52,0.8467951721568764,0.9154603902015794,olmoearth_base,0.7654829244232692,0.9443181144948309,imagestats52,0,original
blobs,9,0.48093649887969964,0.4297215167731828,olmoearth_base,0.38480987221259866,0.7081856715497443,pool377,0,original
coherence,26,0.5764865394279316,0.611087881558801,olmoearth_base,0.5851017232030116,0.6564381234296743,pool377,0,original
cross_band,8,0.8574006676364465,0.8684685663715033,olmoearth_base,0.838011430579699,0.8901767923371553,pool377,0,original
cross_band_correlation,8,0.8574006676364465,0.8684685663715033,olmoearth_base,0.838011430579699,0.8901767923371553,pool377,0,original
harris_corners,6,0.9365629887260883,0.94028641826711,olmoearth_base,0.9322442037906856,0.9410509110029814,pool377,0,original
hough_lines,9,0.7235185810152021,0.7158563840865226,olmoearth_base,0.7129775743633342,0.73845875172988,pool377,0,original
index_coherence,6,0.6597757093534472,0.644461797530382,olmoearth_base,0.6394423365387962,0.6783154392669601,pool377,0,original
index_texture,24,0.9603365757296097,0.96670621159282,olmoearth_base,0.9466681990275554,0.9737733919808108,pool377,0,original
index_texture_scale2,12,0.9674829559474855,0.9752864481643774,olmoearth_base,0.9581677799119239,0.9812977728623484,pool377,0,original
lbp,6,0.8862065502288127,0.8984341149830122,olmoearth_base,0.8721643656262777,0.9064743818740528,pool377,0,original
multiscale_gradients,78,0.8412263253597805,0.862375514426104,olmoearth_base,0.7943984217610291,0.9634455177352804,pool377,0,original
orientation_entropy,13,0.7384801399560412,0.7873981363043696,olmoearth_base,0.7797838737463296,0.7942448985476505,pool377,0,original
orientation_entropy_scale2,13,0.735964754200935,0.7630727732082991,olmoearth_base,0.7598316753490003,0.7782857821519191,pool377,0,original
orientation_histogram,52,0.7520351918778464,0.8228799947925189,olmoearth_base,0.8097338437703865,0.8347855134651352,pool377,0,original
spectral_peaks,13,0.31752241341787457,0.28167171984592543,olmoearth_base,0.2708516307582093,0.5208112291445658,pool377,0,original
spectral_slope,3,0.8532449080361935,0.8877327033377386,olmoearth_base,0.8235959665843274,0.900137747138832,pool377,0,original
spectral_statistics,91,0.9336343609598468,0.9724625238847485,olmoearth_base,0.9599727603274462,0.9822911070297677,pool377,0,original
blobs,1,0.2758794544789085,0.2758794544789085,olmoearth_nano,0.2758794544789085,0.2758794544789085,frontier33,0,b10_zeroed
harris_corners,3,0.8869134207409596,0.8824950583180635,olmoearth_nano,0.8780826843461261,0.8935349759243448,frontier33,0,b10_zeroed
hough_lines,1,0.6856452969023321,0.6856452969023321,olmoearth_nano,0.6856452969023321,0.6856452969023321,frontier33,0,b10_zeroed
index_texture,6,0.9442868437532214,0.9423612279454479,olmoearth_nano,0.9374351330203132,0.9544194966070827,frontier33,0,b10_zeroed
index_texture_scale2,1,0.9285291485390217,0.9285291485390217,olmoearth_nano,0.9285291485390217,0.9285291485390217,frontier33,0,b10_zeroed
lbp,2,0.8349612947917733,0.8349612947917733,olmoearth_nano,0.8337214871494409,0.8362011024341057,frontier33,0,b10_zeroed
multiscale_gradients,4,0.9574939027576614,0.9561420800349854,olmoearth_nano,0.9515054307112032,0.9621305520814436,frontier33,0,b10_zeroed
orientation_entropy,3,0.6787884855396659,0.6780068400760519,olmoearth_nano,0.6623587966200488,0.694827351727476,frontier33,0,b10_zeroed
orientation_entropy_scale2,1,0.6369736980395465,0.6369736980395465,olmoearth_nano,0.6369736980395465,0.6369736980395465,frontier33,0,b10_zeroed
region_shape,1,0.41514772135744904,0.41514772135744904,olmoearth_nano,0.41514772135744904,0.41514772135744904,frontier33,0,b10_zeroed
spectral_statistics,10,0.9403365569438554,0.9586682262612702,olmoearth_nano,0.9159806429806364,0.9729582035527073,frontier33,0,b10_zeroed
blobs,9,0.4179341058171175,0.39468221765789135,olmoearth_nano,0.2758794544789085,0.6377711276102673,pool377,0,b10_zeroed
coherence,26,0.5173126702931777,0.5244741337693242,olmoearth_nano,0.5030413645618106,0.5559339201202045,pool377,2,b10_zeroed
cross_band,8,0.769735808999635,0.8035302126533632,olmoearth_nano,0.6835268887945636,0.8451752761681345,pool377,0,b10_zeroed
cross_band_correlation,8,0.769735808999635,0.8035302126533632,olmoearth_nano,0.6835268887945636,0.8451752761681345,pool377,0,b10_zeroed
harris_corners,6,0.8710647823439627,0.8780826843461261,olmoearth_nano,0.8724029301111274,0.8915633273042136,pool377,0,b10_zeroed
hough_lines,9,0.6571861649953961,0.6593513430019696,olmoearth_nano,0.6387213624286402,0.6705905362847929,pool377,0,b10_zeroed
index_coherence,6,0.5553074589727172,0.5421573290434071,olmoearth_nano,0.5308371171423991,0.5768426307246639,pool377,0,b10_zeroed
index_texture,24,0.9341684666552889,0.9343390191966117,olmoearth_nano,0.9245354012702925,0.9539220254786945,pool377,0,b10_zeroed
index_texture_scale2,12,0.9456903697389198,0.9541515785060402,olmoearth_nano,0.9284783973164003,0.9624167833563575,pool377,0,b10_zeroed
lbp,6,0.8081558325159736,0.8263947156447793,olmoearth_nano,0.8033907444370875,0.8362011024341057,pool377,0,b10_zeroed
multiscale_gradients,78,0.8396007194051691,0.8191387603300837,olmoearth_nano,0.7638279153045529,0.9490729914507787,pool377,6,b10_zeroed
orientation_entropy,13,0.666328755440831,0.6645177712018522,olmoearth_nano,0.6494248925104091,0.6786260337050846,pool377,1,b10_zeroed
orientation_entropy_scale2,13,0.6339431029891384,0.6357735590672705,olmoearth_nano,0.6333530880367639,0.6576197317451912,pool377,1,b10_zeroed
orientation_histogram,52,0.6248751338361322,0.6244773886940902,olmoearth_nano,0.6027244955531574,0.6697878339288329,pool377,4,b10_zeroed
spectral_peaks,13,0.28820952434610675,0.2432025298888092,olmoearth_nano,0.2211978549768058,0.4602873866839744,pool377,1,b10_zeroed
spectral_slope,3,0.7775889242163428,0.8296667679047423,olmoearth_nano,0.743288403197502,0.8379283670793836,pool377,0,b10_zeroed
spectral_statistics,91,0.9398904545978246,0.9599189957991363,olmoearth_nano,0.9046163144875505,0.9729915619586471,pool377,7,b10_zeroed
blobs,1,0.2758794544789085,0.2758794544789085,olmoearth_nano,0.2758794544789085,0.2758794544789085,frontier33,0,original
harris_corners,3,0.8869020971060069,0.8824950583180635,olmoearth_nano,0.8780656988936972,0.8935349759243448,frontier33,0,original
hough_lines,1,0.6856452969023321,0.6856452969023321,olmoearth_nano,0.6856452969023321,0.6856452969023321,frontier33,0,original
index_texture,6,0.9442868437532214,0.9423612279454479,olmoearth_nano,0.9374351330203132,0.9544194966070827,frontier33,0,original
index_texture_scale2,1,0.9285291485390217,0.9285291485390217,olmoearth_nano,0.9285291485390217,0.9285291485390217,frontier33,0,original
lbp,2,0.8349612947917733,0.8349612947917733,olmoearth_nano,0.8337214871494409,0.8362011024341057,frontier33,0,original
multiscale_gradients,4,0.9574939027576614,0.9561420800349854,olmoearth_nano,0.9515054307112032,0.9621305520814436,frontier33,0,original
orientation_entropy,3,0.6787884855396659,0.6780068400760519,olmoearth_nano,0.6623587966200488,0.694827351727476,frontier33,0,original
orientation_entropy_scale2,1,0.6369736980395465,0.6369736980395465,olmoearth_nano,0.6369736980395465,0.6369736980395465,frontier33,0,original
region_shape,1,0.41514772135744904,0.41514772135744904,olmoearth_nano,0.41514772135744904,0.41514772135744904,frontier33,0,original
spectral_statistics,10,0.9403365569438554,0.9586682262612702,olmoearth_nano,0.9159806429806364,0.9729582035527073,frontier33,0,original
image_statistics,52,0.7973732528634853,0.8698593978332213,olmoearth_nano,0.7061673554340445,0.9079457138142021,imagestats52,0,original
blobs,9,0.41773003279455645,0.3920697836564372,olmoearth_nano,0.2758794544789085,0.6398355645981257,pool377,0,original
coherence,26,0.4886047249824497,0.5189259267019337,olmoearth_nano,0.49313778842360056,0.5524794365194104,pool377,0,original
cross_band,8,0.769735808999635,0.8035302126533632,olmoearth_nano,0.6835268887945636,0.8451752761681345,pool377,0,original
cross_band_correlation,8,0.769735808999635,0.8035302126533632,olmoearth_nano,0.6835268887945636,0.8451752761681345,pool377,0,original
harris_corners,6,0.8710578886885368,0.8780656988936972,olmoearth_nano,0.8723944373849128,0.8915633273042136,pool377,0,original
hough_lines,9,0.657189145032585,0.6593513430019696,olmoearth_nano,0.638750315902894,0.6705905362847929,pool377,0,original
index_coherence,6,0.5553074589727172,0.5421573290434071,olmoearth_nano,0.5308371171423991,0.5768426307246639,pool377,0,original
index_texture,24,0.9341684666552889,0.9343390191966117,olmoearth_nano,0.9245354012702925,0.9539220254786945,pool377,0,original
index_texture_scale2,12,0.9456903697389198,0.9541515785060402,olmoearth_nano,0.9284783973164003,0.9624167833563575,pool377,0,original
lbp,6,0.8081835674544573,0.8264156367083466,olmoearth_nano,0.8034012049688712,0.8362011024341057,pool377,0,original
multiscale_gradients,78,0.7995797831786553,0.8091592686836776,olmoearth_nano,0.7420055202703317,0.9479450761365733,pool377,0,original
orientation_entropy,13,0.6272852130102428,0.6621680096446062,olmoearth_nano,0.6467107531640457,0.6780068400760519,pool377,0,original
orientation_entropy_scale2,13,0.6172305709936409,0.6345734200949945,olmoearth_nano,0.6326024132590815,0.6575954606478283,pool377,0,original
orientation_histogram,52,0.5873391335285209,0.6226782886120867,olmoearth_nano,0.5872323427888579,0.659029721878086,pool377,0,original
spectral_peaks,13,0.27260143442041007,0.2388262127892572,olmoearth_nano,0.21575249513184003,0.4530185755592264,pool377,0,original
spectral_slope,3,0.7775850646409829,0.8296667679047423,olmoearth_nano,0.743282613834462,0.8379283670793836,pool377,0,original
spectral_statistics,91,0.9040082312086035,0.958242615490904,olmoearth_nano,0.8954464852522377,0.9727931998400681,pool377,0,original
blobs,1,0.2097265950663526,0.2097265950663526,resnet50,0.2097265950663526,0.2097265950663526,frontier33,0,original
harris_corners,3,0.876725857492889,0.8596824154630927,resnet50,0.8547598075218488,0.890170186449031,frontier33,0,original
hough_lines,1,0.6541833390127649,0.6541833390127649,resnet50,0.6541833390127649,0.6541833390127649,frontier33,0,original
index_texture,6,0.8364884536134332,0.8379243420084725,resnet50,0.8218730739825153,0.8535204418751756,frontier33,0,original
index_texture_scale2,1,0.8052060385006363,0.8052060385006363,resnet50,0.8052060385006363,0.8052060385006363,frontier33,0,original
lbp,2,0.739356906791778,0.739356906791778,resnet50,0.7341491852458599,0.744564628337696,frontier33,0,original
multiscale_gradients,4,0.8788098558942261,0.8775044518264412,resnet50,0.875178208607016,0.8811360991136513,frontier33,0,original
orientation_entropy,3,0.6308510658860483,0.7177269878494197,resnet50,0.5825785140094009,0.7225615787443815,frontier33,0,original
orientation_entropy_scale2,1,0.3663883383458988,0.3663883383458988,resnet50,0.3663883383458988,0.3663883383458988,frontier33,0,original
region_shape,1,0.3545073989801458,0.3545073989801458,resnet50,0.3545073989801458,0.3545073989801458,frontier33,0,original
spectral_statistics,10,0.8046778560707551,0.7983597129767073,resnet50,0.7815230456382954,0.8327877711276076,frontier33,0,original
image_statistics,52,0.7333375500911129,0.7349417365753748,resnet50,0.701563280917604,0.8062809437558255,imagestats52,0,original
blobs,9,0.36193623636797245,0.326221581902032,resnet50,0.2097265950663526,0.5709862357787845,pool377,0,original
coherence,26,0.4305178263922772,0.5281851121849654,resnet50,0.3161975773272903,0.5749942017799372,pool377,0,original
cross_band,8,0.6399738131692887,0.6472828896915312,resnet50,0.6163374021015138,0.6697753960536367,pool377,0,original
cross_band_correlation,8,0.6399738131692887,0.6472828896915312,resnet50,0.6163374021015138,0.6697753960536367,pool377,0,original
harris_corners,6,0.8710176898801265,0.8637924092474423,resnet50,0.858535810939673,0.8693800165117737,pool377,0,original
hough_lines,9,0.6632544622344314,0.6572765813704183,resnet50,0.6541833390127649,0.674629616317945,pool377,0,original
index_coherence,6,0.409183707221665,0.415520763158805,resnet50,0.4106593913430798,0.45808082657148425,pool377,0,original
index_texture,24,0.8054204527522071,0.8182101369350652,resnet50,0.7769142471739987,0.8328856453283789,pool377,0,original
index_texture_scale2,12,0.8111000997781851,0.8303799204282232,resnet50,0.791544435264268,0.8441733336040759,pool377,0,original
lbp,6,0.7769743385827909,0.739356906791778,resnet50,0.7205410980305785,0.8285562812979165,pool377,0,original
multiscale_gradients,78,0.7857793874452474,0.8126856755724894,resnet50,0.782599790511544,0.8523968935840167,pool377,0,original
orientation_entropy,13,0.5941359073344841,0.7177345776351352,resnet50,0.4914639082929053,0.7233279605699472,pool377,0,original
orientation_entropy_scale2,13,0.5542741630977165,0.6365032628856535,resnet50,0.42177601876851045,0.6489136226619293,pool377,0,original
orientation_histogram,52,0.29431067114934994,0.31107227315775715,resnet50,0.27802318216292915,0.3372219986624111,pool377,0,original
spectral_peaks,13,0.25203680007748536,0.21870754634872358,resnet50,0.20600224043776416,0.4444637264843021,pool377,0,original
spectral_slope,3,0.7270100180924874,0.7144085514945282,resnet50,0.6961268416472344,0.7515924612387608,pool377,0,original
spectral_statistics,91,0.7827579035383218,0.7962944832438088,resnet50,0.7706603931609042,0.8209038310421838,pool377,0,original
