cka,condition,model,representation,seed,variant
0.5244042354524081,paired,resnet50,frontier33,-1,original
0.002399117163098465,shuffled,resnet50,frontier33,0,original
0.39975762767452266,within_class_shuffled,resnet50,frontier33,0,original
0.0021004183228402395,shuffled,resnet50,frontier33,1,original
0.3967426146833638,within_class_shuffled,resnet50,frontier33,1,original
0.002414295398955741,shuffled,resnet50,frontier33,2,original
0.40056974144394075,within_class_shuffled,resnet50,frontier33,2,original
0.5108212598881705,paired,resnet50,pool377,-1,original
0.0030323152814380116,shuffled,resnet50,pool377,0,original
0.3785174268652519,within_class_shuffled,resnet50,pool377,0,original
0.0025963807643387565,shuffled,resnet50,pool377,1,original
0.3750018733403672,within_class_shuffled,resnet50,pool377,1,original
0.0030038673110553194,shuffled,resnet50,pool377,2,original
0.37921379801760297,within_class_shuffled,resnet50,pool377,2,original
0.38725906520054504,paired,resnet50,imagestats52,-1,original
0.0023197109993859455,shuffled,resnet50,imagestats52,0,original
0.28485468236817496,within_class_shuffled,resnet50,imagestats52,0,original
0.0017925508685267075,shuffled,resnet50,imagestats52,1,original
0.2820970623841853,within_class_shuffled,resnet50,imagestats52,1,original
0.001889482579024343,shuffled,resnet50,imagestats52,2,original
0.2922102630238591,within_class_shuffled,resnet50,imagestats52,2,original
0.5240620490827295,paired,convnext_tiny,frontier33,-1,original
0.002772244128867999,shuffled,convnext_tiny,frontier33,0,original
0.40971574146467543,within_class_shuffled,convnext_tiny,frontier33,0,original
0.002554720913431442,shuffled,convnext_tiny,frontier33,1,original
0.4086201034949748,within_class_shuffled,convnext_tiny,frontier33,1,original
0.0029767368221841205,shuffled,convnext_tiny,frontier33,2,original
0.41035535751517266,within_class_shuffled,convnext_tiny,frontier33,2,original
0.4947595633935862,paired,convnext_tiny,pool377,-1,original
0.003605443246891792,shuffled,convnext_tiny,pool377,0,original
0.3763709829464306,within_class_shuffled,convnext_tiny,pool377,0,original
0.003137151054778164,shuffled,convnext_tiny,pool377,1,original
0.37688252154601815,within_class_shuffled,convnext_tiny,pool377,1,original
0.003952089984807244,shuffled,convnext_tiny,pool377,2,original
0.3765386403865562,within_class_shuffled,convnext_tiny,pool377,2,original
0.39181277926623675,paired,convnext_tiny,imagestats52,-1,original
0.0024738551844456225,shuffled,convnext_tiny,imagestats52,0,original
0.30476006564563796,within_class_shuffled,convnext_tiny,imagestats52,0,original
0.0020275005107822106,shuffled,convnext_tiny,imagestats52,1,original
0.30630836377447995,within_class_shuffled,convnext_tiny,imagestats52,1,original
0.0025160687252178907,shuffled,convnext_tiny,imagestats52,2,original
0.30716221253526854,within_class_shuffled,convnext_tiny,imagestats52,2,original
0.6112466670915233,paired,dofa_large,frontier33,-1,original
0.002326062743283428,shuffled,dofa_large,frontier33,0,original
0.445682536446737,within_class_shuffled,dofa_large,frontier33,0,original
0.00176765461002752,shuffled,dofa_large,frontier33,1,original
0.44652018217477485,within_class_shuffled,dofa_large,frontier33,1,original
0.0021898484967316028,shuffled,dofa_large,frontier33,2,original
0.4448675388276928,within_class_shuffled,dofa_large,frontier33,2,original
0.6071747082495984,paired,dofa_large,pool377,-1,original
0.0027345649015848776,shuffled,dofa_large,pool377,0,original
0.4398982138504193,within_class_shuffled,dofa_large,pool377,0,original
0.0023673210197033123,shuffled,dofa_large,pool377,1,original
0.4409835799229139,within_class_shuffled,dofa_large,pool377,1,original
0.002739713638270231,shuffled,dofa_large,pool377,2,original
0.4383973092193698,within_class_shuffled,dofa_large,pool377,2,original
0.5524200546495253,paired,dofa_large,imagestats52,-1,original
0.00198037417758222,shuffled,dofa_large,imagestats52,0,original
0.4006624102309522,within_class_shuffled,dofa_large,imagestats52,0,original
0.0015854837244561812,shuffled,dofa_large,imagestats52,1,original
0.4028084242979043,within_class_shuffled,dofa_large,imagestats52,1,original
0.0018690020526977542,shuffled,dofa_large,imagestats52,2,original
0.4003948709810137,within_class_shuffled,dofa_large,imagestats52,2,original
0.6164492842124965,paired,olmoearth_nano,frontier33,-1,original
0.0012307727103783373,shuffled,olmoearth_nano,frontier33,0,original
0.4805851652585738,within_class_shuffled,olmoearth_nano,frontier33,0,original
0.0009015463531462745,shuffled,olmoearth_nano,frontier33,1,original
0.48097449647088836,within_class_shuffled,olmoearth_nano,frontier33,1,original
0.0010342319082172593,shuffled,olmoearth_nano,frontier33,2,original
0.48003991318923583,within_class_shuffled,olmoearth_nano,frontier33,2,original
0.5846761523813885,paired,olmoearth_nano,pool377,-1,original
0.001436440249957112,shuffled,olmoearth_nano,pool377,0,original
0.4566044156795254,within_class_shuffled,olmoearth_nano,pool377,0,original
0.0012490427406275251,shuffled,olmoearth_nano,pool377,1,original
0.4569116227640664,within_class_shuffled,olmoearth_nano,pool377,1,original
0.0013622140660733961,shuffled,olmoearth_nano,pool377,2,original
0.45533684232413857,within_class_shuffled,olmoearth_nano,pool377,2,original
0.5192735646924178,paired,olmoearth_nano,imagestats52,-1,original
0.0010287441901063003,shuffled,olmoearth_nano,imagestats52,0,original
0.4206004191346764,within_class_shuffled,olmoearth_nano,imagestats52,0,original
0.0008979985316316668,shuffled,olmoearth_nano,imagestats52,1,original
0.4244922595728573,within_class_shuffled,olmoearth_nano,imagestats52,1,original
0.0008347980794993107,shuffled,olmoearth_nano,imagestats52,2,original
0.4207309210722264,within_class_shuffled,olmoearth_nano,imagestats52,2,original
0.6164508294814353,paired,olmoearth_nano,frontier33,-1,b10_zeroed
0.0012306811694167302,shuffled,olmoearth_nano,frontier33,0,b10_zeroed
0.4805867098506335,within_class_shuffled,olmoearth_nano,frontier33,0,b10_zeroed
0.0009015528890555034,shuffled,olmoearth_nano,frontier33,1,b10_zeroed
0.4809756768254676,within_class_shuffled,olmoearth_nano,frontier33,1,b10_zeroed
0.0010342885143699936,shuffled,olmoearth_nano,frontier33,2,b10_zeroed
0.48004169240484285,within_class_shuffled,olmoearth_nano,frontier33,2,b10_zeroed
0.5854257556473814,paired,olmoearth_nano,pool377,-1,b10_zeroed
0.0013182089676034663,shuffled,olmoearth_nano,pool377,0,b10_zeroed
0.45727647093544743,within_class_shuffled,olmoearth_nano,pool377,0,b10_zeroed
0.0011968121521427912,shuffled,olmoearth_nano,pool377,1,b10_zeroed
0.45752236050133765,within_class_shuffled,olmoearth_nano,pool377,1,b10_zeroed
0.0013338761329517524,shuffled,olmoearth_nano,pool377,2,b10_zeroed
0.4559435153219063,within_class_shuffled,olmoearth_nano,pool377,2,b10_zeroed
0.6546553292397803,paired,olmoearth_base,frontier33,-1,original
0.0017745989380859258,shuffled,olmoearth_base,frontier33,0,original
0.49304711234976545,within_class_shuffled,olmoearth_base,frontier33,0,original
0.0012926048171914837,shuffled,olmoearth_base,frontier33,1,original
0.49244121919054445,within_class_shuffled,olmoearth_base,frontier33,1,original
0.0016009748212720408,shuffled,olmoearth_base,frontier33,2,original
0.4900484817116779,within_class_shuffled,olmoearth_base,frontier33,2,original
0.62739602424228,paired,olmoearth_base,pool377,-1,original
0.002141878310875261,shuffled,olmoearth_base,pool377,0,original
0.46979000693055983,within_class_shuffled,olmoearth_base,pool377,0,original
0.0017955652975960785,shuffled,olmoearth_base,pool377,1,original
0.46919465000091226,within_class_shuffled,olmoearth_base,pool377,1,original
0.0020262612625998573,shuffled,olmoearth_base,pool377,2,original
0.46681230591039075,within_class_shuffled,olmoearth_base,pool377,2,original
0.5239763241567587,paired,olmoearth_base,imagestats52,-1,original
0.0015194141495881517,shuffled,olmoearth_base,imagestats52,0,original
0.39922330256208105,within_class_shuffled,olmoearth_base,imagestats52,0,original
0.0012377014343806405,shuffled,olmoearth_base,imagestats52,1,original
0.40055264760713927,within_class_shuffled,olmoearth_base,imagestats52,1,original
0.001253130663035144,shuffled,olmoearth_base,imagestats52,2,original
0.39795502476807365,within_class_shuffled,olmoearth_base,imagestats52,2,original
0.654656652832326,paired,olmoearth_base,frontier33,-1,b10_zeroed
0.0017744719413683176,shuffled,olmoearth_base,frontier33,0,b10_zeroed
0.4930472391530751,within_class_shuffled,olmoearth_base,frontier33,0,b10_zeroed
0.001292611507048918,shuffled,olmoearth_base,frontier33,1,b10_zeroed
0.49244217408177965,within_class_shuffled,olmoearth_base,frontier33,1,b10_zeroed
0.0016009702381362674,shuffled,olmoearth_base,frontier33,2,b10_zeroed
0.4900498812197359,within_class_shuffled,olmoearth_base,frontier33,2,b10_zeroed
0.6262357152433314,paired,olmoearth_base,pool377,-1,b10_zeroed
0.0019980984933837278,shuffled,olmoearth_base,pool377,0,b10_zeroed
0.4709305757919936,within_class_shuffled,olmoearth_base,pool377,0,b10_zeroed
0.0017090555675316269,shuffled,olmoearth_base,pool377,1,b10_zeroed
0.47034631710899644,within_class_shuffled,olmoearth_base,pool377,1,b10_zeroed
0.0019617765225348584,shuffled,olmoearth_base,pool377,2,b10_zeroed
0.4678953317729565,within_class_shuffled,olmoearth_base,pool377,2,b10_zeroed
