model,oracle_reconstruction_r2,prediction_reconstruction_r2,rank,representation,training_variance_fraction,variant
resnet50,0.05465385955219537,-0.019599882984017825,1,frontier33,0.29056693180813786,original
resnet50,0.2064377359485129,0.09472732624835589,2,frontier33,0.4052189281756095,original
resnet50,0.3346970264118465,0.18279365044678186,4,frontier33,0.5015058514230907,original
resnet50,0.44342938503713214,0.22733597776229664,8,frontier33,0.5823541765085498,original
resnet50,0.5505533876480988,0.25766120144073634,16,frontier33,0.6636518263303485,original
resnet50,0.6506280980147212,0.2695348695496371,33,frontier33,0.7394162809151098,original
resnet50,0.7273915875525245,0.27426789398163387,64,frontier33,0.7997431381531958,original
resnet50,0.7995881446430007,0.2758923552463193,128,frontier33,0.8550632917985029,original
resnet50,0.8649522069022314,0.27647203171440815,256,frontier33,0.9053088556939988,original
resnet50,0.899085218039194,0.2766004260768997,377,frontier33,0.9313694630880415,original
resnet50,0.9243525876877473,0.2766505923453977,512,frontier33,0.9504201056627918,original
resnet50,0.9732317569468707,0.2766914649108051,1024,frontier33,0.9849847127110107,original
resnet50,0.9999999999999992,0.2766910332534064,2048,frontier33,1.0,original
resnet50,0.05465385955219537,-0.1284289411640993,1,pool377,0.29056693180813786,original
resnet50,0.2064377359485129,-0.009351099244737204,2,pool377,0.4052189281756095,original
resnet50,0.3346970264118465,0.09139814277824454,4,pool377,0.5015058514230907,original
resnet50,0.44342938503713214,0.15159132118384466,8,pool377,0.5823541765085498,original
resnet50,0.5505533876480988,0.19535630833137274,16,pool377,0.6636518263303485,original
resnet50,0.6506280980147212,0.21918025487296133,33,pool377,0.7394162809151098,original
resnet50,0.7273915875525245,0.22953407783559931,64,pool377,0.7997431381531958,original
resnet50,0.7995881446430007,0.23391960280808466,128,pool377,0.8550632917985029,original
resnet50,0.8649522069022314,0.23561245139998632,256,pool377,0.9053088556939988,original
resnet50,0.899085218039194,0.23590191228973978,377,pool377,0.9313694630880415,original
resnet50,0.9243525876877473,0.23595956906246596,512,pool377,0.9504201056627918,original
resnet50,0.9732317569468707,0.23586278208809308,1024,pool377,0.9849847127110107,original
resnet50,0.9999999999999992,0.23575818676917826,2048,pool377,1.0,original
resnet50,0.05465385955219537,-0.05185685134772888,1,imagestats52,0.29056693180813786,original
resnet50,0.2064377359485129,0.03852063558099561,2,imagestats52,0.4052189281756095,original
resnet50,0.3346970264118465,0.0969070963348686,4,imagestats52,0.5015058514230907,original
resnet50,0.44342938503713214,0.13517662293609845,8,imagestats52,0.5823541765085498,original
resnet50,0.5505533876480988,0.15326914190525787,16,imagestats52,0.6636518263303485,original
resnet50,0.6506280980147212,0.1611287382801062,33,imagestats52,0.7394162809151098,original
resnet50,0.7273915875525245,0.16399892544094252,64,imagestats52,0.7997431381531958,original
resnet50,0.7995881446430007,0.16517862443215015,128,imagestats52,0.8550632917985029,original
resnet50,0.8649522069022314,0.16566685759546718,256,imagestats52,0.9053088556939988,original
resnet50,0.899085218039194,0.16577360852693424,377,imagestats52,0.9313694630880415,original
resnet50,0.9243525876877473,0.1658167425022572,512,imagestats52,0.9504201056627918,original
resnet50,0.9732317569468707,0.16586325467847896,1024,imagestats52,0.9849847127110107,original
resnet50,0.9999999999999992,0.16587176243794277,2048,imagestats52,1.0,original
convnext_tiny,0.11326355811260624,0.08130403504531525,1,frontier33,0.11219746150625096,original
convnext_tiny,0.17756475779958025,0.1259639455088668,2,frontier33,0.17756345600048198,original
convnext_tiny,0.25773893896634403,0.17214551666298583,4,frontier33,0.257777142484482,original
convnext_tiny,0.347779435006357,0.2041435536807399,8,frontier33,0.3485788726475447,original
convnext_tiny,0.45456254211201685,0.2289523721543455,16,frontier33,0.45756743007632544,original
convnext_tiny,0.574975051729701,0.2416142707234702,33,frontier33,0.5785446972724312,original
convnext_tiny,0.6815785320100679,0.24665729115377344,64,frontier33,0.68667883810892,original
convnext_tiny,0.7871461462556901,0.24877090066293084,128,frontier33,0.7941051010186704,original
convnext_tiny,0.8841762372715614,0.24968040722397922,256,frontier33,0.8918577950799401,original
convnext_tiny,0.9322192210830132,0.2498811814247759,377,frontier33,0.9388696013571658,original
convnext_tiny,0.9655911857001557,0.2499640885758041,512,frontier33,0.9703389952615727,original
convnext_tiny,0.11326355811260624,0.08655857900990671,1,pool377,0.11219746150625096,original
convnext_tiny,0.17756475779958025,0.13768798201328203,2,pool377,0.17756345600048198,original
convnext_tiny,0.25773893896634403,0.19183298537620475,4,pool377,0.257777142484482,original
convnext_tiny,0.347779435006357,0.23513804410499262,8,pool377,0.3485788726475447,original
convnext_tiny,0.45456254211201685,0.27296555604476636,16,pool377,0.45756743007632544,original
convnext_tiny,0.574975051729701,0.2969159669720679,33,pool377,0.5785446972724312,original
convnext_tiny,0.6815785320100679,0.30775337392201496,64,pool377,0.68667883810892,original
convnext_tiny,0.7871461462556901,0.3129211313561109,128,pool377,0.7941051010186704,original
convnext_tiny,0.8841762372715614,0.3148505684596469,256,pool377,0.8918577950799401,original
convnext_tiny,0.9322192210830132,0.315135045990497,377,pool377,0.9388696013571658,original
convnext_tiny,0.9655911857001557,0.315143451022156,512,pool377,0.9703389952615727,original
convnext_tiny,0.11326355811260624,0.07129703407884769,1,imagestats52,0.11219746150625096,original
convnext_tiny,0.17756475779958025,0.10539580109472746,2,imagestats52,0.17756345600048198,original
convnext_tiny,0.25773893896634403,0.14630701386364942,4,imagestats52,0.257777142484482,original
convnext_tiny,0.347779435006357,0.17268956782574474,8,imagestats52,0.3485788726475447,original
convnext_tiny,0.45456254211201685,0.1933042187565337,16,imagestats52,0.45756743007632544,original
convnext_tiny,0.574975051729701,0.20462307026635962,33,imagestats52,0.5785446972724312,original
convnext_tiny,0.6815785320100679,0.20890231210300247,64,imagestats52,0.68667883810892,original
convnext_tiny,0.7871461462556901,0.21080270978713345,128,imagestats52,0.7941051010186704,original
convnext_tiny,0.8841762372715614,0.2115155499563387,256,imagestats52,0.8918577950799401,original
convnext_tiny,0.9322192210830132,0.21166186809980492,377,imagestats52,0.9388696013571658,original
convnext_tiny,0.9655911857001557,0.21169107971966894,512,imagestats52,0.9703389952615727,original
dofa_large,0.16789322172162324,0.15241555089718783,1,frontier33,0.1695532702998812,original
dofa_large,0.2782617969955249,0.25189112663963187,2,frontier33,0.2792081009289753,original
dofa_large,0.37951486824848635,0.318640733554854,4,frontier33,0.37922691954242527,original
dofa_large,0.48486491232211293,0.3718145668720111,8,frontier33,0.48792806279309825,original
dofa_large,0.5816327457734976,0.40694346034570394,16,frontier33,0.5849031385474471,original
dofa_large,0.6799205571467977,0.4269141489669923,33,frontier33,0.6837752302302588,original
dofa_large,0.7647481150062632,0.4331377721649238,64,frontier33,0.769302147033805,original
dofa_large,0.847504786992308,0.4358178456459446,128,frontier33,0.8525471784768808,original
dofa_large,0.9199686323928601,0.43682896270007276,256,frontier33,0.924822676602042,original
dofa_large,0.9526352595080122,0.4370601085247776,377,frontier33,0.9567211098585652,original
dofa_large,0.9730889851792083,0.43714539398692,512,frontier33,0.9761955577493375,original
dofa_large,1.0,0.43720726136708776,1024,frontier33,1.0,original
dofa_large,0.16789322172162324,0.15873649671523316,1,pool377,0.1695532702998812,original
dofa_large,0.2782617969955249,0.26093530136891563,2,pool377,0.2792081009289753,original
dofa_large,0.37951486824848635,0.33687672098915544,4,pool377,0.37922691954242527,original
dofa_large,0.48486491232211293,0.4057978970093946,8,pool377,0.48792806279309825,original
dofa_large,0.5816327457734976,0.45790302363797897,16,pool377,0.5849031385474471,original
dofa_large,0.6799205571467977,0.49562860584691826,33,pool377,0.6837752302302588,original
dofa_large,0.7647481150062632,0.5124681486270486,64,pool377,0.769302147033805,original
dofa_large,0.847504786992308,0.5212717058803231,128,pool377,0.8525471784768808,original
dofa_large,0.9199686323928601,0.5248818121494068,256,pool377,0.924822676602042,original
dofa_large,0.9526352595080122,0.5256721491972043,377,pool377,0.9567211098585652,original
dofa_large,0.9730889851792083,0.5259313549690627,512,pool377,0.9761955577493375,original
dofa_large,1.0,0.5260210048113649,1024,pool377,1.0,original
dofa_large,0.16789322172162324,0.13948798401607,1,imagestats52,0.1695532702998812,original
dofa_large,0.2782617969955249,0.23352301984209023,2,imagestats52,0.2792081009289753,original
dofa_large,0.37951486824848635,0.29292140180972914,4,imagestats52,0.37922691954242527,original
dofa_large,0.48486491232211293,0.3402154695934778,8,imagestats52,0.48792806279309825,original
dofa_large,0.5816327457734976,0.3709803492521865,16,imagestats52,0.5849031385474471,original
dofa_large,0.6799205571467977,0.3867400224604859,33,imagestats52,0.6837752302302588,original
dofa_large,0.7647481150062632,0.39328238466149823,64,imagestats52,0.769302147033805,original
dofa_large,0.847504786992308,0.39659096170537333,128,imagestats52,0.8525471784768808,original
dofa_large,0.9199686323928601,0.39787163969823514,256,imagestats52,0.924822676602042,original
dofa_large,0.9526352595080122,0.3981681650994541,377,imagestats52,0.9567211098585652,original
dofa_large,0.9730889851792083,0.398271771857062,512,imagestats52,0.9761955577493375,original
dofa_large,1.0,0.3983380492266916,1024,imagestats52,1.0,original
olmoearth_nano,0.3624575511467768,0.3382363537821357,1,frontier33,0.3646632414107111,original
olmoearth_nano,0.5405014894608929,0.5050585175853126,2,frontier33,0.5445663279169453,original
olmoearth_nano,0.7176626267381708,0.6579221177852814,4,frontier33,0.7176482075312557,original
olmoearth_nano,0.8284945223552937,0.7345399080708057,8,frontier33,0.8276939632614774,original
olmoearth_nano,0.9103118340234672,0.7739453635930582,16,frontier33,0.9099522970935248,original
olmoearth_nano,0.9640737192263491,0.7851765198535023,33,frontier33,0.9645744937867236,original
olmoearth_nano,0.9908217876111045,0.7875445565123518,64,frontier33,0.9910575140616406,original
olmoearth_nano,0.9999999999999982,0.787833032205493,128,frontier33,1.0,original
olmoearth_nano,0.3624575511467768,0.351385055998097,1,pool377,0.3646632414107111,original
olmoearth_nano,0.5405014894608929,0.5232925432745639,2,pool377,0.5445663279169453,original
olmoearth_nano,0.7176626267381708,0.6897697337644808,4,pool377,0.7176482075312557,original
olmoearth_nano,0.8284945223552937,0.7859713488533973,8,pool377,0.8276939632614774,original
olmoearth_nano,0.9103118340234672,0.8519856921207343,16,pool377,0.9099522970935248,original
olmoearth_nano,0.9640737192263491,0.8781608223287647,33,pool377,0.9645744937867236,original
olmoearth_nano,0.9908217876111045,0.8854793434673621,64,pool377,0.9910575140616406,original
olmoearth_nano,0.9999999999999982,0.8866204352600247,128,pool377,1.0,original
olmoearth_nano,0.3624575511467768,0.3078013924384385,1,imagestats52,0.3646632414107111,original
olmoearth_nano,0.5405014894608929,0.45883278740505395,2,imagestats52,0.5445663279169453,original
olmoearth_nano,0.7176626267381708,0.6055837671144163,4,imagestats52,0.7176482075312557,original
olmoearth_nano,0.8284945223552937,0.6704813583197827,8,imagestats52,0.8276939632614774,original
olmoearth_nano,0.9103118340234672,0.7023554299317031,16,imagestats52,0.9099522970935248,original
olmoearth_nano,0.9640737192263491,0.7143880445039886,33,imagestats52,0.9645744937867236,original
olmoearth_nano,0.9908217876111045,0.7172449275369841,64,imagestats52,0.9910575140616406,original
olmoearth_nano,0.9999999999999982,0.7175796504890719,128,imagestats52,1.0,original
olmoearth_nano,0.3624575511467768,0.33823508009662506,1,frontier33,0.3646632414107111,b10_zeroed
olmoearth_nano,0.5405014894608929,0.5050569260190673,2,frontier33,0.5445663279169453,b10_zeroed
olmoearth_nano,0.7176626267381708,0.6579208486238022,4,frontier33,0.7176482075312557,b10_zeroed
olmoearth_nano,0.8284945223552937,0.7345388806308946,8,frontier33,0.8276939632614774,b10_zeroed
olmoearth_nano,0.9103118340234672,0.7739448823074649,16,frontier33,0.9099522970935248,b10_zeroed
olmoearth_nano,0.9640737192263491,0.7851761575009152,33,frontier33,0.9645744937867236,b10_zeroed
olmoearth_nano,0.9908217876111045,0.7875442113270061,64,frontier33,0.9910575140616406,b10_zeroed
olmoearth_nano,0.9999999999999982,0.7878326878253673,128,frontier33,1.0,b10_zeroed
olmoearth_nano,0.3624575511467768,0.3511750893832625,1,pool377,0.3646632414107111,b10_zeroed
olmoearth_nano,0.5405014894608929,0.5230828683862707,2,pool377,0.5445663279169453,b10_zeroed
olmoearth_nano,0.7176626267381708,0.6895209550433781,4,pool377,0.7176482075312557,b10_zeroed
olmoearth_nano,0.8284945223552937,0.7856311645359718,8,pool377,0.8276939632614774,b10_zeroed
olmoearth_nano,0.9103118340234672,0.8515383054504324,16,pool377,0.9099522970935248,b10_zeroed
olmoearth_nano,0.9640737192263491,0.8775163677834212,33,pool377,0.9645744937867236,b10_zeroed
olmoearth_nano,0.9908217876111045,0.8846916927604618,64,pool377,0.9910575140616406,b10_zeroed
olmoearth_nano,0.9999999999999982,0.8858111570633679,128,pool377,1.0,b10_zeroed
olmoearth_base,0.21670732384649083,0.19702923991157095,1,frontier33,0.21893997983743577,original
olmoearth_base,0.3363215705677247,0.3033984643278942,2,frontier33,0.3359824624022997,original
olmoearth_base,0.49579304599659413,0.44305460512302464,4,frontier33,0.49742588631498513,original
olmoearth_base,0.6183459715042362,0.522943111061328,8,frontier33,0.6189362875670429,original
olmoearth_base,0.7288594735869229,0.5610756920871343,16,frontier33,0.7297204875990508,original
olmoearth_base,0.8281117613211701,0.5846534064934559,33,frontier33,0.8301779259543192,original
olmoearth_base,0.8979408322727025,0.5922757626734991,64,frontier33,0.9000446005773041,original
olmoearth_base,0.948699944109663,0.5943047077238783,128,frontier33,0.9504648297574301,original
olmoearth_base,0.9792109457174406,0.5947823554162572,256,frontier33,0.9804562774301332,original
olmoearth_base,0.989683688540221,0.594850815898577,377,frontier33,0.9905619500036604,original
olmoearth_base,0.9954127868083582,0.5948729155021122,512,frontier33,0.9959437296681952,original
olmoearth_base,0.21670732384649083,0.20878863261860048,1,pool377,0.21893997983743577,original
olmoearth_base,0.3363215705677247,0.3211259308513392,2,pool377,0.3359824624022997,original
olmoearth_base,0.49579304599659413,0.4704283582177108,4,pool377,0.49742588631498513,original
olmoearth_base,0.6183459715042362,0.573643791518678,8,pool377,0.6189362875670429,original
olmoearth_base,0.7288594735869229,0.6475231507063448,16,pool377,0.7297204875990508,original
olmoearth_base,0.8281117613211701,0.6984431664816845,33,pool377,0.8301779259543192,original
olmoearth_base,0.8979408322727025,0.72118699212765,64,pool377,0.9000446005773041,original
olmoearth_base,0.948699944109663,0.7290729752398708,128,pool377,0.9504648297574301,original
olmoearth_base,0.9792109457174406,0.7313995995295448,256,pool377,0.9804562774301332,original
olmoearth_base,0.989683688540221,0.7317176474065071,377,pool377,0.9905619500036604,original
olmoearth_base,0.9954127868083582,0.7318075724001447,512,pool377,0.9959437296681952,original
olmoearth_base,0.21670732384649083,0.17303757281090226,1,imagestats52,0.21893997983743577,original
olmoearth_base,0.3363215705677247,0.2650866776368914,2,imagestats52,0.3359824624022997,original
olmoearth_base,0.49579304599659413,0.3912173197942621,4,imagestats52,0.49742588631498513,original
olmoearth_base,0.6183459715042362,0.4671850148685821,8,imagestats52,0.6189362875670429,original
olmoearth_base,0.7288594735869229,0.4934727900436169,16,imagestats52,0.7297204875990508,original
olmoearth_base,0.8281117613211701,0.5159314676506164,33,imagestats52,0.8301779259543192,original
olmoearth_base,0.8979408322727025,0.5252297316270262,64,imagestats52,0.9000446005773041,original
olmoearth_base,0.948699944109663,0.5278576877771974,128,imagestats52,0.9504648297574301,original
olmoearth_base,0.9792109457174406,0.5285041763784264,256,imagestats52,0.9804562774301332,original
olmoearth_base,0.989683688540221,0.5285943491860183,377,imagestats52,0.9905619500036604,original
olmoearth_base,0.9954127868083582,0.5286218603859558,512,imagestats52,0.9959437296681952,original
olmoearth_base,0.21670732384649083,0.1970283278330941,1,frontier33,0.21893997983743577,b10_zeroed
olmoearth_base,0.3363215705677247,0.30339804259481307,2,frontier33,0.3359824624022997,b10_zeroed
olmoearth_base,0.49579304599659413,0.44305411914473347,4,frontier33,0.49742588631498513,b10_zeroed
olmoearth_base,0.6183459715042362,0.5229427495913387,8,frontier33,0.6189362875670429,b10_zeroed
olmoearth_base,0.7288594735869229,0.5610753484981873,16,frontier33,0.7297204875990508,b10_zeroed
olmoearth_base,0.8281117613211701,0.5846530603182765,33,frontier33,0.8301779259543192,b10_zeroed
olmoearth_base,0.8979408322727025,0.5922753342156513,64,frontier33,0.9000446005773041,b10_zeroed
olmoearth_base,0.948699944109663,0.5943042845331231,128,frontier33,0.9504648297574301,b10_zeroed
olmoearth_base,0.9792109457174406,0.5947819165373026,256,frontier33,0.9804562774301332,b10_zeroed
olmoearth_base,0.989683688540221,0.5948503750651595,377,frontier33,0.9905619500036604,b10_zeroed
olmoearth_base,0.9954127868083582,0.5948724746543106,512,frontier33,0.9959437296681952,b10_zeroed
olmoearth_base,0.21670732384649083,0.2085821834026632,1,pool377,0.21893997983743577,b10_zeroed
olmoearth_base,0.3363215705677247,0.32084665327638806,2,pool377,0.3359824624022997,b10_zeroed
olmoearth_base,0.49579304599659413,0.47007301398527523,4,pool377,0.49742588631498513,b10_zeroed
olmoearth_base,0.6183459715042362,0.5729169246243793,8,pool377,0.6189362875670429,b10_zeroed
olmoearth_base,0.7288594735869229,0.6466484821882938,16,pool377,0.7297204875990508,b10_zeroed
olmoearth_base,0.8281117613211701,0.6972081269412553,33,pool377,0.8301779259543192,b10_zeroed
olmoearth_base,0.8979408322727025,0.7197607406818946,64,pool377,0.9000446005773041,b10_zeroed
olmoearth_base,0.948699944109663,0.7274911738964156,128,pool377,0.9504648297574301,b10_zeroed
olmoearth_base,0.9792109457174406,0.7297972603277989,256,pool377,0.9804562774301332,b10_zeroed
olmoearth_base,0.989683688540221,0.7301229099314587,377,pool377,0.9905619500036604,b10_zeroed
olmoearth_base,0.9954127868083582,0.7302172476939591,512,pool377,0.9959437296681952,b10_zeroed
