backbone_correct,class,combined_correct,context,model,representation,samples,variant
577,AnnualCrop,588,combined,resnet50,frontier33,596,original
586,Forest,606,combined,resnet50,frontier33,608,original
547,HerbaceousVegetation,559,combined,resnet50,frontier33,573,original
448,Highway,480,combined,resnet50,frontier33,496,original
481,Industrial,489,combined,resnet50,frontier33,501,original
365,Pasture,380,combined,resnet50,frontier33,396,original
492,PermanentCrop,517,combined,resnet50,frontier33,538,original
535,Residential,550,combined,resnet50,frontier33,554,original
498,River,517,combined,resnet50,frontier33,529,original
605,SeaLake,607,combined,resnet50,frontier33,609,original
577,AnnualCrop,577,shuffled,resnet50,frontier33,596,original
586,Forest,586,shuffled,resnet50,frontier33,608,original
547,HerbaceousVegetation,547,shuffled,resnet50,frontier33,573,original
448,Highway,448,shuffled,resnet50,frontier33,496,original
481,Industrial,481,shuffled,resnet50,frontier33,501,original
365,Pasture,365,shuffled,resnet50,frontier33,396,original
492,PermanentCrop,492,shuffled,resnet50,frontier33,538,original
535,Residential,535,shuffled,resnet50,frontier33,554,original
498,River,498,shuffled,resnet50,frontier33,529,original
605,SeaLake,605,shuffled,resnet50,frontier33,609,original
577,AnnualCrop,576,projection,resnet50,frontier33,596,original
586,Forest,585,projection,resnet50,frontier33,608,original
547,HerbaceousVegetation,546,projection,resnet50,frontier33,573,original
448,Highway,444,projection,resnet50,frontier33,496,original
481,Industrial,482,projection,resnet50,frontier33,501,original
365,Pasture,367,projection,resnet50,frontier33,396,original
492,PermanentCrop,493,projection,resnet50,frontier33,538,original
535,Residential,534,projection,resnet50,frontier33,554,original
498,River,497,projection,resnet50,frontier33,529,original
605,SeaLake,605,projection,resnet50,frontier33,609,original
577,AnnualCrop,588,combined,resnet50,pool377,596,original
586,Forest,603,combined,resnet50,pool377,608,original
547,HerbaceousVegetation,562,combined,resnet50,pool377,573,original
448,Highway,476,combined,resnet50,pool377,496,original
481,Industrial,490,combined,resnet50,pool377,501,original
365,Pasture,377,combined,resnet50,pool377,396,original
492,PermanentCrop,516,combined,resnet50,pool377,538,original
535,Residential,548,combined,resnet50,pool377,554,original
498,River,519,combined,resnet50,pool377,529,original
605,SeaLake,607,combined,resnet50,pool377,609,original
577,AnnualCrop,577,shuffled,resnet50,pool377,596,original
586,Forest,586,shuffled,resnet50,pool377,608,original
547,HerbaceousVegetation,547,shuffled,resnet50,pool377,573,original
448,Highway,448,shuffled,resnet50,pool377,496,original
481,Industrial,481,shuffled,resnet50,pool377,501,original
365,Pasture,365,shuffled,resnet50,pool377,396,original
492,PermanentCrop,492,shuffled,resnet50,pool377,538,original
535,Residential,535,shuffled,resnet50,pool377,554,original
498,River,498,shuffled,resnet50,pool377,529,original
605,SeaLake,605,shuffled,resnet50,pool377,609,original
577,AnnualCrop,577,projection,resnet50,pool377,596,original
586,Forest,586,projection,resnet50,pool377,608,original
547,HerbaceousVegetation,547,projection,resnet50,pool377,573,original
448,Highway,448,projection,resnet50,pool377,496,original
481,Industrial,481,projection,resnet50,pool377,501,original
365,Pasture,365,projection,resnet50,pool377,396,original
492,PermanentCrop,492,projection,resnet50,pool377,538,original
535,Residential,535,projection,resnet50,pool377,554,original
498,River,498,projection,resnet50,pool377,529,original
605,SeaLake,605,projection,resnet50,pool377,609,original
577,AnnualCrop,583,combined,resnet50,imagestats52,596,original
586,Forest,605,combined,resnet50,imagestats52,608,original
547,HerbaceousVegetation,555,combined,resnet50,imagestats52,573,original
448,Highway,459,combined,resnet50,imagestats52,496,original
481,Industrial,488,combined,resnet50,imagestats52,501,original
365,Pasture,378,combined,resnet50,imagestats52,396,original
492,PermanentCrop,511,combined,resnet50,imagestats52,538,original
535,Residential,545,combined,resnet50,imagestats52,554,original
498,River,515,combined,resnet50,imagestats52,529,original
605,SeaLake,607,combined,resnet50,imagestats52,609,original
577,AnnualCrop,577,shuffled,resnet50,imagestats52,596,original
586,Forest,586,shuffled,resnet50,imagestats52,608,original
547,HerbaceousVegetation,547,shuffled,resnet50,imagestats52,573,original
448,Highway,448,shuffled,resnet50,imagestats52,496,original
481,Industrial,481,shuffled,resnet50,imagestats52,501,original
365,Pasture,365,shuffled,resnet50,imagestats52,396,original
492,PermanentCrop,492,shuffled,resnet50,imagestats52,538,original
535,Residential,535,shuffled,resnet50,imagestats52,554,original
498,River,498,shuffled,resnet50,imagestats52,529,original
605,SeaLake,605,shuffled,resnet50,imagestats52,609,original
577,AnnualCrop,577,projection,resnet50,imagestats52,596,original
586,Forest,586,projection,resnet50,imagestats52,608,original
547,HerbaceousVegetation,547,projection,resnet50,imagestats52,573,original
448,Highway,448,projection,resnet50,imagestats52,496,original
481,Industrial,481,projection,resnet50,imagestats52,501,original
365,Pasture,365,projection,resnet50,imagestats52,396,original
492,PermanentCrop,492,projection,resnet50,imagestats52,538,original
535,Residential,535,projection,resnet50,imagestats52,554,original
498,River,498,projection,resnet50,imagestats52,529,original
605,SeaLake,605,projection,resnet50,imagestats52,609,original
572,AnnualCrop,585,combined,convnext_tiny,frontier33,596,original
591,Forest,604,combined,convnext_tiny,frontier33,608,original
549,HerbaceousVegetation,558,combined,convnext_tiny,frontier33,573,original
448,Highway,482,combined,convnext_tiny,frontier33,496,original
488,Industrial,493,combined,convnext_tiny,frontier33,501,original
368,Pasture,377,combined,convnext_tiny,frontier33,396,original
483,PermanentCrop,508,combined,convnext_tiny,frontier33,538,original
539,Residential,550,combined,convnext_tiny,frontier33,554,original
503,River,519,combined,convnext_tiny,frontier33,529,original
597,SeaLake,608,combined,convnext_tiny,frontier33,609,original
572,AnnualCrop,572,shuffled,convnext_tiny,frontier33,596,original
591,Forest,591,shuffled,convnext_tiny,frontier33,608,original
549,HerbaceousVegetation,549,shuffled,convnext_tiny,frontier33,573,original
448,Highway,448,shuffled,convnext_tiny,frontier33,496,original
488,Industrial,488,shuffled,convnext_tiny,frontier33,501,original
368,Pasture,368,shuffled,convnext_tiny,frontier33,396,original
483,PermanentCrop,483,shuffled,convnext_tiny,frontier33,538,original
539,Residential,539,shuffled,convnext_tiny,frontier33,554,original
503,River,503,shuffled,convnext_tiny,frontier33,529,original
597,SeaLake,597,shuffled,convnext_tiny,frontier33,609,original
572,AnnualCrop,570,projection,convnext_tiny,frontier33,596,original
591,Forest,590,projection,convnext_tiny,frontier33,608,original
549,HerbaceousVegetation,550,projection,convnext_tiny,frontier33,573,original
448,Highway,447,projection,convnext_tiny,frontier33,496,original
488,Industrial,490,projection,convnext_tiny,frontier33,501,original
368,Pasture,367,projection,convnext_tiny,frontier33,396,original
483,PermanentCrop,487,projection,convnext_tiny,frontier33,538,original
539,Residential,538,projection,convnext_tiny,frontier33,554,original
503,River,500,projection,convnext_tiny,frontier33,529,original
597,SeaLake,597,projection,convnext_tiny,frontier33,609,original
572,AnnualCrop,589,combined,convnext_tiny,pool377,596,original
591,Forest,606,combined,convnext_tiny,pool377,608,original
549,HerbaceousVegetation,557,combined,convnext_tiny,pool377,573,original
448,Highway,480,combined,convnext_tiny,pool377,496,original
488,Industrial,494,combined,convnext_tiny,pool377,501,original
368,Pasture,378,combined,convnext_tiny,pool377,396,original
483,PermanentCrop,521,combined,convnext_tiny,pool377,538,original
539,Residential,548,combined,convnext_tiny,pool377,554,original
503,River,520,combined,convnext_tiny,pool377,529,original
597,SeaLake,608,combined,convnext_tiny,pool377,609,original
572,AnnualCrop,572,shuffled,convnext_tiny,pool377,596,original
591,Forest,591,shuffled,convnext_tiny,pool377,608,original
549,HerbaceousVegetation,549,shuffled,convnext_tiny,pool377,573,original
448,Highway,448,shuffled,convnext_tiny,pool377,496,original
488,Industrial,488,shuffled,convnext_tiny,pool377,501,original
368,Pasture,368,shuffled,convnext_tiny,pool377,396,original
483,PermanentCrop,483,shuffled,convnext_tiny,pool377,538,original
539,Residential,539,shuffled,convnext_tiny,pool377,554,original
503,River,503,shuffled,convnext_tiny,pool377,529,original
597,SeaLake,597,shuffled,convnext_tiny,pool377,609,original
572,AnnualCrop,572,projection,convnext_tiny,pool377,596,original
591,Forest,591,projection,convnext_tiny,pool377,608,original
549,HerbaceousVegetation,549,projection,convnext_tiny,pool377,573,original
448,Highway,448,projection,convnext_tiny,pool377,496,original
488,Industrial,488,projection,convnext_tiny,pool377,501,original
368,Pasture,368,projection,convnext_tiny,pool377,396,original
483,PermanentCrop,483,projection,convnext_tiny,pool377,538,original
539,Residential,539,projection,convnext_tiny,pool377,554,original
503,River,503,projection,convnext_tiny,pool377,529,original
597,SeaLake,597,projection,convnext_tiny,pool377,609,original
572,AnnualCrop,582,combined,convnext_tiny,imagestats52,596,original
591,Forest,606,combined,convnext_tiny,imagestats52,608,original
549,HerbaceousVegetation,558,combined,convnext_tiny,imagestats52,573,original
448,Highway,466,combined,convnext_tiny,imagestats52,496,original
488,Industrial,493,combined,convnext_tiny,imagestats52,501,original
368,Pasture,377,combined,convnext_tiny,imagestats52,396,original
483,PermanentCrop,505,combined,convnext_tiny,imagestats52,538,original
539,Residential,543,combined,convnext_tiny,imagestats52,554,original
503,River,511,combined,convnext_tiny,imagestats52,529,original
597,SeaLake,608,combined,convnext_tiny,imagestats52,609,original
572,AnnualCrop,572,shuffled,convnext_tiny,imagestats52,596,original
591,Forest,591,shuffled,convnext_tiny,imagestats52,608,original
549,HerbaceousVegetation,549,shuffled,convnext_tiny,imagestats52,573,original
448,Highway,448,shuffled,convnext_tiny,imagestats52,496,original
488,Industrial,488,shuffled,convnext_tiny,imagestats52,501,original
368,Pasture,368,shuffled,convnext_tiny,imagestats52,396,original
483,PermanentCrop,483,shuffled,convnext_tiny,imagestats52,538,original
539,Residential,539,shuffled,convnext_tiny,imagestats52,554,original
503,River,503,shuffled,convnext_tiny,imagestats52,529,original
597,SeaLake,597,shuffled,convnext_tiny,imagestats52,609,original
572,AnnualCrop,572,projection,convnext_tiny,imagestats52,596,original
591,Forest,591,projection,convnext_tiny,imagestats52,608,original
549,HerbaceousVegetation,549,projection,convnext_tiny,imagestats52,573,original
448,Highway,448,projection,convnext_tiny,imagestats52,496,original
488,Industrial,488,projection,convnext_tiny,imagestats52,501,original
368,Pasture,368,projection,convnext_tiny,imagestats52,396,original
483,PermanentCrop,483,projection,convnext_tiny,imagestats52,538,original
539,Residential,539,projection,convnext_tiny,imagestats52,554,original
503,River,503,projection,convnext_tiny,imagestats52,529,original
597,SeaLake,597,projection,convnext_tiny,imagestats52,609,original
589,AnnualCrop,591,combined,dofa_large,frontier33,596,original
599,Forest,605,combined,dofa_large,frontier33,608,original
558,HerbaceousVegetation,557,combined,dofa_large,frontier33,573,original
487,Highway,486,combined,dofa_large,frontier33,496,original
493,Industrial,492,combined,dofa_large,frontier33,501,original
385,Pasture,386,combined,dofa_large,frontier33,396,original
514,PermanentCrop,521,combined,dofa_large,frontier33,538,original
549,Residential,552,combined,dofa_large,frontier33,554,original
520,River,519,combined,dofa_large,frontier33,529,original
609,SeaLake,606,combined,dofa_large,frontier33,609,original
589,AnnualCrop,590,shuffled,dofa_large,frontier33,596,original
599,Forest,599,shuffled,dofa_large,frontier33,608,original
558,HerbaceousVegetation,558,shuffled,dofa_large,frontier33,573,original
487,Highway,488,shuffled,dofa_large,frontier33,496,original
493,Industrial,493,shuffled,dofa_large,frontier33,501,original
385,Pasture,385,shuffled,dofa_large,frontier33,396,original
514,PermanentCrop,515,shuffled,dofa_large,frontier33,538,original
549,Residential,548,shuffled,dofa_large,frontier33,554,original
520,River,517,shuffled,dofa_large,frontier33,529,original
609,SeaLake,609,shuffled,dofa_large,frontier33,609,original
589,AnnualCrop,589,projection,dofa_large,frontier33,596,original
599,Forest,598,projection,dofa_large,frontier33,608,original
558,HerbaceousVegetation,558,projection,dofa_large,frontier33,573,original
487,Highway,486,projection,dofa_large,frontier33,496,original
493,Industrial,493,projection,dofa_large,frontier33,501,original
385,Pasture,385,projection,dofa_large,frontier33,396,original
514,PermanentCrop,515,projection,dofa_large,frontier33,538,original
549,Residential,549,projection,dofa_large,frontier33,554,original
520,River,519,projection,dofa_large,frontier33,529,original
609,SeaLake,609,projection,dofa_large,frontier33,609,original
589,AnnualCrop,592,combined,dofa_large,pool377,596,original
599,Forest,603,combined,dofa_large,pool377,608,original
558,HerbaceousVegetation,562,combined,dofa_large,pool377,573,original
487,Highway,487,combined,dofa_large,pool377,496,original
493,Industrial,496,combined,dofa_large,pool377,501,original
385,Pasture,389,combined,dofa_large,pool377,396,original
514,PermanentCrop,524,combined,dofa_large,pool377,538,original
549,Residential,553,combined,dofa_large,pool377,554,original
520,River,520,combined,dofa_large,pool377,529,original
609,SeaLake,608,combined,dofa_large,pool377,609,original
589,AnnualCrop,590,shuffled,dofa_large,pool377,596,original
599,Forest,599,shuffled,dofa_large,pool377,608,original
558,HerbaceousVegetation,560,shuffled,dofa_large,pool377,573,original
487,Highway,486,shuffled,dofa_large,pool377,496,original
493,Industrial,493,shuffled,dofa_large,pool377,501,original
385,Pasture,385,shuffled,dofa_large,pool377,396,original
514,PermanentCrop,514,shuffled,dofa_large,pool377,538,original
549,Residential,548,shuffled,dofa_large,pool377,554,original
520,River,517,shuffled,dofa_large,pool377,529,original
609,SeaLake,609,shuffled,dofa_large,pool377,609,original
589,AnnualCrop,590,projection,dofa_large,pool377,596,original
599,Forest,598,projection,dofa_large,pool377,608,original
558,HerbaceousVegetation,556,projection,dofa_large,pool377,573,original
487,Highway,486,projection,dofa_large,pool377,496,original
493,Industrial,495,projection,dofa_large,pool377,501,original
385,Pasture,383,projection,dofa_large,pool377,396,original
514,PermanentCrop,516,projection,dofa_large,pool377,538,original
549,Residential,549,projection,dofa_large,pool377,554,original
520,River,519,projection,dofa_large,pool377,529,original
609,SeaLake,609,projection,dofa_large,pool377,609,original
589,AnnualCrop,590,combined,dofa_large,imagestats52,596,original
599,Forest,602,combined,dofa_large,imagestats52,608,original
558,HerbaceousVegetation,559,combined,dofa_large,imagestats52,573,original
487,Highway,483,combined,dofa_large,imagestats52,496,original
493,Industrial,492,combined,dofa_large,imagestats52,501,original
385,Pasture,387,combined,dofa_large,imagestats52,396,original
514,PermanentCrop,518,combined,dofa_large,imagestats52,538,original
549,Residential,553,combined,dofa_large,imagestats52,554,original
520,River,516,combined,dofa_large,imagestats52,529,original
609,SeaLake,609,combined,dofa_large,imagestats52,609,original
589,AnnualCrop,590,shuffled,dofa_large,imagestats52,596,original
599,Forest,598,shuffled,dofa_large,imagestats52,608,original
558,HerbaceousVegetation,559,shuffled,dofa_large,imagestats52,573,original
487,Highway,488,shuffled,dofa_large,imagestats52,496,original
493,Industrial,492,shuffled,dofa_large,imagestats52,501,original
385,Pasture,385,shuffled,dofa_large,imagestats52,396,original
514,PermanentCrop,516,shuffled,dofa_large,imagestats52,538,original
549,Residential,549,shuffled,dofa_large,imagestats52,554,original
520,River,517,shuffled,dofa_large,imagestats52,529,original
609,SeaLake,609,shuffled,dofa_large,imagestats52,609,original
589,AnnualCrop,589,projection,dofa_large,imagestats52,596,original
599,Forest,599,projection,dofa_large,imagestats52,608,original
558,HerbaceousVegetation,558,projection,dofa_large,imagestats52,573,original
487,Highway,487,projection,dofa_large,imagestats52,496,original
493,Industrial,493,projection,dofa_large,imagestats52,501,original
385,Pasture,385,projection,dofa_large,imagestats52,396,original
514,PermanentCrop,514,projection,dofa_large,imagestats52,538,original
549,Residential,549,projection,dofa_large,imagestats52,554,original
520,River,520,projection,dofa_large,imagestats52,529,original
609,SeaLake,609,projection,dofa_large,imagestats52,609,original
583,AnnualCrop,584,combined,olmoearth_nano,frontier33,596,original
601,Forest,605,combined,olmoearth_nano,frontier33,608,original
539,HerbaceousVegetation,558,combined,olmoearth_nano,frontier33,573,original
461,Highway,470,combined,olmoearth_nano,frontier33,496,original
483,Industrial,486,combined,olmoearth_nano,frontier33,501,original
379,Pasture,385,combined,olmoearth_nano,frontier33,396,original
509,PermanentCrop,514,combined,olmoearth_nano,frontier33,538,original
547,Residential,551,combined,olmoearth_nano,frontier33,554,original
520,River,518,combined,olmoearth_nano,frontier33,529,original
606,SeaLake,605,combined,olmoearth_nano,frontier33,609,original
583,AnnualCrop,583,shuffled,olmoearth_nano,frontier33,596,original
601,Forest,601,shuffled,olmoearth_nano,frontier33,608,original
539,HerbaceousVegetation,539,shuffled,olmoearth_nano,frontier33,573,original
461,Highway,461,shuffled,olmoearth_nano,frontier33,496,original
483,Industrial,483,shuffled,olmoearth_nano,frontier33,501,original
379,Pasture,379,shuffled,olmoearth_nano,frontier33,396,original
509,PermanentCrop,509,shuffled,olmoearth_nano,frontier33,538,original
547,Residential,547,shuffled,olmoearth_nano,frontier33,554,original
520,River,520,shuffled,olmoearth_nano,frontier33,529,original
606,SeaLake,606,shuffled,olmoearth_nano,frontier33,609,original
583,AnnualCrop,583,projection,olmoearth_nano,frontier33,596,original
601,Forest,601,projection,olmoearth_nano,frontier33,608,original
539,HerbaceousVegetation,539,projection,olmoearth_nano,frontier33,573,original
461,Highway,461,projection,olmoearth_nano,frontier33,496,original
483,Industrial,483,projection,olmoearth_nano,frontier33,501,original
379,Pasture,379,projection,olmoearth_nano,frontier33,396,original
509,PermanentCrop,509,projection,olmoearth_nano,frontier33,538,original
547,Residential,547,projection,olmoearth_nano,frontier33,554,original
520,River,520,projection,olmoearth_nano,frontier33,529,original
606,SeaLake,606,projection,olmoearth_nano,frontier33,609,original
583,AnnualCrop,583,combined,olmoearth_nano,pool377,596,original
601,Forest,604,combined,olmoearth_nano,pool377,608,original
539,HerbaceousVegetation,551,combined,olmoearth_nano,pool377,573,original
461,Highway,475,combined,olmoearth_nano,pool377,496,original
483,Industrial,484,combined,olmoearth_nano,pool377,501,original
379,Pasture,385,combined,olmoearth_nano,pool377,396,original
509,PermanentCrop,523,combined,olmoearth_nano,pool377,538,original
547,Residential,546,combined,olmoearth_nano,pool377,554,original
520,River,522,combined,olmoearth_nano,pool377,529,original
606,SeaLake,606,combined,olmoearth_nano,pool377,609,original
583,AnnualCrop,583,shuffled,olmoearth_nano,pool377,596,original
601,Forest,601,shuffled,olmoearth_nano,pool377,608,original
539,HerbaceousVegetation,539,shuffled,olmoearth_nano,pool377,573,original
461,Highway,461,shuffled,olmoearth_nano,pool377,496,original
483,Industrial,483,shuffled,olmoearth_nano,pool377,501,original
379,Pasture,379,shuffled,olmoearth_nano,pool377,396,original
509,PermanentCrop,509,shuffled,olmoearth_nano,pool377,538,original
547,Residential,547,shuffled,olmoearth_nano,pool377,554,original
520,River,520,shuffled,olmoearth_nano,pool377,529,original
606,SeaLake,606,shuffled,olmoearth_nano,pool377,609,original
583,AnnualCrop,582,projection,olmoearth_nano,pool377,596,original
601,Forest,602,projection,olmoearth_nano,pool377,608,original
539,HerbaceousVegetation,540,projection,olmoearth_nano,pool377,573,original
461,Highway,461,projection,olmoearth_nano,pool377,496,original
483,Industrial,482,projection,olmoearth_nano,pool377,501,original
379,Pasture,381,projection,olmoearth_nano,pool377,396,original
509,PermanentCrop,510,projection,olmoearth_nano,pool377,538,original
547,Residential,547,projection,olmoearth_nano,pool377,554,original
520,River,518,projection,olmoearth_nano,pool377,529,original
606,SeaLake,606,projection,olmoearth_nano,pool377,609,original
583,AnnualCrop,583,combined,olmoearth_nano,imagestats52,596,original
601,Forest,602,combined,olmoearth_nano,imagestats52,608,original
539,HerbaceousVegetation,550,combined,olmoearth_nano,imagestats52,573,original
461,Highway,463,combined,olmoearth_nano,imagestats52,496,original
483,Industrial,481,combined,olmoearth_nano,imagestats52,501,original
379,Pasture,383,combined,olmoearth_nano,imagestats52,396,original
509,PermanentCrop,513,combined,olmoearth_nano,imagestats52,538,original
547,Residential,547,combined,olmoearth_nano,imagestats52,554,original
520,River,518,combined,olmoearth_nano,imagestats52,529,original
606,SeaLake,606,combined,olmoearth_nano,imagestats52,609,original
583,AnnualCrop,583,shuffled,olmoearth_nano,imagestats52,596,original
601,Forest,601,shuffled,olmoearth_nano,imagestats52,608,original
539,HerbaceousVegetation,539,shuffled,olmoearth_nano,imagestats52,573,original
461,Highway,461,shuffled,olmoearth_nano,imagestats52,496,original
483,Industrial,483,shuffled,olmoearth_nano,imagestats52,501,original
379,Pasture,379,shuffled,olmoearth_nano,imagestats52,396,original
509,PermanentCrop,509,shuffled,olmoearth_nano,imagestats52,538,original
547,Residential,547,shuffled,olmoearth_nano,imagestats52,554,original
520,River,520,shuffled,olmoearth_nano,imagestats52,529,original
606,SeaLake,606,shuffled,olmoearth_nano,imagestats52,609,original
583,AnnualCrop,583,projection,olmoearth_nano,imagestats52,596,original
601,Forest,601,projection,olmoearth_nano,imagestats52,608,original
539,HerbaceousVegetation,539,projection,olmoearth_nano,imagestats52,573,original
461,Highway,461,projection,olmoearth_nano,imagestats52,496,original
483,Industrial,483,projection,olmoearth_nano,imagestats52,501,original
379,Pasture,379,projection,olmoearth_nano,imagestats52,396,original
509,PermanentCrop,509,projection,olmoearth_nano,imagestats52,538,original
547,Residential,547,projection,olmoearth_nano,imagestats52,554,original
520,River,520,projection,olmoearth_nano,imagestats52,529,original
606,SeaLake,606,projection,olmoearth_nano,imagestats52,609,original
583,AnnualCrop,584,combined,olmoearth_nano,frontier33,596,b10_zeroed
601,Forest,605,combined,olmoearth_nano,frontier33,608,b10_zeroed
539,HerbaceousVegetation,557,combined,olmoearth_nano,frontier33,573,b10_zeroed
461,Highway,470,combined,olmoearth_nano,frontier33,496,b10_zeroed
483,Industrial,486,combined,olmoearth_nano,frontier33,501,b10_zeroed
379,Pasture,385,combined,olmoearth_nano,frontier33,396,b10_zeroed
509,PermanentCrop,514,combined,olmoearth_nano,frontier33,538,b10_zeroed
547,Residential,551,combined,olmoearth_nano,frontier33,554,b10_zeroed
520,River,518,combined,olmoearth_nano,frontier33,529,b10_zeroed
606,SeaLake,605,combined,olmoearth_nano,frontier33,609,b10_zeroed
583,AnnualCrop,585,combined,olmoearth_nano,pool377,596,b10_zeroed
601,Forest,604,combined,olmoearth_nano,pool377,608,b10_zeroed
539,HerbaceousVegetation,552,combined,olmoearth_nano,pool377,573,b10_zeroed
461,Highway,475,combined,olmoearth_nano,pool377,496,b10_zeroed
483,Industrial,485,combined,olmoearth_nano,pool377,501,b10_zeroed
379,Pasture,384,combined,olmoearth_nano,pool377,396,b10_zeroed
509,PermanentCrop,517,combined,olmoearth_nano,pool377,538,b10_zeroed
547,Residential,547,combined,olmoearth_nano,pool377,554,b10_zeroed
520,River,521,combined,olmoearth_nano,pool377,529,b10_zeroed
606,SeaLake,606,combined,olmoearth_nano,pool377,609,b10_zeroed
596,AnnualCrop,596,combined,olmoearth_base,frontier33,596,original
605,Forest,607,combined,olmoearth_base,frontier33,608,original
563,HerbaceousVegetation,563,combined,olmoearth_base,frontier33,573,original
485,Highway,482,combined,olmoearth_base,frontier33,496,original
493,Industrial,493,combined,olmoearth_base,frontier33,501,original
388,Pasture,386,combined,olmoearth_base,frontier33,396,original
527,PermanentCrop,527,combined,olmoearth_base,frontier33,538,original
552,Residential,551,combined,olmoearth_base,frontier33,554,original
520,River,521,combined,olmoearth_base,frontier33,529,original
606,SeaLake,607,combined,olmoearth_base,frontier33,609,original
596,AnnualCrop,596,shuffled,olmoearth_base,frontier33,596,original
605,Forest,605,shuffled,olmoearth_base,frontier33,608,original
563,HerbaceousVegetation,563,shuffled,olmoearth_base,frontier33,573,original
485,Highway,485,shuffled,olmoearth_base,frontier33,496,original
493,Industrial,493,shuffled,olmoearth_base,frontier33,501,original
388,Pasture,388,shuffled,olmoearth_base,frontier33,396,original
527,PermanentCrop,527,shuffled,olmoearth_base,frontier33,538,original
552,Residential,552,shuffled,olmoearth_base,frontier33,554,original
520,River,520,shuffled,olmoearth_base,frontier33,529,original
606,SeaLake,606,shuffled,olmoearth_base,frontier33,609,original
596,AnnualCrop,596,projection,olmoearth_base,frontier33,596,original
605,Forest,605,projection,olmoearth_base,frontier33,608,original
563,HerbaceousVegetation,563,projection,olmoearth_base,frontier33,573,original
485,Highway,485,projection,olmoearth_base,frontier33,496,original
493,Industrial,493,projection,olmoearth_base,frontier33,501,original
388,Pasture,388,projection,olmoearth_base,frontier33,396,original
527,PermanentCrop,527,projection,olmoearth_base,frontier33,538,original
552,Residential,552,projection,olmoearth_base,frontier33,554,original
520,River,520,projection,olmoearth_base,frontier33,529,original
606,SeaLake,606,projection,olmoearth_base,frontier33,609,original
596,AnnualCrop,596,combined,olmoearth_base,pool377,596,original
605,Forest,607,combined,olmoearth_base,pool377,608,original
563,HerbaceousVegetation,562,combined,olmoearth_base,pool377,573,original
485,Highway,486,combined,olmoearth_base,pool377,496,original
493,Industrial,495,combined,olmoearth_base,pool377,501,original
388,Pasture,388,combined,olmoearth_base,pool377,396,original
527,PermanentCrop,528,combined,olmoearth_base,pool377,538,original
552,Residential,553,combined,olmoearth_base,pool377,554,original
520,River,521,combined,olmoearth_base,pool377,529,original
606,SeaLake,607,combined,olmoearth_base,pool377,609,original
596,AnnualCrop,596,shuffled,olmoearth_base,pool377,596,original
605,Forest,605,shuffled,olmoearth_base,pool377,608,original
563,HerbaceousVegetation,563,shuffled,olmoearth_base,pool377,573,original
485,Highway,485,shuffled,olmoearth_base,pool377,496,original
493,Industrial,493,shuffled,olmoearth_base,pool377,501,original
388,Pasture,388,shuffled,olmoearth_base,pool377,396,original
527,PermanentCrop,527,shuffled,olmoearth_base,pool377,538,original
552,Residential,552,shuffled,olmoearth_base,pool377,554,original
520,River,520,shuffled,olmoearth_base,pool377,529,original
606,SeaLake,606,shuffled,olmoearth_base,pool377,609,original
596,AnnualCrop,596,projection,olmoearth_base,pool377,596,original
605,Forest,605,projection,olmoearth_base,pool377,608,original
563,HerbaceousVegetation,563,projection,olmoearth_base,pool377,573,original
485,Highway,485,projection,olmoearth_base,pool377,496,original
493,Industrial,493,projection,olmoearth_base,pool377,501,original
388,Pasture,388,projection,olmoearth_base,pool377,396,original
527,PermanentCrop,527,projection,olmoearth_base,pool377,538,original
552,Residential,552,projection,olmoearth_base,pool377,554,original
520,River,520,projection,olmoearth_base,pool377,529,original
606,SeaLake,606,projection,olmoearth_base,pool377,609,original
596,AnnualCrop,596,combined,olmoearth_base,imagestats52,596,original
605,Forest,607,combined,olmoearth_base,imagestats52,608,original
563,HerbaceousVegetation,563,combined,olmoearth_base,imagestats52,573,original
485,Highway,484,combined,olmoearth_base,imagestats52,496,original
493,Industrial,493,combined,olmoearth_base,imagestats52,501,original
388,Pasture,388,combined,olmoearth_base,imagestats52,396,original
527,PermanentCrop,527,combined,olmoearth_base,imagestats52,538,original
552,Residential,553,combined,olmoearth_base,imagestats52,554,original
520,River,519,combined,olmoearth_base,imagestats52,529,original
606,SeaLake,606,combined,olmoearth_base,imagestats52,609,original
596,AnnualCrop,596,shuffled,olmoearth_base,imagestats52,596,original
605,Forest,605,shuffled,olmoearth_base,imagestats52,608,original
563,HerbaceousVegetation,563,shuffled,olmoearth_base,imagestats52,573,original
485,Highway,485,shuffled,olmoearth_base,imagestats52,496,original
493,Industrial,493,shuffled,olmoearth_base,imagestats52,501,original
388,Pasture,388,shuffled,olmoearth_base,imagestats52,396,original
527,PermanentCrop,527,shuffled,olmoearth_base,imagestats52,538,original
552,Residential,552,shuffled,olmoearth_base,imagestats52,554,original
520,River,520,shuffled,olmoearth_base,imagestats52,529,original
606,SeaLake,606,shuffled,olmoearth_base,imagestats52,609,original
596,AnnualCrop,596,projection,olmoearth_base,imagestats52,596,original
605,Forest,605,projection,olmoearth_base,imagestats52,608,original
563,HerbaceousVegetation,563,projection,olmoearth_base,imagestats52,573,original
485,Highway,485,projection,olmoearth_base,imagestats52,496,original
493,Industrial,493,projection,olmoearth_base,imagestats52,501,original
388,Pasture,388,projection,olmoearth_base,imagestats52,396,original
527,PermanentCrop,527,projection,olmoearth_base,imagestats52,538,original
552,Residential,552,projection,olmoearth_base,imagestats52,554,original
520,River,520,projection,olmoearth_base,imagestats52,529,original
606,SeaLake,606,projection,olmoearth_base,imagestats52,609,original
596,AnnualCrop,596,combined,olmoearth_base,frontier33,596,b10_zeroed
605,Forest,607,combined,olmoearth_base,frontier33,608,b10_zeroed
563,HerbaceousVegetation,563,combined,olmoearth_base,frontier33,573,b10_zeroed
485,Highway,482,combined,olmoearth_base,frontier33,496,b10_zeroed
493,Industrial,493,combined,olmoearth_base,frontier33,501,b10_zeroed
388,Pasture,386,combined,olmoearth_base,frontier33,396,b10_zeroed
527,PermanentCrop,527,combined,olmoearth_base,frontier33,538,b10_zeroed
552,Residential,551,combined,olmoearth_base,frontier33,554,b10_zeroed
520,River,521,combined,olmoearth_base,frontier33,529,b10_zeroed
606,SeaLake,607,combined,olmoearth_base,frontier33,609,b10_zeroed
596,AnnualCrop,596,combined,olmoearth_base,pool377,596,b10_zeroed
605,Forest,607,combined,olmoearth_base,pool377,608,b10_zeroed
563,HerbaceousVegetation,563,combined,olmoearth_base,pool377,573,b10_zeroed
485,Highway,482,combined,olmoearth_base,pool377,496,b10_zeroed
493,Industrial,496,combined,olmoearth_base,pool377,501,b10_zeroed
388,Pasture,388,combined,olmoearth_base,pool377,396,b10_zeroed
527,PermanentCrop,526,combined,olmoearth_base,pool377,538,b10_zeroed
552,Residential,552,combined,olmoearth_base,pool377,554,b10_zeroed
520,River,522,combined,olmoearth_base,pool377,529,b10_zeroed
606,SeaLake,607,combined,olmoearth_base,pool377,609,b10_zeroed
