model,split,class_name,images,accuracy
306,val,AnnualCrop,613,0.9690048939641109
306,val,Forest,605,0.9884297520661157
306,val,HerbaceousVegetation,628,0.9570063694267515
306,val,Highway,499,0.9038076152304609
306,val,Industrial,507,0.9684418145956607
306,val,Pasture,409,0.9535452322738386
306,val,PermanentCrop,481,0.9064449064449065
306,val,Residential,583,0.9777015437392796
306,val,River,511,0.9823874755381604
306,val,SeaLake,564,0.9929078014184397
306,test,AnnualCrop,596,0.964765100671141
306,test,Forest,608,0.9868421052631579
306,test,HerbaceousVegetation,573,0.9528795811518325
306,test,Highway,496,0.9153225806451613
306,test,Industrial,501,0.9580838323353293
306,test,Pasture,396,0.9419191919191919
306,test,PermanentCrop,538,0.912639405204461
306,test,Residential,554,0.9945848375451264
306,test,River,529,0.9621928166351607
306,test,SeaLake,609,0.9967159277504105
imagestats,val,AnnualCrop,613,0.8955954323001631
imagestats,val,Forest,605,0.9900826446280991
imagestats,val,HerbaceousVegetation,628,0.9092356687898089
imagestats,val,Highway,499,0.7234468937875751
imagestats,val,Industrial,507,0.9388560157790927
imagestats,val,Pasture,409,0.9168704156479217
imagestats,val,PermanentCrop,481,0.8253638253638254
imagestats,val,Residential,583,0.9245283018867925
imagestats,val,River,511,0.949119373776908
imagestats,val,SeaLake,564,0.9893617021276596
imagestats,test,AnnualCrop,596,0.9161073825503355
imagestats,test,Forest,608,0.9819078947368421
imagestats,test,HerbaceousVegetation,573,0.900523560209424
imagestats,test,Highway,496,0.7278225806451613
imagestats,test,Industrial,501,0.9201596806387226
imagestats,test,Pasture,396,0.9065656565656566
imagestats,test,PermanentCrop,538,0.8420074349442379
imagestats,test,Residential,554,0.9368231046931408
imagestats,test,River,529,0.9319470699432892
imagestats,test,SeaLake,609,0.9967159277504105
