dataset,method,metric_name,metric_value,ci_lower,ci_upper,feature_dim,best_c,best_lr,best_batch_size,n_train,n_val,n_test,seed,model,name,normalization,image_size,interpolation,partition,bands,num_classes,config_hash,c_range_start,c_range_stop,c_range_num,merge_val,bootstrap,res,pool,fw_iou,precision,recall,f1,ece,rms_ce,mce,ece_ts,rms_ce_ts,mce_ts,temperature,calibration_n_bins
eurosat-spatial,knn5,accuracy,0.8401851851851851,0.8303657174110413,0.851111114025116,128,,,,162,5400,5400,0,torchgeo_bench.models.OlmoEarthBenchModel,olmoearth_v1_1_nano,bandspec_zscore,,bilinear,random_01pct_train,all,10,72d2eaa39d208b88,-6.0,4.0,40,False,200,,,,,,,0.029150117188692093,0.033281389623880386,0.0760708749294281,,,,,6
eurosat-spatial,linear,accuracy,0.8851851851851852,0.8757315278053284,0.8933333158493042,128,27.28333376486764,,,162,5400,5400,0,torchgeo_bench.models.OlmoEarthBenchModel,olmoearth_v1_1_nano,bandspec_zscore,,bilinear,random_01pct_train,all,10,72d2eaa39d208b88,-6.0,4.0,40,False,200,,,,,,,0.03231089934706688,0.043027136474847794,0.25323477387428284,,,,,15
eurosat-spatial,knn5,accuracy,0.8418518518518519,0.832402765750885,0.8513055443763733,128,,,,324,5400,5400,0,torchgeo_bench.models.OlmoEarthBenchModel,olmoearth_v1_1_nano,bandspec_zscore,,bilinear,random_02pct_train,all,10,bb4251583aa94707,-6.0,4.0,40,False,200,,,,,,,0.0380362868309021,0.04534652456641197,0.20000000298023224,,,,,6
eurosat-spatial,linear,accuracy,0.8824074074074074,0.8744351863861084,0.8905647993087769,128,160.37187437513276,,,324,5400,5400,0,torchgeo_bench.models.OlmoEarthBenchModel,olmoearth_v1_1_nano,bandspec_zscore,,bilinear,random_02pct_train,all,10,bb4251583aa94707,-6.0,4.0,40,False,200,,,,,,,0.03577946498990059,0.05050479993224144,0.1734980046749115,,,,,15
eurosat-spatial,knn5,accuracy,0.8709259259259259,0.862407386302948,0.8809306025505066,128,,,,810,5400,5400,0,torchgeo_bench.models.OlmoEarthBenchModel,olmoearth_v1_1_nano,bandspec_zscore,,bilinear,random_05pct_train,all,10,3f4212ad6fbdb7f3,-6.0,4.0,40,False,200,,,,,,,0.02907583862543106,0.029986606910824776,0.047525763511657715,,,,,6
eurosat-spatial,linear,accuracy,0.8912962962962963,0.8833286762237549,0.9001944065093994,128,49.238826317067314,,,810,5400,5400,0,torchgeo_bench.models.OlmoEarthBenchModel,olmoearth_v1_1_nano,bandspec_zscore,,bilinear,random_05pct_train,all,10,3f4212ad6fbdb7f3,-6.0,4.0,40,False,200,,,,,,,0.027353711426258087,0.044645946472883224,0.7353010177612305,,,,,15
eurosat-spatial,knn5,accuracy,0.8801851851851852,0.8722222447395325,0.889263927936554,128,,,,1620,5400,5400,0,torchgeo_bench.models.OlmoEarthBenchModel,olmoearth_v1_1_nano,bandspec_zscore,,bilinear,random_10pct_train,all,10,6218cd64bb1379cf,-6.0,4.0,40,False,200,,,,,,,0.026258666068315506,0.03308344632387161,0.800000011920929,,,,,6
eurosat-spatial,linear,accuracy,0.9042592592592592,0.8955416679382324,0.9120416641235352,128,88.86238162743389,,,1620,5400,5400,0,torchgeo_bench.models.OlmoEarthBenchModel,olmoearth_v1_1_nano,bandspec_zscore,,bilinear,random_10pct_train,all,10,6218cd64bb1379cf,-6.0,4.0,40,False,200,,,,,,,0.032914526760578156,0.05137806758284569,0.7122902870178223,,,,,15
eurosat-spatial,knn5,accuracy,0.8837037037037037,0.8762916326522827,0.8926018476486206,128,,,,3240,5400,5400,0,torchgeo_bench.models.OlmoEarthBenchModel,olmoearth_v1_1_nano,bandspec_zscore,,bilinear,random_20pct_train,all,10,3adc92cb2fbd7958,-6.0,4.0,40,False,200,,,,,,,0.02870309166610241,0.029439352452754974,0.044640183448791504,,,,,6
eurosat-spatial,linear,accuracy,0.9151851851851852,0.9071990847587585,0.9222268462181091,128,49.238826317067314,,,3240,5400,5400,0,torchgeo_bench.models.OlmoEarthBenchModel,olmoearth_v1_1_nano,bandspec_zscore,,bilinear,random_20pct_train,all,10,3adc92cb2fbd7958,-6.0,4.0,40,False,200,,,,,,,0.018525835126638412,0.03149666264653206,0.23783113062381744,,,,,15
eurosat-spatial,knn5,accuracy,0.8864814814814815,0.8786898255348206,0.8946388959884644,128,,,,8100,5400,5400,0,torchgeo_bench.models.OlmoEarthBenchModel,olmoearth_v1_1_nano,bandspec_zscore,,bilinear,random_50pct_train,all,10,8170e71229c5920f,-6.0,4.0,40,False,200,,,,,,,0.03748089447617531,0.04374857246875763,0.30000001192092896,,,,,6
eurosat-spatial,linear,accuracy,0.922962962962963,0.9160879850387573,0.9294583201408386,128,49.238826317067314,,,8100,5400,5400,0,torchgeo_bench.models.OlmoEarthBenchModel,olmoearth_v1_1_nano,bandspec_zscore,,bilinear,random_50pct_train,all,10,8170e71229c5920f,-6.0,4.0,40,False,200,,,,,,,0.019838377833366394,0.03310772404074669,0.25336435437202454,,,,,15
eurosat-spatial,knn5,accuracy,0.894074074074074,0.8861111402511597,0.9035277366638184,128,,,,16200,5400,5400,0,torchgeo_bench.models.OlmoEarthBenchModel,olmoearth_v1_1_nano,bandspec_zscore,,bilinear,random_100pct_train,all,10,c17d81252d9e1e71,-6.0,4.0,40,False,200,,,,,,,0.035110682249069214,0.03632784262299538,0.06234598159790039,,,,,6
eurosat-spatial,linear,accuracy,0.9242592592592592,0.9164722561836243,0.9307453632354736,128,49.238826317067314,,,16200,5400,5400,0,torchgeo_bench.models.OlmoEarthBenchModel,olmoearth_v1_1_nano,bandspec_zscore,,bilinear,random_100pct_train,all,10,c17d81252d9e1e71,-6.0,4.0,40,False,200,,,,,,,0.020299000665545464,0.034019626677036285,0.32423901557922363,,,,,15
