pool,ranking_pool,candidate_list,code_values,deployed_values,repeats,seed_offsets,validation_mean,validation_stdev,test_mean,test_stdev,test_min,test_max,validation_selected_at_budget,validation_selected_under_cap
j16,own,q384/128/128/128,3584,3628,4,0;16;32;48,0.837075,0.000885,0.820625,0.001595,0.818700,0.822500,False,False
j16,own,q384/128/128/96,3584,3628,4,0;16;32;48,0.839600,0.001761,0.821875,0.001821,0.820200,0.824400,True,False
j16,own,q384/128/128/128,3840,3884,4,0;16;32;48,0.838550,0.001723,0.825975,0.002048,0.824000,0.828700,False,False
j32crop,d8,q384/128/128/128,3840,3884,4,0;16;32;48,0.845250,0.001389,0.824375,0.002268,0.822700,0.827500,True,True
j32crop,own,q384/128/128/128,3840,3884,4,0;16;32;48,0.841500,0.003175,0.822725,0.001999,0.820000,0.824800,False,False
j16,own,q384/128/128/96,3840,3884,4,0;16;32;48,0.841300,0.001309,0.824675,0.001640,0.823300,0.827000,False,False
j32crop,d8,q384/128/128/96,3840,3884,4,0;16;32;48,0.843100,0.002426,0.824025,0.001773,0.821900,0.826200,False,False
j32crop,own,q384/128/128/96,3840,3884,4,0;16;32;48,0.841350,0.003345,0.822925,0.000896,0.822100,0.823700,False,False
j16,own,q384/128/128/128,4052,4096,4,0;16;32;48,0.840075,0.001828,0.823525,0.002940,0.819200,0.825700,False,False
j32crop,d8,q384/128/128/128,4052,4096,4,0;16;32;48,0.842700,0.001131,0.823900,0.001703,0.821700,0.825600,True,False
j16,own,q384/128/128/96,4052,4096,4,0;16;32;48,0.840050,0.001015,0.823875,0.001882,0.822100,0.825600,False,False
