budget,arm,width,parameters,features,base_columns,product_columns,product_weights,index_pattern,index_ids,structure,val_accuracy,test_accuracy
0,linear/whole,2084,91740,2084,2084,0,0,91696,91696,dense/C=0.03,0.8092,0.7937
0,linear/top32,32,1452,32,32,0,0,1408,1408,dense/C=0.1,0.5479,0.5363
0,poly2/top32,560,24684,560,32,528,23232,24640,47872,dense/C=0.1,0.6362,0.6262
0,linear/top64,64,2860,64,64,0,0,2816,2816,dense/C=0.1,0.6887,0.6678
0,poly2/top64,2144,94380,2144,64,2080,91520,94336,185856,dense/C=0.1,0.7489,0.7314
0,linear/top128,128,5676,128,128,0,0,5632,5632,dense/C=0.1,0.769,0.7446
0,poly2/top128,8384,368940,8384,128,8256,363264,368896,732160,dense/C=0.03,0.7981,0.7762
0,linear/top256,256,11308,256,256,0,0,11264,11264,dense/C=0.1,0.7921,0.7732
0,poly2/top256,33152,1458732,33152,256,32896,1447424,1458688,2906112,dense/C=0.1,0.8032,0.7814
0,poly2/whole+top128,10340,455004,10340,2084,8256,363264,454960,818224,dense/C=0.03,0.8281,0.8071
256,linear/whole,2084,256,184,184,0,0,212,212,e4000/u100/d0.5/C=1.0,0.5884,0.5616
256,linear/whole,2084,256,177,177,0,0,212,212,e4000/u200/d0.3/C=0.3,0.5789,0.5668
256,linear/top32,32,256,25,25,0,0,212,212,e4000/u100/d0.5/C=100.0,0.4362,0.4208
256,linear/top32,32,256,25,25,0,0,212,212,e4000/u200/d0.3/C=3.0,0.4251,0.4132
256,poly2/top32,560,256,124,26,120,206,212,418,e4000/u100/d0.5/C=30.0,0.4332,0.4221
256,poly2/top32,560,256,126,27,121,205,212,417,e4000/u200/d0.3/C=30.0,0.4389,0.4286
256,linear/top64,64,256,50,50,0,0,212,212,e4000/u100/d0.5/C=10.0,0.4944,0.4683
256,linear/top64,64,256,48,48,0,0,212,212,e4000/u200/d0.3/C=0.3,0.47,0.4543
256,poly2/top64,2144,256,169,53,167,210,212,422,e4000/u100/d0.5/C=30.0,0.5051,0.4821
256,poly2/top64,2144,256,171,53,170,211,212,423,e4000/u200/d0.3/C=3.0,0.5013,0.4844
256,linear/top128,128,256,84,84,0,0,212,212,e4000/u100/d0.5/C=0.3,0.5197,0.5102
256,linear/top128,128,256,83,83,0,0,212,212,e4000/u200/d0.3/C=100.0,0.5233,0.5092
256,poly2/top128,8384,256,194,98,193,211,212,423,e4000/u100/d0.5/C=1.0,0.5625,0.533
256,poly2/top128,8384,256,198,104,198,212,212,424,e4000/u200/d0.3/C=1.0,0.5544,0.5313
256,linear/top256,256,256,116,116,0,0,212,212,e4000/u100/d0.5/C=0.3,0.5468,0.5316
256,linear/top256,256,256,116,116,0,0,212,212,e4000/u200/d0.3/C=3.0,0.5503,0.5281
256,poly2/top256,33152,256,206,164,206,212,212,424,e4000/u100/d0.5/C=0.3,0.5776,0.5659
256,poly2/top256,33152,256,208,162,208,212,212,424,e4000/u200/d0.3/C=10.0,0.5724,0.5503
256,poly2/whole+top128,10340,256,201,152,140,145,212,357,e4000/u100/d0.5/C=0.3,0.5822,0.5635
256,poly2/whole+top128,10340,256,196,164,122,130,212,342,e4000/u200/d0.3/C=3.0,0.5943,0.5722
384,linear/whole,2084,384,267,267,0,0,340,340,e4000/u100/d0.5/C=0.3,0.6417,0.6237
384,linear/whole,2084,384,271,271,0,0,340,340,e4000/u200/d0.3/C=30.0,0.6437,0.6337
384,linear/top32,32,384,27,27,0,0,340,340,e4000/u100/d0.5/C=10.0,0.4892,0.4871
384,linear/top32,32,384,26,26,0,0,340,340,e4000/u200/d0.3/C=30.0,0.4914,0.4841
384,poly2/top32,560,384,161,29,155,327,340,667,e4000/u100/d0.5/C=100.0,0.4862,0.4894
384,poly2/top32,560,384,175,29,168,326,340,666,e4000/u200/d0.3/C=30.0,0.4852,0.4779
384,linear/top64,64,384,52,52,0,0,340,340,e4000/u100/d0.5/C=3.0,0.559,0.5489
384,linear/top64,64,384,53,53,0,0,340,340,e4000/u200/d0.3/C=100.0,0.5551,0.5316
384,poly2/top64,2144,384,260,54,257,337,340,677,e4000/u100/d0.5/C=30.0,0.5559,0.539
384,poly2/top64,2144,384,262,56,259,337,340,677,e4000/u200/d0.3/C=0.3,0.5552,0.5416
384,linear/top128,128,384,93,93,0,0,340,340,e4000/u100/d0.5/C=100.0,0.5935,0.5825
384,linear/top128,128,384,100,100,0,0,340,340,e4000/u200/d0.3/C=100.0,0.5867,0.5694
384,poly2/top128,8384,384,308,111,307,339,340,679,e4000/u100/d0.5/C=3.0,0.6119,0.5981
384,poly2/top128,8384,384,311,111,310,339,340,679,e4000/u200/d0.3/C=1.0,0.6024,0.5886
384,linear/top256,256,384,141,141,0,0,340,340,e4000/u100/d0.5/C=1.0,0.6187,0.6011
384,linear/top256,256,384,144,144,0,0,340,340,e4000/u200/d0.3/C=1.0,0.6189,0.6075
384,poly2/top256,33152,384,329,181,329,340,340,680,e4000/u100/d0.5/C=1.0,0.6333,0.6152
384,poly2/top256,33152,384,326,187,326,340,340,680,e4000/u200/d0.3/C=1.0,0.6357,0.6219
384,poly2/whole+top128,10340,384,318,199,221,235,340,575,e4000/u100/d0.5/C=10.0,0.6375,0.6181
384,poly2/whole+top128,10340,384,312,197,218,235,340,575,e4000/u200/d0.3/C=3.0,0.6363,0.6148
512,linear/whole,2084,512,348,348,0,0,468,468,e4000/u100/d0.5/C=30.0,0.673,0.6532
512,linear/whole,2084,512,340,340,0,0,468,468,e4000/u200/d0.3/C=30.0,0.6708,0.6508
512,linear/top32,32,512,27,27,0,0,468,468,e4000/u100/d0.5/C=3.0,0.5284,0.5208
512,linear/top32,32,512,27,27,0,0,468,468,e4000/u200/d0.3/C=100.0,0.5276,0.5141
512,poly2/top32,560,512,205,31,197,453,468,921,e4000/u100/d0.5/C=100.0,0.5225,0.5168
512,poly2/top32,560,512,208,30,199,450,468,918,e4000/u200/d0.3/C=3.0,0.517,0.5059
512,linear/top64,64,512,54,54,0,0,468,468,e4000/u100/d0.5/C=1.0,0.6076,0.5854
512,linear/top64,64,512,53,53,0,0,468,468,e4000/u200/d0.3/C=1.0,0.6017,0.5886
512,poly2/top64,2144,512,339,56,337,466,468,934,e4000/u100/d0.5/C=10.0,0.593,0.5692
512,poly2/top64,2144,512,322,56,318,463,468,931,e4000/u200/d0.3/C=3.0,0.6021,0.5727
512,linear/top128,128,512,106,106,0,0,468,468,e4000/u100/d0.5/C=100.0,0.6422,0.6246
512,linear/top128,128,512,110,110,0,0,468,468,e4000/u200/d0.3/C=3.0,0.6403,0.6203
512,poly2/top128,8384,512,408,116,405,465,468,933,e4000/u100/d0.5/C=3.0,0.6516,0.621
512,poly2/top128,8384,512,414,117,413,467,468,935,e4000/u200/d0.3/C=3.0,0.6478,0.6211
512,linear/top256,256,512,164,164,0,0,468,468,e4000/u100/d0.5/C=10.0,0.654,0.6381
512,linear/top256,256,512,165,165,0,0,468,468,e4000/u200/d0.3/C=3.0,0.6537,0.6398
512,poly2/top256,33152,512,439,209,436,465,468,933,e4000/u100/d0.5/C=1.0,0.6635,0.646
512,poly2/top256,33152,512,452,204,450,466,468,934,e4000/u200/d0.3/C=0.3,0.6557,0.6352
512,poly2/whole+top128,10340,512,429,227,315,343,468,811,e4000/u100/d0.5/C=100.0,0.6786,0.6587
512,poly2/whole+top128,10340,512,428,229,305,331,468,799,e4000/u200/d0.3/C=30.0,0.6741,0.6529
640,linear/whole,2084,640,410,410,0,0,596,596,e4000/u100/d0.5/C=30.0,0.703,0.6898
640,linear/whole,2084,640,428,428,0,0,596,596,e4000/u200/d0.3/C=10.0,0.691,0.67
640,linear/top32,32,640,27,27,0,0,596,596,e4000/u100/d0.5/C=100.0,0.5435,0.5335
640,linear/top32,32,640,28,28,0,0,596,596,e4000/u200/d0.3/C=100.0,0.544,0.5322
640,poly2/top32,560,640,232,32,224,575,596,1171,e4000/u100/d0.5/C=100.0,0.5435,0.529
640,poly2/top32,560,640,231,32,221,570,596,1166,e4000/u200/d0.3/C=30.0,0.5367,0.5278
640,linear/top64,64,640,53,53,0,0,596,596,e4000/u100/d0.5/C=3.0,0.6348,0.6063
640,linear/top64,64,640,53,53,0,0,596,596,e4000/u200/d0.3/C=10.0,0.6314,0.6065
640,poly2/top64,2144,640,384,57,381,591,596,1187,e4000/u100/d0.5/C=30.0,0.6313,0.6059
640,poly2/top64,2144,640,390,59,384,587,596,1183,e4000/u200/d0.3/C=10.0,0.6367,0.6065
640,linear/top128,128,640,110,110,0,0,596,596,e4000/u100/d0.5/C=30.0,0.6651,0.6522
640,linear/top128,128,640,111,111,0,0,596,596,e4000/u200/d0.3/C=0.3,0.6716,0.6517
640,poly2/top128,8384,640,513,122,511,594,596,1190,e4000/u100/d0.5/C=3.0,0.6711,0.6578
640,poly2/top128,8384,640,517,123,513,592,596,1188,e4000/u200/d0.3/C=1.0,0.6633,0.6383
640,linear/top256,256,640,182,182,0,0,596,596,e4000/u100/d0.5/C=100.0,0.6846,0.6714
640,linear/top256,256,640,183,183,0,0,596,596,e4000/u200/d0.3/C=0.3,0.681,0.6708
640,poly2/top256,33152,640,560,220,560,596,596,1192,e4000/u100/d0.5/C=3.0,0.6902,0.6619
640,poly2/top256,33152,640,561,221,561,596,596,1192,e4000/u200/d0.3/C=0.3,0.6802,0.6613
640,poly2/whole+top128,10340,640,518,280,351,400,596,996,e4000/u100/d0.5/C=3.0,0.7025,0.6744
640,poly2/whole+top128,10340,640,529,284,357,400,596,996,e4000/u200/d0.3/C=3.0,0.6997,0.6779
768,linear/whole,2084,768,494,494,0,0,724,724,e4000/u100/d0.5/C=100.0,0.7181,0.6987
768,linear/whole,2084,768,508,508,0,0,724,724,e4000/u200/d0.3/C=100.0,0.7013,0.6911
768,linear/top32,32,768,29,29,0,0,724,724,e4000/u100/d0.5/C=100.0,0.5579,0.5479
768,linear/top32,32,768,28,28,0,0,724,724,e4000/u200/d0.3/C=100.0,0.5525,0.544
768,poly2/top32,560,768,257,32,251,700,724,1424,e4000/u100/d0.5/C=3.0,0.5602,0.5514
768,poly2/top32,560,768,254,32,245,699,724,1423,e4000/u200/d0.3/C=30.0,0.5514,0.5398
768,linear/top64,64,768,54,54,0,0,724,724,e4000/u100/d0.5/C=1.0,0.6546,0.6303
768,linear/top64,64,768,54,54,0,0,724,724,e4000/u200/d0.3/C=1.0,0.6503,0.6279
768,poly2/top64,2144,768,444,61,436,709,724,1433,e4000/u100/d0.5/C=3.0,0.6492,0.6232
768,poly2/top64,2144,768,439,59,432,714,724,1438,e4000/u200/d0.3/C=100.0,0.6543,0.6189
768,linear/top128,128,768,111,111,0,0,724,724,e4000/u100/d0.5/C=0.3,0.6913,0.6733
768,linear/top128,128,768,114,114,0,0,724,724,e4000/u200/d0.3/C=10.0,0.6852,0.6773
768,poly2/top128,8384,768,602,123,599,721,724,1445,e4000/u100/d0.5/C=10.0,0.6903,0.6668
768,poly2/top128,8384,768,608,123,606,721,724,1445,e4000/u200/d0.3/C=1.0,0.6851,0.6649
768,linear/top256,256,768,195,195,0,0,724,724,e4000/u100/d0.5/C=1.0,0.7071,0.6817
768,linear/top256,256,768,190,190,0,0,724,724,e4000/u200/d0.3/C=0.3,0.7002,0.6816
768,poly2/top256,33152,768,672,229,670,721,724,1445,e4000/u100/d0.5/C=3.0,0.7041,0.6859
768,poly2/top256,33152,768,679,220,678,723,724,1447,e4000/u200/d0.3/C=30.0,0.6959,0.6559
768,poly2/whole+top128,10340,768,641,321,440,495,724,1219,e4000/u100/d0.5/C=0.3,0.7167,0.693
768,poly2/whole+top128,10340,768,649,318,452,505,724,1229,e4000/u200/d0.3/C=1.0,0.7084,0.6814
896,linear/whole,2084,896,576,576,0,0,852,852,e4000/u100/d0.5/C=30.0,0.7232,0.7021
896,linear/whole,2084,896,571,571,0,0,852,852,e4000/u200/d0.3/C=30.0,0.7171,0.7038
896,linear/top32,32,896,32,32,0,0,852,852,e4000/u100/d0.5/C=100.0,0.5648,0.5484
896,linear/top32,32,896,32,32,0,0,852,852,e4000/u200/d0.3/C=100.0,0.5654,0.553
896,poly2/top32,560,896,281,32,272,828,852,1680,e4000/u100/d0.5/C=1.0,0.5632,0.5551
896,poly2/top32,560,896,266,32,258,816,852,1668,e4000/u200/d0.3/C=3.0,0.5692,0.559
896,linear/top64,64,896,54,54,0,0,852,852,e4000/u100/d0.5/C=100.0,0.6697,0.646
896,linear/top64,64,896,54,54,0,0,852,852,e4000/u200/d0.3/C=3.0,0.6606,0.6373
896,poly2/top64,2144,896,511,63,507,842,852,1694,e4000/u100/d0.5/C=30.0,0.666,0.6384
896,poly2/top64,2144,896,501,62,498,841,852,1693,e4000/u200/d0.3/C=10.0,0.656,0.6314
896,linear/top128,128,896,114,114,0,0,852,852,e4000/u100/d0.5/C=10.0,0.7063,0.6829
896,linear/top128,128,896,114,114,0,0,852,852,e4000/u200/d0.3/C=0.3,0.7067,0.686
896,poly2/top128,8384,896,725,126,722,848,852,1700,e4000/u100/d0.5/C=1.0,0.6959,0.6795
896,poly2/top128,8384,896,707,123,701,846,852,1698,e4000/u200/d0.3/C=1.0,0.69,0.6716
896,linear/top256,256,896,209,209,0,0,852,852,e4000/u100/d0.5/C=1.0,0.7216,0.6986
896,linear/top256,256,896,208,208,0,0,852,852,e4000/u200/d0.3/C=3.0,0.726,0.7037
896,poly2/top256,33152,896,774,236,773,851,852,1703,e4000/u100/d0.5/C=0.3,0.7127,0.6894
896,poly2/top256,33152,896,786,234,786,852,852,1704,e4000/u200/d0.3/C=10.0,0.7021,0.6803
896,poly2/whole+top128,10340,896,726,342,505,580,852,1432,e4000/u100/d0.5/C=3.0,0.7297,0.7083
896,poly2/whole+top128,10340,896,740,373,487,558,852,1410,e4000/u200/d0.3/C=3.0,0.7292,0.7003
1024,linear/whole,2084,1024,614,614,0,0,980,980,e4000/u100/d0.5/C=0.3,0.7337,0.7211
1024,linear/whole,2084,1024,635,635,0,0,980,980,e4000/u200/d0.3/C=100.0,0.7348,0.717
1024,linear/top32,32,971,32,32,0,0,927,927,e4000/u100/d0.5/C=100.0,0.5656,0.551
1024,linear/top32,32,1024,32,32,0,0,980,980,e4000/u200/d0.3/C=30.0,0.5676,0.5537
1024,poly2/top32,560,1024,298,32,290,950,980,1930,e4000/u100/d0.5/C=1.0,0.5779,0.5643
1024,poly2/top32,560,1024,291,32,282,944,980,1924,e4000/u200/d0.3/C=1.0,0.5813,0.5619
1024,linear/top64,64,1024,55,55,0,0,980,980,e4000/u100/d0.5/C=30.0,0.6743,0.6541
1024,linear/top64,64,1024,55,55,0,0,980,980,e4000/u200/d0.3/C=3.0,0.6749,0.6535
1024,poly2/top64,2144,1024,540,63,537,966,980,1946,e4000/u100/d0.5/C=3.0,0.6714,0.6483
1024,poly2/top64,2144,1024,533,62,527,963,980,1943,e4000/u200/d0.3/C=1.0,0.6727,0.6429
1024,linear/top128,128,1024,113,113,0,0,980,980,e4000/u100/d0.5/C=3.0,0.7205,0.7038
1024,linear/top128,128,1024,114,114,0,0,980,980,e4000/u200/d0.3/C=0.3,0.7214,0.6995
1024,poly2/top128,8384,1024,782,126,779,976,980,1956,e4000/u100/d0.5/C=100.0,0.7149,0.694
1024,poly2/top128,8384,1024,797,124,794,976,980,1956,e4000/u200/d0.3/C=3.0,0.6984,0.687
1024,linear/top256,256,1024,216,216,0,0,980,980,e4000/u100/d0.5/C=0.3,0.7335,0.7051
1024,linear/top256,256,1024,207,207,0,0,980,980,e4000/u200/d0.3/C=0.3,0.7332,0.7133
1024,poly2/top256,33152,1024,899,241,899,980,980,1960,e4000/u100/d0.5/C=3.0,0.7119,0.6959
1024,poly2/top256,33152,1024,896,238,895,979,980,1959,e4000/u200/d0.3/C=10.0,0.7065,0.6914
1024,poly2/whole+top128,10340,1024,857,395,583,660,980,1640,e4000/u100/d0.5/C=0.3,0.7444,0.7195
1024,poly2/whole+top128,10340,1024,838,416,541,623,980,1603,e4000/u200/d0.3/C=1.0,0.7313,0.7086
