levels,learned_values,support,repeats,search_offsets,C,validation_mean,validation_stdev,test_mean,test_stdev,test_min,test_max,continuous_validation_mean,continuous_test_mean,touched_columns_mean,assignment_bits_mean,total_model_bits_mean,validation_selected_for_levels
32,76,32768,4,0;16;32;48,0.001,0.840556,0.001642,0.816905,0.001536,0.814921,0.818571,0.840873,0.817262,737.50,961783.50,964215.50,False
32,76,32768,4,0;16;32;48,0.003,0.849960,0.001745,0.831746,0.000907,0.830635,0.832698,0.849405,0.832461,737.50,961783.50,964215.50,False
32,76,32768,4,0;16;32;48,0.01,0.853016,0.001782,0.836547,0.001279,0.835714,0.838413,0.853096,0.836547,737.50,961783.50,964215.50,True
32,76,32768,4,0;16;32;48,0.03,0.849008,0.000844,0.833929,0.001125,0.832540,0.834921,0.849563,0.834325,737.50,961783.50,964215.50,False
32,76,32768,4,0;16;32;48,0.1,0.841666,0.001662,0.828810,0.001118,0.827778,0.830000,0.842183,0.829127,737.50,961783.50,964215.50,False
64,108,32768,4,0;16;32;48,0.001,0.840913,0.001536,0.816587,0.001761,0.814444,0.818254,0.840873,0.817262,737.50,994551.50,998007.50,False
64,108,32768,4,0;16;32;48,0.003,0.849325,0.001933,0.832699,0.000869,0.831429,0.833333,0.849405,0.832461,737.50,994551.50,998007.50,False
64,108,32768,4,0;16;32;48,0.01,0.853571,0.001399,0.836905,0.001503,0.835714,0.839048,0.853096,0.836547,737.50,994551.50,998007.50,True
64,108,32768,4,0;16;32;48,0.03,0.849484,0.000938,0.834643,0.001110,0.833333,0.835714,0.849563,0.834325,737.50,994551.50,998007.50,False
64,108,32768,4,0;16;32;48,0.1,0.842262,0.001667,0.829167,0.001087,0.827619,0.830159,0.842183,0.829127,737.50,994551.50,998007.50,False
128,172,32768,4,0;16;32;48,0.001,0.840357,0.001530,0.817024,0.001064,0.815556,0.818095,0.840873,0.817262,737.50,1027319.50,1032823.50,False
128,172,32768,4,0;16;32;48,0.003,0.849365,0.001944,0.832302,0.001073,0.831111,0.833651,0.849405,0.832461,737.50,1027319.50,1032823.50,False
128,172,32768,4,0;16;32;48,0.01,0.853016,0.001528,0.836508,0.001236,0.834921,0.837937,0.853096,0.836547,737.50,1027319.50,1032823.50,True
128,172,32768,4,0;16;32;48,0.03,0.849325,0.000437,0.834365,0.000911,0.833175,0.835079,0.849563,0.834325,737.50,1027319.50,1032823.50,False
128,172,32768,4,0;16;32;48,0.1,0.842262,0.001755,0.829286,0.000983,0.827937,0.830159,0.842183,0.829127,737.50,1027319.50,1032823.50,False
