arm,columns,C,train_accuracy,val_accuracy,test_accuracy,seconds
list768-d8,768,0.03,0.9571,0.8487,0.8325,3.6
list768-c224-samecols,768,0.03,0.9589,0.8559,0.8381,3.7
list768-c224-reranked,768,0.03,0.9589,0.853,0.8373,3.8
list768-c224s1-samecols,768,0.03,0.9583,0.8559,0.84,3.7
list768-c224s1-reranked,768,0.03,0.9596,0.8511,0.8349,3.6
list768-crop16-samecols,768,0.03,0.9586,0.8592,0.8421,3.6
list768-crop16-reranked,768,0.03,0.9581,0.8549,0.8408,3.9
list768-j24-samecols,768,0.03,0.9576,0.8597,0.8402,3.8
list768-j24-reranked,768,0.03,0.959,0.8565,0.8427,3.5
