model,features,structure,parameters,val_accuracy,test_accuracy
dense-full,1579,C=0.03,69520,0.8108,0.7978
dense-full,1579,C=0.1,69520,0.8095,0.7944
dense-affine,22,global/C=100.0,1012,0.5587,0.5416
dense-lowrank,78,global/r8,1020,0.6,0.5692
dense-mlp,77,global/h8,1020,0.5948,0.5748
dense-lowrank,54,global/r10,1024,0.5935,0.5717
dense-mlp,53,global/h10,1024,0.594,0.569
dense-lowrank,37,global/r12,1016,0.5795,0.57
dense-mlp,36,global/h12,1016,0.5689,0.5579
dense-lowrank,26,global/r14,1024,0.5579,0.5375
dense-mlp,25,global/h14,1024,0.5635,0.5471
dense-lowrank,17,global/r16,1020,0.4902,0.4859
dense-mlp,16,global/h16,1020,0.5184,0.5049
dense-affine,22,rank10/C=1.0,1012,0.5784,0.5624
dense-lowrank,78,rank10/r8,1020,0.623,0.5983
dense-mlp,77,rank10/h8,1020,0.6235,0.6046
dense-lowrank,54,rank10/r10,1024,0.6265,0.6084
dense-mlp,53,rank10/h10,1024,0.6243,0.6105
dense-lowrank,37,rank10/r12,1016,0.6138,0.5937
dense-mlp,36,rank10/h12,1016,0.6197,0.6035
dense-lowrank,26,rank10/r14,1024,0.5851,0.5724
dense-mlp,25,rank10/h14,1024,0.5987,0.5776
dense-lowrank,17,rank10/r16,1020,0.5289,0.513
dense-mlp,16,rank10/h16,1020,0.5506,0.5376
dense-affine,22,rank12/C=100.0,1012,0.5832,0.57
dense-lowrank,78,rank12/r8,1020,0.6011,0.5862
dense-mlp,77,rank12/h8,1020,0.6089,0.5932
dense-lowrank,54,rank12/r10,1024,0.6257,0.6113
dense-mlp,53,rank12/h10,1024,0.6303,0.6092
dense-lowrank,37,rank12/r12,1016,0.6211,0.6113
dense-mlp,36,rank12/h12,1016,0.6235,0.6138
dense-lowrank,26,rank12/r14,1024,0.5916,0.5746
dense-mlp,25,rank12/h14,1024,0.5976,0.5746
dense-lowrank,17,rank12/r16,1020,0.526,0.5135
dense-mlp,16,rank12/h16,1020,0.5402,0.5321
sparse-subset,32,top32,1024,0.5946,0.5778
sparse-subset,47,top48,1024,0.6365,0.6348
sparse-subset,63,top64,1024,0.6771,0.6579
sparse-subset,92,top96,1024,0.7037,0.6892
sparse-subset,122,top128,1024,0.7116,0.6975
sparse-subset,171,top192,1024,0.7197,0.7002
sparse-lowrank,387,r10,1024,0.6783,0.6684
sparse-lowrank,329,r12,1024,0.69,0.6805
sparse-lowrank,275,r14,1024,0.6887,0.6722
sparse-lowrank,211,r16,1024,0.6954,0.6751
sparse-lowrank,154,r18,1024,0.6843,0.6668
sparse-pool,516,full-rank,1024,0.7071,0.7016
