arm,columns,C,train_accuracy,val_accuracy,test_accuracy,seconds
list768-d8,768,0.03,0.9571,0.8487,0.8325,26.9
list768-c224-samecols,768,0.03,0.9589,0.8559,0.8381,30.3
list768-d8+c224-samecols,768,0.03,0.9574,0.8589,0.8365,18.0
list768-d8+c224-reranked,768,0.03,0.9585,0.8549,0.8371,26.0
list768-d8+d8+c224-appended,1536,0.01,0.9488,0.8563,0.8352,32.5
list768-d8+c224-base-only,768,0.03,0.9566,0.8551,0.8344,26.5
list768-d8+c224-layout-only,768,0.1,0.9874,0.8506,0.8338,34.2
list768-d8+c224-pool4-only,768,0.03,0.9575,0.85,0.8327,37.8
list768-d8+c224-pool5-only,768,0.03,0.9584,0.853,0.8349,34.5
merged-d8,4268,0.03,0.9995,0.8478,0.8329,67.6
merged-d8+c224,4268,0.03,0.9996,0.8548,0.8378,28.0
