support,search_offset,feature_levels,bias_atoms,learned_values,touched_columns,assignment_bits,learned_value_bits,total_model_bits,candidate_mapping_bits,scale_exponent_bits,support_sha256,level_assignment_sha256,bias_atoms_sha256,artifact,artifact_sha256,C,continuous_val,continuous_test,val_accuracy,test_accuracy,seconds
8192,0,2,16,18,704,216368,576,216944,7808,3536,a6cf71baa5f1acb530a964741daa2168438c413a6df55719a640c2f4a7672bd8,6f9e7624a0b09df9471a926d15c98a2fc464a0c998bc8d030fbc382f061167d0,4ccac3a9ca8ec52af9ea1985636723ac573fa1ff5d41bdaf2ffab824d8d4845b,,,0.001,0.827619,0.801429,0.794603,0.776984,27.1
8192,0,3,16,19,704,224560,608,225168,7808,3536,a6cf71baa5f1acb530a964741daa2168438c413a6df55719a640c2f4a7672bd8,58a4e61f59ad09e4c998fa51e703ad803694501188761cc1ef5e5cd859f8069e,9021714b4c1160c006172e236821c26b552411b6aca87eaa84a287455317c970,,,0.001,0.827619,0.801429,0.795397,0.775238,28.2
8192,0,3,17,20,704,224574,640,225214,7808,3536,a6cf71baa5f1acb530a964741daa2168438c413a6df55719a640c2f4a7672bd8,58a4e61f59ad09e4c998fa51e703ad803694501188761cc1ef5e5cd859f8069e,9ab668e758a9ddac4b0953d248453be23bf7132f3b5498b96b0b1b9bb401748c,,,0.001,0.827619,0.801429,0.802381,0.779524,29.1
8192,0,3,18,21,704,224588,672,225260,7808,3536,a6cf71baa5f1acb530a964741daa2168438c413a6df55719a640c2f4a7672bd8,58a4e61f59ad09e4c998fa51e703ad803694501188761cc1ef5e5cd859f8069e,9ec4ab766b2fd55b965550a1fffdb36d5b0ac8c64d9c849c39c551538cf7dcd9,,,0.001,0.827619,0.801429,0.804444,0.783333,29.7
8192,0,4,18,22,704,224588,704,225292,7808,3536,a6cf71baa5f1acb530a964741daa2168438c413a6df55719a640c2f4a7672bd8,3676471c9ddd54fb7fa804aa2f6a59af918488a0e07b73fea6c035c08a2d2b15,5da0ee9a34a1109acfc5f784e65cb9961df5138d8279654f0672c3011699ea18,,,0.001,0.827619,0.801429,0.821429,0.79381,31.5
8192,0,4,20,24,704,224616,768,225384,7808,3536,a6cf71baa5f1acb530a964741daa2168438c413a6df55719a640c2f4a7672bd8,3676471c9ddd54fb7fa804aa2f6a59af918488a0e07b73fea6c035c08a2d2b15,f0e2dcdf29da1f64a859ddb7695d2c7877d72395c10f511695037c64ffe7d84c,,,0.001,0.827619,0.801429,0.821429,0.796667,32.5
8192,0,4,24,28,704,224672,896,225568,7808,3536,a6cf71baa5f1acb530a964741daa2168438c413a6df55719a640c2f4a7672bd8,3676471c9ddd54fb7fa804aa2f6a59af918488a0e07b73fea6c035c08a2d2b15,22872ea44d3c9d86bbf74a45fc81b6eecbf9084beb26fc39ba54a6cdf811589a,,,0.001,0.827619,0.801429,0.826667,0.798571,33.0
8192,0,6,24,30,704,232864,960,233824,7808,3536,a6cf71baa5f1acb530a964741daa2168438c413a6df55719a640c2f4a7672bd8,c6e67396ed7a10adeb805e997d0830b8d921575572be72046127e1627798a398,3fd4c2dcd95b1055d5bf2b61d8c0c7c27e27005cedadfaada3551cca6fbb9bc7,,,0.001,0.827619,0.801429,0.825079,0.797937,35.5
8192,0,8,24,32,704,232864,1024,233888,7808,3536,a6cf71baa5f1acb530a964741daa2168438c413a6df55719a640c2f4a7672bd8,6abe101ac0cf0e2096abb68163486a224785f2d0f0c66e3c353363752b0a7584,51ea0ce928a8cf09b542f7e334c460b36253e1454281954c23eb2576491df581,,,0.001,0.827619,0.801429,0.827302,0.801111,37.0
8192,0,2,16,18,704,216368,576,216944,7808,3536,a6cf71baa5f1acb530a964741daa2168438c413a6df55719a640c2f4a7672bd8,df7ca47cd79ab484084566137e35cb312f0c62fa56abd3551b04121242deb0b7,8294b02bfe6b2f23b9b4f980c428f2af8c6c31314111bdd63094f84e9d6469c3,,,0.003,0.84381,0.821905,0.807302,0.783968,39.7
8192,0,3,16,19,704,224560,608,225168,7808,3536,a6cf71baa5f1acb530a964741daa2168438c413a6df55719a640c2f4a7672bd8,7ae8139a02a41c89afb733a3470bcf9d09193a8663513017c493a397c7b52ded,ae4b3af6b9fdd6811c46a1d1e4b2839c5e3fdedf8d7a557f6d125c7694346f62,,,0.003,0.84381,0.821905,0.803968,0.790635,41.4
8192,0,3,17,20,704,224574,640,225214,7808,3536,a6cf71baa5f1acb530a964741daa2168438c413a6df55719a640c2f4a7672bd8,7ae8139a02a41c89afb733a3470bcf9d09193a8663513017c493a397c7b52ded,ca8271b499e0f22c6f96c0ece668db542fde652ee478b8d7f60c857db61e1ecd,,,0.003,0.84381,0.821905,0.809683,0.794127,41.9
8192,0,3,18,21,704,224588,672,225260,7808,3536,a6cf71baa5f1acb530a964741daa2168438c413a6df55719a640c2f4a7672bd8,7ae8139a02a41c89afb733a3470bcf9d09193a8663513017c493a397c7b52ded,d4b8b20b3485da24f45dc70d7c6488763037e569f4ca7a9666babb7ae3f41fc5,,,0.003,0.84381,0.821905,0.824921,0.804603,42.6
8192,0,4,18,22,704,224588,704,225292,7808,3536,a6cf71baa5f1acb530a964741daa2168438c413a6df55719a640c2f4a7672bd8,0e900fbd7c38024aae6f15375ae6dc4e292238d4fbb7d348f94885b855c6ed58,227a5543b0c0ad6f9cc3de1ac06f22f4f64f16fcd55937105057db6317640672,,,0.003,0.84381,0.821905,0.836667,0.814762,44.6
8192,0,4,20,24,704,224616,768,225384,7808,3536,a6cf71baa5f1acb530a964741daa2168438c413a6df55719a640c2f4a7672bd8,0e900fbd7c38024aae6f15375ae6dc4e292238d4fbb7d348f94885b855c6ed58,fd9efe495edd3b17ad6749a8a12485164bfd168bf8ce0824d8b481add6ab3b7c,,,0.003,0.84381,0.821905,0.838889,0.819524,45.2
8192,0,4,24,28,704,224672,896,225568,7808,3536,a6cf71baa5f1acb530a964741daa2168438c413a6df55719a640c2f4a7672bd8,0e900fbd7c38024aae6f15375ae6dc4e292238d4fbb7d348f94885b855c6ed58,a5f50b8bb50f411b2d931a643cb20e85d831bbe66992c3d3bfddd26d7b31d60c,,,0.003,0.84381,0.821905,0.839683,0.819841,46.6
8192,0,6,24,30,704,232864,960,233824,7808,3536,a6cf71baa5f1acb530a964741daa2168438c413a6df55719a640c2f4a7672bd8,3256d9c6038d1838286943bcb3bfb94be5afef1766b65a5f05acb891d7cc1470,874197d7522ef22dcfa04c3bd59c6bd7ac1d351e7544cb908c15a299e5010a76,,,0.003,0.84381,0.821905,0.841111,0.818095,48.6
8192,0,8,24,32,704,232864,1024,233888,7808,3536,a6cf71baa5f1acb530a964741daa2168438c413a6df55719a640c2f4a7672bd8,37abd9d90caa1a6185871992d8189d426ae15b92530cf858145cdf2039e5cc20,13194b39f4c51fa4c421e9b0a0090fa5d49f7fd51afc85a9a66ca9d4eb11f488,,,0.003,0.84381,0.821905,0.841587,0.818889,50.2
8192,0,2,16,18,704,216368,576,216944,7808,3536,a6cf71baa5f1acb530a964741daa2168438c413a6df55719a640c2f4a7672bd8,993edea6d17ebf5879d0054dfa442f9edc5964df23f5b314eeba8e5867d1613c,d73dbe57fc3df28c88e0888debab70d89d4f5f4a7ee79009593a8460a5d77c56,,,0.01,0.848095,0.831429,0.78381,0.768254,52.9
8192,0,3,16,19,704,224560,608,225168,7808,3536,a6cf71baa5f1acb530a964741daa2168438c413a6df55719a640c2f4a7672bd8,2ed6265b3b4963a9285a0162c25c4cf6f1f449317ff5a5d7eb2e116450e7a77d,dbd3e5896d54b3b0f3fab0ad21926f925eaab2d003e277902112eedf8212bd6f,,,0.01,0.848095,0.831429,0.810952,0.797143,54.8
8192,0,3,17,20,704,224574,640,225214,7808,3536,a6cf71baa5f1acb530a964741daa2168438c413a6df55719a640c2f4a7672bd8,2ed6265b3b4963a9285a0162c25c4cf6f1f449317ff5a5d7eb2e116450e7a77d,d1121c7a070c39710893f7c4042b58d09d24c3fb76a9a7fba51f3f3572fbac25,,,0.01,0.848095,0.831429,0.815714,0.797619,55.3
8192,0,3,18,21,704,224588,672,225260,7808,3536,a6cf71baa5f1acb530a964741daa2168438c413a6df55719a640c2f4a7672bd8,2ed6265b3b4963a9285a0162c25c4cf6f1f449317ff5a5d7eb2e116450e7a77d,80847468aecf5cff9d42d2de8821b549f5cf95c88e513804e996d9533a0ad811,,,0.01,0.848095,0.831429,0.820635,0.804444,56.1
8192,0,4,18,22,704,224588,704,225292,7808,3536,a6cf71baa5f1acb530a964741daa2168438c413a6df55719a640c2f4a7672bd8,7d5ba872e6c9b74ffc80e3a84194b3cd6b26ec8ebaeec172339df29b42eeaee9,a35636f52c453f49f96f49e66e7bb3b9508f92b343eb398c85789b63fb8b97c2,,,0.01,0.848095,0.831429,0.833175,0.817619,58.6
8192,0,4,20,24,704,224616,768,225384,7808,3536,a6cf71baa5f1acb530a964741daa2168438c413a6df55719a640c2f4a7672bd8,7d5ba872e6c9b74ffc80e3a84194b3cd6b26ec8ebaeec172339df29b42eeaee9,e2385a0aa88f86cd8011c4554a0144257d05f6cdedbc72d21713c1b04176fd97,,,0.01,0.848095,0.831429,0.84381,0.819048,59.1
8192,0,4,24,28,704,224672,896,225568,7808,3536,a6cf71baa5f1acb530a964741daa2168438c413a6df55719a640c2f4a7672bd8,7d5ba872e6c9b74ffc80e3a84194b3cd6b26ec8ebaeec172339df29b42eeaee9,61dd9015d4bc0eb2dd811586112f08bec435f132be868fe4c7f42a6e138e8ccd,,,0.01,0.848095,0.831429,0.844286,0.826667,60.0
8192,0,6,24,30,704,232864,960,233824,7808,3536,a6cf71baa5f1acb530a964741daa2168438c413a6df55719a640c2f4a7672bd8,e07299f6a4f1c81488f60a25f691d812cf2af37fdd3ca569d46e936e4e88419b,d857b8fd746a9b243eaa0387e849d73c11500701b612e6d366a00a16b1d4dc9c,,,0.01,0.848095,0.831429,0.847778,0.825079,62.5
8192,0,8,24,32,704,232864,1024,233888,7808,3536,a6cf71baa5f1acb530a964741daa2168438c413a6df55719a640c2f4a7672bd8,14721ea1ee33b0ee1463edad624c0f254029dbe50b6ac97c3addece8fd883032,490237cccbe57e8ac95268d473b0733674c6fdc19870b5364ca8b2c4ae7c0241,,,0.01,0.848095,0.831429,0.846825,0.828095,64.2
8192,0,2,16,18,704,216368,576,216944,7808,3536,a6cf71baa5f1acb530a964741daa2168438c413a6df55719a640c2f4a7672bd8,add8dca26d7a789bffd4bb76eaf7e07771cc62b5cd63070ad2411f9dc29dcab7,6e45c86d73655a6608e892b019398ad7b66dff832dd53e93c1fca56ad63df385,,,0.03,0.849841,0.832698,0.787302,0.773016,67.2
8192,0,3,16,19,704,224560,608,225168,7808,3536,a6cf71baa5f1acb530a964741daa2168438c413a6df55719a640c2f4a7672bd8,1d583ffeb3e598ea20b50f3c1cb4df358f2ee2019a30ce21b86418615646d2c4,cf2804998ef87fe696718c558dac58760476c5021f03b50862ce3d75399ceb1f,,,0.03,0.849841,0.832698,0.810159,0.800476,69.1
8192,0,3,17,20,704,224574,640,225214,7808,3536,a6cf71baa5f1acb530a964741daa2168438c413a6df55719a640c2f4a7672bd8,1d583ffeb3e598ea20b50f3c1cb4df358f2ee2019a30ce21b86418615646d2c4,b8dfb9c48e6a0d18012cd68014064144e818fc146f1ba41cfe866cc6ca5017a6,,,0.03,0.849841,0.832698,0.822857,0.807778,69.9
8192,0,3,18,21,704,224588,672,225260,7808,3536,a6cf71baa5f1acb530a964741daa2168438c413a6df55719a640c2f4a7672bd8,1d583ffeb3e598ea20b50f3c1cb4df358f2ee2019a30ce21b86418615646d2c4,bbaab427db131d171bf4dfe89834cb1027e56b73c62bfcbc5e68896340c8ffc7,,,0.03,0.849841,0.832698,0.829841,0.814603,70.7
8192,0,4,18,22,704,224588,704,225292,7808,3536,a6cf71baa5f1acb530a964741daa2168438c413a6df55719a640c2f4a7672bd8,204cc34b58fe9fea321f19dd04a228e07b09d5236696ba640feac2d8607fb488,8c2aae02fa03b995e5bd6ae263b356bd822ae269d76a959d506c990f996b0519,,,0.03,0.849841,0.832698,0.839206,0.818254,73.0
8192,0,4,20,24,704,224616,768,225384,7808,3536,a6cf71baa5f1acb530a964741daa2168438c413a6df55719a640c2f4a7672bd8,204cc34b58fe9fea321f19dd04a228e07b09d5236696ba640feac2d8607fb488,3adf9933e882d758142cffa1ee1b4de2987af1e558f85dae90a692344872986c,,,0.03,0.849841,0.832698,0.84381,0.824286,73.8
8192,0,4,24,28,704,224672,896,225568,7808,3536,a6cf71baa5f1acb530a964741daa2168438c413a6df55719a640c2f4a7672bd8,204cc34b58fe9fea321f19dd04a228e07b09d5236696ba640feac2d8607fb488,855be4113a4574fca0decb6524686e19937f048fd34ba266b735585a9a577d1f,,,0.03,0.849841,0.832698,0.844444,0.826349,75.1
8192,0,6,24,30,704,232864,960,233824,7808,3536,a6cf71baa5f1acb530a964741daa2168438c413a6df55719a640c2f4a7672bd8,2614ff3afef0a478a169e7b05b86d7d83360e1d77062bc57c5faf6b693455a24,95d66e8e0560f10af9f103d2fd455f038b737067664edefee154d5090c454bd0,,,0.03,0.849841,0.832698,0.844286,0.829683,77.2
8192,0,8,24,32,704,232864,1024,233888,7808,3536,a6cf71baa5f1acb530a964741daa2168438c413a6df55719a640c2f4a7672bd8,08d81163423dbcb128dcb64537d0a2e8e57056e45e4c20764c2d13fe67032fd6,685202d60356d32e9eb95b9d325d093bfff0c556c40ae448426066060bdbfefe,,,0.03,0.849841,0.832698,0.846349,0.828095,79.1
8192,0,2,16,18,704,216368,576,216944,7808,3536,a6cf71baa5f1acb530a964741daa2168438c413a6df55719a640c2f4a7672bd8,c396a5fcf3718a4e75406808110246b6d59c809058458faf86a4d77689f29818,090b2c6aa29d01db5e0df71f157aa496de50a7d5a1ade8af28bd562cae4247cf,,,0.1,0.841746,0.83127,0.784603,0.77254,82.3
8192,0,3,16,19,704,224560,608,225168,7808,3536,a6cf71baa5f1acb530a964741daa2168438c413a6df55719a640c2f4a7672bd8,123116935b1da9755cc47090b4f16b38fae48b38c20521d38a7e7ff5430f560d,d03d2f3c5d1d95585a2475d7ab89c2dddadd3075dfa4176a8dd7d15c6d2ee30d,,,0.1,0.841746,0.83127,0.809524,0.793016,84.2
8192,0,3,17,20,704,224574,640,225214,7808,3536,a6cf71baa5f1acb530a964741daa2168438c413a6df55719a640c2f4a7672bd8,123116935b1da9755cc47090b4f16b38fae48b38c20521d38a7e7ff5430f560d,65f2bff693641ef7f3784242a9a570d44303061fa1c1632697d406072aba9047,,,0.1,0.841746,0.83127,0.819841,0.804286,84.7
8192,0,3,18,21,704,224588,672,225260,7808,3536,a6cf71baa5f1acb530a964741daa2168438c413a6df55719a640c2f4a7672bd8,123116935b1da9755cc47090b4f16b38fae48b38c20521d38a7e7ff5430f560d,6ddc65dd0cf79ba8c6dded14f06ef125672a73d31706f393cdbe56e37000bda2,,,0.1,0.841746,0.83127,0.822698,0.807778,85.5
8192,0,4,18,22,704,224588,704,225292,7808,3536,a6cf71baa5f1acb530a964741daa2168438c413a6df55719a640c2f4a7672bd8,6f61be03520c1c32c234d89d26272a9778fd6ddac2837ed5b816daefe0d9837c,c57d81b749772a1a2479a13b988b1572e0769171f897e62ec993797146beadef,,,0.1,0.841746,0.83127,0.827937,0.815714,87.9
8192,0,4,20,24,704,224616,768,225384,7808,3536,a6cf71baa5f1acb530a964741daa2168438c413a6df55719a640c2f4a7672bd8,6f61be03520c1c32c234d89d26272a9778fd6ddac2837ed5b816daefe0d9837c,7af29174ea731e2151b40eb4e4440e2b2f8403809ff9f9616256a8637ac3070a,,,0.1,0.841746,0.83127,0.833968,0.822222,88.3
8192,0,4,24,28,704,224672,896,225568,7808,3536,a6cf71baa5f1acb530a964741daa2168438c413a6df55719a640c2f4a7672bd8,6f61be03520c1c32c234d89d26272a9778fd6ddac2837ed5b816daefe0d9837c,30d9625d25074d3884a479faa34665cd9f9d6cb7dd901f16e46f1100f4beb195,,,0.1,0.841746,0.83127,0.836032,0.823016,88.8
8192,0,6,24,30,704,232864,960,233824,7808,3536,a6cf71baa5f1acb530a964741daa2168438c413a6df55719a640c2f4a7672bd8,2d82470a60d5dda18063fa17f136029257e2476d5a8340fd77780cddec4e11ed,968daa8c4c20fb9eef4d0c6e19ac4c2d8d7d88ab4322eae6fbe923bd07653487,,,0.1,0.841746,0.83127,0.840476,0.82746,91.7
8192,0,8,24,32,704,232864,1024,233888,7808,3536,a6cf71baa5f1acb530a964741daa2168438c413a6df55719a640c2f4a7672bd8,f2da4ddf96065057fcdf0d8e502761b7f050fc787d66905a903350eb6db61256,76209e73b6360cb237b26b21d17cc05489efaf7ed07237620b235ed8e66169d0,,,0.1,0.841746,0.83127,0.842857,0.828254,93.6
