pair,raw,sqrt,cbrt,quart,pick-skew,log1p-median,rankgauss,raw+sqrt,sqrt-reranked
church / palace,38,35,35,35,39,32,40,35,36
railway / railway_station,26,25,28,27,26,28,23,28,25
basketball_court / tennis_court,23,22,22,20,21,20,25,21,24
dense_residential / medium_residential,20,17,18,18,17,19,21,20,17
intersection / roundabout,20,16,16,19,16,16,15,18,15
medium_residential / tennis_court,15,17,16,20,18,15,13,16,15
rectangular_farmland / terrace,15,16,16,17,16,14,15,15,20
baseball_diamond / ground_track_field,13,11,11,12,10,9,10,9,10
railway_station / thermal_power_station,13,13,14,13,13,13,11,13,14
lake / river,11,10,11,11,8,10,11,9,12
church / commercial_area,11,14,12,12,13,12,13,12,13
commercial_area / palace,11,9,10,12,7,9,6,11,9
medium_residential / mobile_home_park,11,14,15,19,14,12,13,12,17
desert / mountain,10,6,6,9,8,8,10,7,9
industrial_area / railway_station,9,10,10,10,11,10,11,11,9
palace / stadium,9,9,9,8,7,7,7,8,9
freeway / overpass,9,7,6,6,9,7,7,8,8
bridge / river,9,7,6,5,6,7,8,8,7
meadow / wetland,9,7,7,8,7,7,7,8,10
forest / wetland,8,7,7,6,7,6,7,7,5
ground_track_field / palace,8,8,10,11,9,10,11,8,9
basketball_court / sparse_residential,8,10,8,7,10,9,8,10,9
airport / runway,8,7,8,8,9,8,10,8,10
lake / wetland,8,12,12,13,13,13,12,10,12
dense_residential / mobile_home_park,8,10,10,10,10,10,9,9,9
basketball_court / intersection,8,8,10,12,10,10,9,9,11
cloud / thermal_power_station,8,5,5,5,6,6,5,7,5
industrial_area / storage_tank,7,8,9,6,9,7,8,8,5
ground_track_field / stadium,7,4,5,4,5,5,7,7,5
airplane / runway,7,8,6,8,8,8,10,7,6
