pair,list768-d8,list768-crop24-samecols,list768-crop24-reranked,list768-j32crop-samecols,list768-j32crop-reranked,list768-crop32-samecols,list768-crop32-reranked,list768-j40crop-samecols,list768-j40crop-reranked
church / palace,38,32,39,33,35,33,36,33,38
railway / railway_station,26,24,24,26,25,24,20,25,23
basketball_court / tennis_court,23,20,30,24,26,26,27,25,27
dense_residential / medium_residential,20,18,19,18,19,19,18,18,18
intersection / roundabout,20,17,16,17,19,18,16,17,19
medium_residential / tennis_court,15,12,13,11,12,13,14,12,15
rectangular_farmland / terrace,15,18,17,18,17,17,18,18,18
baseball_diamond / ground_track_field,13,9,11,12,11,10,12,12,11
railway_station / thermal_power_station,13,11,11,10,13,11,8,10,8
lake / river,11,14,14,14,13,15,14,13,12
church / commercial_area,11,13,12,12,12,13,12,11,11
commercial_area / palace,11,10,9,12,10,10,9,11,10
medium_residential / mobile_home_park,11,14,13,12,15,12,12,12,13
desert / mountain,10,8,8,9,8,8,9,9,7
industrial_area / railway_station,9,10,8,9,8,9,11,10,10
palace / stadium,9,8,8,8,8,9,8,8,8
freeway / overpass,9,5,7,6,7,5,8,5,8
bridge / river,9,6,6,6,6,6,6,6,6
meadow / wetland,9,9,9,10,10,9,9,10,10
forest / wetland,8,6,6,6,6,6,6,6,6
ground_track_field / palace,8,7,7,7,9,7,8,7,8
basketball_court / sparse_residential,8,9,6,9,8,9,7,9,8
airport / runway,8,7,9,7,8,7,8,7,8
lake / wetland,8,12,9,11,9,11,10,11,9
dense_residential / mobile_home_park,8,8,12,9,13,10,12,9,13
basketball_court / intersection,8,9,6,11,7,9,8,10,8
cloud / thermal_power_station,8,8,6,8,7,7,8,8,7
industrial_area / storage_tank,7,5,4,4,4,5,6,4,4
ground_track_field / stadium,7,9,10,9,8,9,11,8,9
airplane / runway,7,8,6,8,8,8,8,8,8
