probe,budget,arm,baseline,parameters,features,structure,val_accuracy,test_accuracy
bagging,512,single fit,yes,512,348,C=30.0,0.6729,0.6532
bagging,512,bagged 8 fits at 80%,no,512,333,C=100.0,0.6527,0.637
bagging,512,bagged 16 fits at 80%,no,512,329,C=0.3,0.6544,0.6406
bagging,512,bagged 8 fits at 60%,no,512,328,C=3.0,0.6568,0.6363
bagging,1024,single fit,yes,1024,614,C=0.3,0.7337,0.7211
bagging,1024,bagged 8 fits at 80%,no,1024,591,C=1.0,0.7246,0.7132
bagging,1024,bagged 16 fits at 80%,no,1024,591,C=100.0,0.7314,0.7202
bagging,1024,bagged 8 fits at 60%,no,1024,602,C=10.0,0.7305,0.7179
search-length,384,top256/e4000/u100/d0.5,yes,384,155,C=1.0,0.621,0.614
search-length,384,top256/e8000/u200/d0.5,no,384,150,C=100.0,0.6333,0.6186
search-length,384,top256/e16000/u200/d0.5,no,384,167,C=0.3,0.6397,0.6184
search-length,384,top256/e16000/u400/d0.5,no,384,152,C=30.0,0.6338,0.619
search-length,384,top512/e4000/u100/d0.5,yes,384,211,C=0.3,0.6262,0.6181
search-length,384,top512/e8000/u200/d0.5,no,384,205,C=1.0,0.6349,0.624
search-length,384,top512/e16000/u200/d0.5,no,384,211,C=3.0,0.643,0.6181
search-length,384,top512/e16000/u400/d0.5,no,384,206,C=0.3,0.6259,0.6168
search-length,384,whole-pool/e4000/u100/d0.5,yes,384,267,C=0.3,0.6417,0.6238
search-length,384,whole-pool/e8000/u200/d0.5,no,384,277,C=30.0,0.6446,0.6284
search-length,384,whole-pool/e16000/u200/d0.5,no,384,271,C=0.3,0.6425,0.6284
search-length,384,whole-pool/e16000/u400/d0.5,no,384,272,C=10.0,0.646,0.6279
search-length,512,top256/e4000/u100/d0.5,yes,512,188,C=10.0,0.6686,0.6624
search-length,512,top256/e8000/u200/d0.5,no,512,186,C=3.0,0.6743,0.6576
search-length,512,top256/e16000/u200/d0.5,no,512,179,C=1.0,0.6702,0.6552
search-length,512,top256/e16000/u400/d0.5,no,512,180,C=3.0,0.667,0.6559
search-length,512,top512/e4000/u100/d0.5,yes,512,255,C=0.3,0.681,0.6571
search-length,512,top512/e8000/u200/d0.5,no,512,251,C=10.0,0.67,0.6651
search-length,512,top512/e16000/u200/d0.5,no,512,257,C=30.0,0.677,0.6576
search-length,512,top512/e16000/u400/d0.5,no,512,254,C=0.3,0.6765,0.6605
search-length,512,whole-pool/e4000/u100/d0.5,yes,512,351,C=3.0,0.6714,0.6562
search-length,512,whole-pool/e8000/u200/d0.5,no,512,344,C=100.0,0.6813,0.6621
search-length,512,whole-pool/e16000/u200/d0.5,no,512,347,C=100.0,0.6751,0.6589
search-length,512,whole-pool/e16000/u400/d0.5,no,512,347,C=0.3,0.6817,0.6625
search-length,640,top256/e4000/u100/d0.5,yes,640,191,C=30.0,0.6997,0.6905
search-length,640,top256/e8000/u200/d0.5,no,640,198,C=1.0,0.6979,0.6802
search-length,640,top256/e16000/u200/d0.5,no,640,200,C=100.0,0.7056,0.6862
search-length,640,top256/e16000/u400/d0.5,no,640,200,C=10.0,0.6995,0.6816
search-length,640,top512/e4000/u100/d0.5,yes,640,305,C=1.0,0.6973,0.6824
search-length,640,top512/e8000/u200/d0.5,no,640,301,C=0.3,0.6963,0.6841
search-length,640,top512/e16000/u200/d0.5,no,640,299,C=0.3,0.7027,0.6879
search-length,640,top512/e16000/u400/d0.5,no,640,298,C=3.0,0.7081,0.6859
search-length,640,whole-pool/e4000/u100/d0.5,yes,640,415,C=3.0,0.7043,0.6881
search-length,640,whole-pool/e8000/u200/d0.5,no,640,408,C=30.0,0.7022,0.6905
search-length,640,whole-pool/e16000/u200/d0.5,no,640,424,C=3.0,0.7044,0.6925
search-length,640,whole-pool/e16000/u400/d0.5,no,640,423,C=1.0,0.7057,0.6895
search-length,768,top256/e4000/u100/d0.5,yes,768,213,C=100.0,0.7179,0.699
search-length,768,top256/e8000/u200/d0.5,no,768,209,C=3.0,0.7224,0.7041
search-length,768,top256/e16000/u200/d0.5,no,768,214,C=3.0,0.7135,0.7033
search-length,768,top256/e16000/u400/d0.5,no,768,212,C=10.0,0.7173,0.7032
search-length,768,top512/e4000/u100/d0.5,yes,768,342,C=0.3,0.7229,0.6978
search-length,768,top512/e8000/u200/d0.5,no,768,330,C=1.0,0.7251,0.7063
search-length,768,top512/e16000/u200/d0.5,no,768,340,C=1.0,0.7195,0.7051
search-length,768,top512/e16000/u400/d0.5,no,768,334,C=30.0,0.731,0.7063
search-length,768,whole-pool/e4000/u100/d0.5,yes,768,503,C=100.0,0.7171,0.6983
search-length,768,whole-pool/e8000/u200/d0.5,no,768,490,C=3.0,0.707,0.7032
search-length,768,whole-pool/e16000/u200/d0.5,no,768,497,C=3.0,0.721,0.6957
search-length,768,whole-pool/e16000/u400/d0.5,no,768,494,C=0.3,0.7219,0.7003
search-length,896,top256/e4000/u100/d0.5,yes,896,218,C=30.0,0.7308,0.7156
search-length,896,top256/e8000/u200/d0.5,no,896,221,C=3.0,0.7289,0.7135
search-length,896,top256/e16000/u200/d0.5,no,896,220,C=0.3,0.7302,0.717
search-length,896,top256/e16000/u400/d0.5,no,896,224,C=3.0,0.7324,0.716
search-length,896,top512/e4000/u100/d0.5,yes,896,353,C=1.0,0.7378,0.7162
search-length,896,top512/e8000/u200/d0.5,no,896,369,C=30.0,0.7287,0.7189
search-length,896,top512/e16000/u200/d0.5,no,896,359,C=100.0,0.7322,0.7187
search-length,896,top512/e16000/u400/d0.5,no,896,344,C=0.3,0.743,0.721
search-length,896,whole-pool/e4000/u100/d0.5,yes,896,577,C=100.0,0.724,0.7049
search-length,896,whole-pool/e8000/u200/d0.5,no,896,560,C=100.0,0.7238,0.7148
search-length,896,whole-pool/e16000/u200/d0.5,no,896,577,C=0.3,0.7176,0.7073
search-length,896,whole-pool/e16000/u400/d0.5,no,896,552,C=30.0,0.7346,0.7146
search-length,1024,top256/e4000/u100/d0.5,yes,1024,226,C=0.3,0.7387,0.7238
search-length,1024,top256/e8000/u200/d0.5,no,1024,231,C=3.0,0.7395,0.7237
search-length,1024,top256/e16000/u200/d0.5,no,1024,231,C=0.3,0.7438,0.7241
search-length,1024,top256/e16000/u400/d0.5,no,1024,225,C=1.0,0.7397,0.7244
search-length,1024,top512/e4000/u100/d0.5,yes,1024,383,C=10.0,0.7467,0.729
search-length,1024,top512/e8000/u200/d0.5,no,1024,384,C=1.0,0.749,0.7254
search-length,1024,top512/e16000/u200/d0.5,no,1024,387,C=10.0,0.747,0.7305
search-length,1024,top512/e16000/u400/d0.5,no,1024,387,C=3.0,0.7444,0.7246
search-length,1024,whole-pool/e4000/u100/d0.5,yes,1024,621,C=1.0,0.7381,0.7205
search-length,1024,whole-pool/e8000/u200/d0.5,no,1024,608,C=3.0,0.7376,0.7224
search-length,1024,whole-pool/e16000/u200/d0.5,no,1024,640,C=100.0,0.7384,0.7216
search-length,1024,whole-pool/e16000/u400/d0.5,no,1024,622,C=0.3,0.7411,0.7237
