budget,arm,scaling,features_dict,bias,mp_atoms,code,intercept_values,scaling_values,deployed_values,deployed_bits,stored_values,features,class_atoms,feature_atoms,structure,val_accuracy,test_accuracy,test_delta,delta_lo,delta_hi,steps
64,zbuck/pairs256/free,zbuck,pairs256,free,0,64,44,10,118,5966,108,79,16384,65792,C=1.0,0.506,0.4905,-0.0109,-0.0233,0.0014,300
64,zbuck/pairs256/none,zbuck,pairs256,none,0,64,44,11,119,5976,64,71,16384,65792,C=0.1,0.49,0.4703,-0.0311,-0.044,-0.0186,300
64,zbuck/pairsbuck/free,zbuck,pairsbuck,free,0,64,44,0,108,5415,108,82,16384,6478,C=0.1,0.4956,0.4721,-0.0293,-0.0422,-0.0168,300
64,zbuck/pairsbuck/none,zbuck,pairsbuck,none,0,64,44,0,108,5405,64,79,16384,6478,C=0.1,0.5003,0.4798,-0.0216,-0.0346,-0.0086,300
64,zbuck/pairsbuck/none+mp16,zbuck,pairsbuck,coded,16,80,0,0,80,4935,80,79,16384,6479,C=3.0,0.3671,0.3648,-0.1366,-0.15,-0.1238,300
64,zbuck/pairsbuck/none+mp32,zbuck,pairsbuck,coded,32,96,0,0,96,5874,96,79,16384,6479,C=100.0,0.3925,0.3716,-0.1298,-0.143,-0.1163,300
64,zbuck/pairsbuck/none+mp4,zbuck,pairsbuck,coded,4,68,0,0,68,4231,68,79,16384,6479,C=10.0,0.3213,0.3133,-0.1881,-0.2024,-0.1751,300
64,zbuck/pairsbuck/none+mp8,zbuck,pairsbuck,coded,8,72,0,0,72,4466,72,79,16384,6479,C=1.0,0.34,0.3408,-0.1606,-0.1741,-0.1473,300
64,zscore/identity/free,zscore,identity,free,0,64,44,0,108,4928,108,56,16384,512,C=10.0,0.5057,0.49,-0.0114,-0.0241,0.0006,300
64,zscore/identity/none,zscore,identity,none,0,64,44,0,108,4928,64,55,16384,512,C=3.0,0.4887,0.4732,-0.0282,-0.0411,-0.0156,300
64,zscore/identity/none+mp16,zscore,identity,coded,16,80,0,0,80,4400,80,55,16384,513,C=30.0,0.4843,0.4689,-0.0325,-0.0451,-0.0202,300
64,zscore/identity/none+mp32,zscore,identity,coded,32,96,0,0,96,5280,96,55,16384,513,C=30.0,0.4694,0.4506,-0.0508,-0.0635,-0.0386,300
64,zscore/identity/none+mp4,zscore,identity,coded,4,68,0,0,68,3740,68,55,16384,513,C=30.0,0.3032,0.2979,-0.2035,-0.2172,-0.1906,300
64,zscore/identity/none+mp8,zscore,identity,coded,8,72,0,0,72,3960,72,55,16384,513,C=30.0,0.427,0.4133,-0.0881,-0.1008,-0.0754,300
64,zscore/pairs256/free,zscore,pairs256,free,0,64,44,59,167,7264,108,90,16384,65792,C=0.1,0.5178,0.5014,0.0,0.0,0.0,300
64,zscore/pairs256/none,zscore,pairs256,none,0,64,44,57,165,7200,64,86,16384,65792,C=0.1,0.5129,0.501,-0.0004,-0.0124,0.011,300
96,zbuck/pairs256/free,zbuck,pairs256,free,0,96,44,11,151,8060,140,103,16384,65792,C=0.3,0.586,0.571,-0.01,-0.0219,0.0019,300
96,zbuck/pairs256/none,zbuck,pairs256,none,0,96,44,11,151,8024,96,91,16384,65792,C=0.3,0.5649,0.546,-0.035,-0.0463,-0.0232,300
96,zbuck/pairsbuck/free,zbuck,pairsbuck,free,0,96,44,0,140,7342,140,102,16384,6478,C=3.0,0.5552,0.5419,-0.0391,-0.051,-0.0276,300
96,zbuck/pairsbuck/none,zbuck,pairsbuck,none,0,96,44,0,140,7365,96,104,16384,6478,C=0.1,0.5411,0.5319,-0.0491,-0.0606,-0.0371,300
96,zbuck/pairsbuck/none+mp16,zbuck,pairsbuck,coded,16,112,0,0,112,6896,112,104,16384,6479,C=100.0,0.4762,0.4648,-0.1162,-0.1287,-0.1037,300
96,zbuck/pairsbuck/none+mp32,zbuck,pairsbuck,coded,32,128,0,0,128,7834,128,104,16384,6479,C=100.0,0.49,0.477,-0.104,-0.1162,-0.0916,300
96,zbuck/pairsbuck/none+mp4,zbuck,pairsbuck,coded,4,100,0,0,100,6192,100,104,16384,6479,C=30.0,0.4008,0.3902,-0.1908,-0.204,-0.1778,300
96,zbuck/pairsbuck/none+mp8,zbuck,pairsbuck,coded,8,104,0,0,104,6426,104,104,16384,6479,C=30.0,0.4354,0.4246,-0.1564,-0.1694,-0.1436,300
96,zscore/identity/free,zscore,identity,free,0,96,44,0,140,6688,140,77,16384,512,C=0.3,0.5622,0.5478,-0.0332,-0.0456,-0.0211,300
96,zscore/identity/none,zscore,identity,none,0,96,44,0,140,6688,96,77,16384,512,C=0.1,0.5513,0.5365,-0.0445,-0.0557,-0.0322,300
96,zscore/identity/none+mp16,zscore,identity,coded,16,112,0,0,112,6160,112,77,16384,513,C=30.0,0.4814,0.4606,-0.1204,-0.1325,-0.1076,300
96,zscore/identity/none+mp32,zscore,identity,coded,32,128,0,0,128,7040,128,77,16384,513,C=30.0,0.5037,0.4905,-0.0905,-0.1021,-0.0783,300
96,zscore/identity/none+mp4,zscore,identity,coded,4,100,0,0,100,5500,100,77,16384,513,C=30.0,0.424,0.417,-0.164,-0.1763,-0.151,300
96,zscore/identity/none+mp8,zscore,identity,coded,8,104,0,0,104,5720,104,77,16384,513,C=100.0,0.4943,0.4771,-0.1039,-0.1162,-0.0914,300
96,zscore/pairs256/free,zscore,pairs256,free,0,96,44,90,230,10241,140,121,16384,65792,C=3.0,0.6011,0.581,0.0,0.0,0.0,300
96,zscore/pairs256/none,zscore,pairs256,none,0,96,44,79,219,9889,96,118,16384,65792,C=0.3,0.5752,0.5641,-0.0169,-0.0283,-0.0056,300
128,zbuck/pairs256/free,zbuck,pairs256,free,0,128,44,11,183,10120,172,122,16384,65792,C=1.0,0.6098,0.5873,-0.0373,-0.0489,-0.026,300
128,zbuck/pairs256/none,zbuck,pairs256,none,0,128,44,11,183,10105,128,119,16384,65792,C=1.0,0.6035,0.5938,-0.0308,-0.0424,-0.0194,300
128,zbuck/pairsbuck/free,zbuck,pairsbuck,free,0,128,44,0,172,9292,172,123,16384,6478,C=3.0,0.6163,0.5971,-0.0275,-0.0386,-0.0165,300
128,zbuck/pairsbuck/none,zbuck,pairsbuck,none,0,128,44,0,172,9321,128,126,16384,6478,C=0.3,0.5921,0.5681,-0.0565,-0.0681,-0.0451,300
128,zbuck/pairsbuck/none+mp16,zbuck,pairsbuck,coded,16,144,0,0,144,8852,144,126,16384,6479,C=10.0,0.531,0.5117,-0.1129,-0.1256,-0.1005,300
128,zbuck/pairsbuck/none+mp32,zbuck,pairsbuck,coded,32,160,0,0,160,9791,160,126,16384,6479,C=10.0,0.5259,0.5089,-0.1157,-0.1287,-0.1038,300
128,zbuck/pairsbuck/none+mp4,zbuck,pairsbuck,coded,4,132,0,0,132,8148,132,126,16384,6479,C=30.0,0.5252,0.5049,-0.1197,-0.1321,-0.1075,300
128,zbuck/pairsbuck/none+mp8,zbuck,pairsbuck,coded,8,136,0,0,136,8383,136,126,16384,6479,C=100.0,0.5244,0.5033,-0.1213,-0.1335,-0.1087,300
128,zscore/identity/free,zscore,identity,free,0,128,44,0,172,8448,172,109,16384,512,C=30.0,0.6079,0.5908,-0.0338,-0.0449,-0.0222,300
128,zscore/identity/none,zscore,identity,none,0,128,44,0,172,8448,128,105,16384,512,C=0.1,0.599,0.5906,-0.034,-0.0454,-0.0222,300
128,zscore/identity/none+mp16,zscore,identity,coded,16,144,0,0,144,7920,144,105,16384,513,C=30.0,0.4975,0.4817,-0.1429,-0.1557,-0.13,300
128,zscore/identity/none+mp32,zscore,identity,coded,32,160,0,0,160,8800,160,105,16384,513,C=0.3,0.526,0.51,-0.1146,-0.127,-0.1019,300
128,zscore/identity/none+mp4,zscore,identity,coded,4,132,0,0,132,7260,132,105,16384,513,C=1.0,0.4625,0.453,-0.1716,-0.1841,-0.1584,300
128,zscore/identity/none+mp8,zscore,identity,coded,8,136,0,0,136,7480,136,105,16384,513,C=0.3,0.4716,0.46,-0.1646,-0.1779,-0.1517,300
128,zscore/pairs256/free,zscore,pairs256,free,0,128,44,116,288,13057,172,143,16384,65792,C=0.1,0.6427,0.6246,0.0,0.0,0.0,300
128,zscore/pairs256/none,zscore,pairs256,none,0,128,44,115,287,13025,128,144,16384,65792,C=0.3,0.616,0.5946,-0.03,-0.0411,-0.0189,300
160,raw/identity/coded,raw,identity,coded,0,160,0,0,160,8800,160,1,16384,513,C=0.1,0.0222,0.0252,-0.6273,-0.6389,-0.6149,300
160,scale/identity/coded,scale,identity,coded,0,160,0,0,160,8800,160,2,16384,513,C=0.1,0.0286,0.03,-0.6225,-0.6349,-0.6097,300
160,zbuck/pairs256/free,zbuck,pairs256,free,0,160,44,12,216,12231,204,145,16384,65792,C=10.0,0.6575,0.6357,-0.0168,-0.0281,-0.006,300
160,zbuck/pairs256/none,zbuck,pairs256,none,0,160,44,11,215,12161,160,140,16384,65792,C=3.0,0.6325,0.6194,-0.0331,-0.044,-0.0222,300
160,zbuck/pairsbuck/free,zbuck,pairsbuck,free,0,160,44,0,204,11199,204,141,16384,6478,C=0.1,0.6325,0.6225,-0.03,-0.0408,-0.019,300
160,zbuck/pairsbuck/none,zbuck,pairsbuck,none,0,160,44,0,204,11212,160,136,16384,6478,C=3.0,0.6303,0.6148,-0.0377,-0.049,-0.0265,300
160,zbuck/pairsbuck/none+mp16,zbuck,pairsbuck,coded,16,176,0,0,176,10743,176,136,16384,6479,C=30.0,0.5708,0.5562,-0.0963,-0.1084,-0.0848,300
160,zbuck/pairsbuck/none+mp32,zbuck,pairsbuck,coded,32,192,0,0,192,11682,192,136,16384,6479,C=10.0,0.5698,0.5552,-0.0973,-0.1095,-0.0854,300
160,zbuck/pairsbuck/none+mp4,zbuck,pairsbuck,coded,4,164,0,0,164,10039,164,136,16384,6479,C=3.0,0.5346,0.5227,-0.1298,-0.1419,-0.1173,300
160,zbuck/pairsbuck/none+mp8,zbuck,pairsbuck,coded,8,168,0,0,168,10274,168,136,16384,6479,C=10.0,0.5541,0.5446,-0.1079,-0.1195,-0.0954,300
160,zfam/pairsfam/none,zfam,pairsfam,none,0,160,1,0,161,9274,160,1,16384,3476,C=0.1,0.0344,0.0398,-0.6127,-0.6246,-0.6,300
160,zscore/identity/free,zscore,identity,free,0,160,44,0,204,10208,204,130,16384,512,C=1.0,0.6271,0.6149,-0.0376,-0.0483,-0.0268,300
160,zscore/identity/none,zscore,identity,none,0,160,44,0,204,10208,160,127,16384,512,C=0.1,0.63,0.61,-0.0425,-0.0529,-0.0319,300
160,zscore/identity/none+mp16,zscore,identity,coded,16,176,0,0,176,9680,176,127,16384,513,C=100.0,0.5771,0.5562,-0.0963,-0.1078,-0.0844,300
160,zscore/identity/none+mp32,zscore,identity,coded,32,192,0,0,192,10561,192,127,16384,513,C=10.0,0.5857,0.5606,-0.0919,-0.1033,-0.08,300
160,zscore/identity/none+mp4,zscore,identity,coded,4,164,0,0,164,9020,164,127,16384,513,C=10.0,0.5744,0.5543,-0.0982,-0.1098,-0.0868,300
160,zscore/identity/none+mp8,zscore,identity,coded,8,168,0,0,168,9240,168,127,16384,513,C=3.0,0.5667,0.5456,-0.1069,-0.1183,-0.0956,300
160,zscore/pairs256/free,zscore,pairs256,free,0,160,44,140,344,15809,204,164,16384,65792,C=0.3,0.6667,0.6525,0.0,0.0,0.0,300
160,zscore/pairs256/none,zscore,pairs256,none,0,160,44,140,344,15809,160,161,16384,65792,C=0.1,0.6533,0.6287,-0.0238,-0.034,-0.013,300
176,zbuck/pairs256/free,zbuck,pairs256,free,0,176,44,11,231,13196,220,158,16384,65792,C=0.1,0.6573,0.6416,-0.0062,-0.0171,0.004,300
176,zbuck/pairs256/none,zbuck,pairs256,none,0,176,44,11,231,13164,176,144,16384,65792,C=0.1,0.6413,0.6214,-0.0264,-0.0373,-0.0157,300
176,zbuck/pairsbuck/free,zbuck,pairsbuck,free,0,176,44,0,220,12213,220,152,16384,6478,C=3.0,0.6548,0.6356,-0.0122,-0.023,-0.001,300
176,zbuck/pairsbuck/none,zbuck,pairsbuck,none,0,176,44,0,220,12224,176,155,16384,6478,C=0.1,0.6379,0.6217,-0.0261,-0.0371,-0.0144,300
176,zbuck/pairsbuck/none+mp16,zbuck,pairsbuck,coded,16,192,0,0,192,11754,192,155,16384,6479,C=3.0,0.5802,0.5659,-0.0819,-0.0935,-0.0695,300
176,zbuck/pairsbuck/none+mp32,zbuck,pairsbuck,coded,32,208,0,0,208,12693,208,155,16384,6479,C=3.0,0.5762,0.5683,-0.0795,-0.0908,-0.0673,300
176,zbuck/pairsbuck/none+mp4,zbuck,pairsbuck,coded,4,180,0,0,180,11050,180,155,16384,6479,C=100.0,0.5698,0.5525,-0.0953,-0.107,-0.0836,300
176,zbuck/pairsbuck/none+mp8,zbuck,pairsbuck,coded,8,184,0,0,184,11285,184,155,16384,6479,C=30.0,0.5689,0.5578,-0.09,-0.1018,-0.0771,300
176,zscore/identity/free,zscore,identity,free,0,176,44,0,220,11088,220,137,16384,512,C=0.3,0.6419,0.6265,-0.0213,-0.0322,-0.0102,300
176,zscore/identity/none,zscore,identity,none,0,176,44,0,220,11088,176,134,16384,512,C=0.1,0.63,0.6171,-0.0307,-0.0416,-0.0197,300
176,zscore/identity/none+mp16,zscore,identity,coded,16,192,0,0,192,10561,192,134,16384,513,C=1.0,0.5449,0.5357,-0.1121,-0.1248,-0.0997,300
176,zscore/identity/none+mp32,zscore,identity,coded,32,208,0,0,208,11441,208,134,16384,513,C=10.0,0.5616,0.5492,-0.0986,-0.111,-0.0862,300
176,zscore/identity/none+mp4,zscore,identity,coded,4,180,0,0,180,9901,180,134,16384,513,C=1.0,0.5351,0.5227,-0.1251,-0.1376,-0.1127,300
176,zscore/identity/none+mp8,zscore,identity,coded,8,184,0,0,184,10121,184,134,16384,513,C=30.0,0.5368,0.5241,-0.1237,-0.136,-0.1108,300
176,zscore/pairs256/free,zscore,pairs256,free,0,176,44,155,375,17281,220,177,16384,65792,C=0.3,0.6752,0.6478,0.0,0.0,0.0,300
176,zscore/pairs256/none,zscore,pairs256,none,0,176,44,152,372,17185,176,171,16384,65792,C=0.1,0.6598,0.6405,-0.0073,-0.0179,0.0033,300
192,zbuck/pairs256/free,zbuck,pairs256,free,0,192,44,11,247,14185,236,158,16384,65792,C=1.0,0.674,0.6479,-0.0148,-0.026,-0.0043,300
192,zbuck/pairs256/free,zbuck,pairs256,free,0,192,44,11,247,14185,236,158,16384,65792,C=1.0,0.674,0.6479,0.0,0.0,0.0,4000
192,zbuck/pairs256/free+mp16,zbuck,pairs256,coded,16,208,0,11,219,13769,208,158,16384,65793,C=100.0,0.6717,0.6487,0.0,0.0,0.0,4000
192,zbuck/pairs256/free+mp32,zbuck,pairs256,coded,32,224,0,11,235,14761,224,158,16384,65793,C=100.0,0.6729,0.6468,0.0,0.0,0.0,4000
192,zbuck/pairs256/free+mp8,zbuck,pairs256,coded,8,200,0,11,211,13273,200,158,16384,65793,C=100.0,0.6535,0.6373,0.0,0.0,0.0,4000
192,zbuck/pairs256/none,zbuck,pairs256,none,0,192,44,11,247,14205,192,157,16384,65792,C=0.1,0.6584,0.6349,-0.0278,-0.0386,-0.017,300
192,zbuck/pairsbuck/free,zbuck,pairsbuck,free,0,192,44,0,236,13159,236,159,16384,6478,C=3.0,0.6708,0.6395,-0.0232,-0.0337,-0.0113,300
192,zbuck/pairsbuck/free,zbuck,pairsbuck,free,0,192,44,0,236,13159,236,159,16384,6478,C=3.0,0.6708,0.6395,0.0,0.0,0.0,4000
192,zbuck/pairsbuck/free+mp16,zbuck,pairsbuck,coded,16,208,0,0,208,12689,208,159,16384,6479,C=100.0,0.6646,0.6392,0.0,0.0,0.0,4000
192,zbuck/pairsbuck/free+mp32,zbuck,pairsbuck,coded,32,224,0,0,224,13628,224,159,16384,6479,C=100.0,0.6694,0.6373,0.0,0.0,0.0,4000
192,zbuck/pairsbuck/free+mp8,zbuck,pairsbuck,coded,8,200,0,0,200,12220,200,159,16384,6479,C=100.0,0.6568,0.6287,0.0,0.0,0.0,4000
192,zbuck/pairsbuck/none,zbuck,pairsbuck,none,0,192,44,0,236,13131,192,152,16384,6478,C=0.1,0.6437,0.63,-0.0327,-0.044,-0.0216,300
192,zbuck/pairsbuck/none+mp16,zbuck,pairsbuck,coded,16,208,0,0,208,12662,208,152,16384,6479,C=1.0,0.5717,0.563,-0.0997,-0.1121,-0.0873,300
192,zbuck/pairsbuck/none+mp32,zbuck,pairsbuck,coded,32,224,0,0,224,13600,224,152,16384,6479,C=3.0,0.5892,0.5721,-0.0906,-0.1027,-0.0784,300
192,zbuck/pairsbuck/none+mp4,zbuck,pairsbuck,coded,4,196,0,0,196,11958,196,152,16384,6479,C=10.0,0.5676,0.5603,-0.1024,-0.1149,-0.09,300
192,zbuck/pairsbuck/none+mp8,zbuck,pairsbuck,coded,8,200,0,0,200,12192,200,152,16384,6479,C=3.0,0.573,0.5602,-0.1025,-0.1151,-0.09,300
192,zscore/identity/free,zscore,identity,free,0,192,44,0,236,11968,236,141,16384,512,C=1.0,0.656,0.6279,-0.0348,-0.0459,-0.0235,300
192,zscore/identity/none,zscore,identity,none,0,192,44,0,236,11968,192,147,16384,512,C=3.0,0.6486,0.6292,-0.0335,-0.0441,-0.0225,300
192,zscore/identity/none+mp16,zscore,identity,coded,16,208,0,0,208,11441,208,147,16384,513,C=10.0,0.5884,0.5586,-0.1041,-0.1164,-0.0919,300
192,zscore/identity/none+mp32,zscore,identity,coded,32,224,0,0,224,12321,224,147,16384,513,C=30.0,0.5987,0.5717,-0.091,-0.1025,-0.079,300
192,zscore/identity/none+mp4,zscore,identity,coded,4,196,0,0,196,10781,196,147,16384,513,C=100.0,0.5678,0.5414,-0.1213,-0.1332,-0.1084,300
192,zscore/identity/none+mp8,zscore,identity,coded,8,200,0,0,200,11001,200,147,16384,513,C=3.0,0.5854,0.5535,-0.1092,-0.121,-0.0967,300
192,zscore/pairs256/free,zscore,pairs256,free,0,192,44,156,392,18305,236,188,16384,65792,C=0.1,0.6865,0.6627,0.0,0.0,0.0,300
192,zscore/pairs256/none,zscore,pairs256,none,0,192,44,158,394,18369,192,176,16384,65792,C=0.1,0.6675,0.6465,-0.0162,-0.0268,-0.0054,300
208,zbuck/pairs256/free,zbuck,pairs256,free,0,208,44,11,263,15173,252,156,16384,65792,C=0.1,0.6775,0.6687,-0.0065,-0.0171,0.0038,300
208,zbuck/pairs256/free,zbuck,pairs256,free,0,208,44,11,263,15173,252,156,16384,65792,C=0.1,0.6775,0.6687,0.0,0.0,0.0,4000
208,zbuck/pairs256/free+mp16,zbuck,pairs256,coded,16,224,0,11,235,14757,224,156,16384,65793,C=100.0,0.6719,0.6629,0.0,0.0,0.0,4000
208,zbuck/pairs256/free+mp32,zbuck,pairs256,coded,32,240,0,11,251,15750,240,156,16384,65793,C=100.0,0.6694,0.6621,0.0,0.0,0.0,4000
208,zbuck/pairs256/free+mp8,zbuck,pairs256,coded,8,216,0,11,227,14261,216,156,16384,65793,C=100.0,0.6627,0.6556,0.0,0.0,0.0,4000
208,zbuck/pairs256/none,zbuck,pairs256,none,0,208,44,13,265,15292,208,162,16384,65792,C=0.1,0.6633,0.6398,-0.0354,-0.046,-0.0254,300
208,zbuck/pairsbuck/free,zbuck,pairsbuck,free,0,208,44,0,252,14125,252,169,16384,6478,C=1.0,0.6738,0.6579,-0.0173,-0.0276,-0.007,300
208,zbuck/pairsbuck/free,zbuck,pairsbuck,free,0,208,44,0,252,14125,252,169,16384,6478,C=1.0,0.6738,0.6579,0.0,0.0,0.0,4000
208,zbuck/pairsbuck/free+mp16,zbuck,pairsbuck,coded,16,224,0,0,224,13656,224,169,16384,6479,C=30.0,0.6735,0.654,0.0,0.0,0.0,4000
208,zbuck/pairsbuck/free+mp32,zbuck,pairsbuck,coded,32,240,0,0,240,14594,240,169,16384,6479,C=30.0,0.6716,0.6505,0.0,0.0,0.0,4000
208,zbuck/pairsbuck/free+mp8,zbuck,pairsbuck,coded,8,216,0,0,216,13186,216,169,16384,6479,C=100.0,0.6716,0.6502,0.0,0.0,0.0,4000
208,zbuck/pairsbuck/none,zbuck,pairsbuck,none,0,208,44,0,252,14098,208,167,16384,6478,C=0.3,0.6562,0.6329,-0.0423,-0.053,-0.0319,300
208,zbuck/pairsbuck/none,zbuck,pairsbuck,none,0,208,44,0,252,14098,208,167,16384,6478,C=0.3,0.6562,0.6329,0.0,0.0,0.0,1200
208,zbuck/pairsbuck/none,zbuck,pairsbuck,none,0,208,44,0,252,14098,208,167,16384,6478,C=0.3,0.6562,0.6329,0.0,0.0,0.0,4000
208,zbuck/pairsbuck/none+mp16,zbuck,pairsbuck,coded,16,224,0,0,224,13629,224,167,16384,6479,C=1.0,0.5887,0.5613,-0.1139,-0.1264,-0.1019,300
208,zbuck/pairsbuck/none+mp16,zbuck,pairsbuck,coded,16,224,0,0,224,13629,224,167,16384,6479,C=30.0,0.6456,0.6283,0.0,0.0,0.0,1200
208,zbuck/pairsbuck/none+mp16,zbuck,pairsbuck,coded,16,224,0,0,224,13629,224,167,16384,6479,C=100.0,0.6629,0.6476,0.0,0.0,0.0,4000
208,zbuck/pairsbuck/none+mp32,zbuck,pairsbuck,coded,32,240,0,0,240,14567,240,167,16384,6479,C=30.0,0.5892,0.5663,-0.1089,-0.1214,-0.0971,300
208,zbuck/pairsbuck/none+mp32,zbuck,pairsbuck,coded,32,240,0,0,240,14567,240,167,16384,6479,C=100.0,0.6398,0.6257,0.0,0.0,0.0,1200
208,zbuck/pairsbuck/none+mp32,zbuck,pairsbuck,coded,32,240,0,0,240,14567,240,167,16384,6479,C=30.0,0.6589,0.6414,0.0,0.0,0.0,4000
208,zbuck/pairsbuck/none+mp4,zbuck,pairsbuck,coded,4,212,0,0,212,12925,212,167,16384,6479,C=3.0,0.5837,0.5603,-0.1149,-0.127,-0.1027,300
208,zbuck/pairsbuck/none+mp4,zbuck,pairsbuck,coded,4,212,0,0,212,12925,212,167,16384,6479,C=10.0,0.6038,0.5827,0.0,0.0,0.0,1200
208,zbuck/pairsbuck/none+mp4,zbuck,pairsbuck,coded,4,212,0,0,212,12925,212,167,16384,6479,C=10.0,0.6038,0.5827,0.0,0.0,0.0,4000
208,zbuck/pairsbuck/none+mp44,zbuck,pairsbuck,coded,44,252,0,0,252,15271,252,167,16384,6479,C=1.0,0.5943,0.5695,-0.1057,-0.1183,-0.094,300
208,zbuck/pairsbuck/none+mp44,zbuck,pairsbuck,coded,44,252,0,0,252,15271,252,167,16384,6479,C=100.0,0.644,0.6263,0.0,0.0,0.0,1200
208,zbuck/pairsbuck/none+mp44,zbuck,pairsbuck,coded,44,252,0,0,252,15271,252,167,16384,6479,C=100.0,0.6622,0.6444,0.0,0.0,0.0,4000
208,zbuck/pairsbuck/none+mp8,zbuck,pairsbuck,coded,8,216,0,0,216,13159,216,167,16384,6479,C=30.0,0.5849,0.5619,-0.1133,-0.1257,-0.1014,300
208,zbuck/pairsbuck/none+mp8,zbuck,pairsbuck,coded,8,216,0,0,216,13159,216,167,16384,6479,C=100.0,0.6414,0.6262,0.0,0.0,0.0,1200
208,zbuck/pairsbuck/none+mp8,zbuck,pairsbuck,coded,8,216,0,0,216,13159,216,167,16384,6479,C=100.0,0.6508,0.6319,0.0,0.0,0.0,4000
208,zbuck/pairsbuck/none+mpu16,zbuck,pairsbuck,coded,16,224,0,0,224,13629,224,167,16384,6479,C=3.0,0.5883,0.5649,-0.1103,-0.1227,-0.0987,300
208,zbuck/pairsbuck/none+mpu16,zbuck,pairsbuck,coded,16,224,0,0,224,13629,224,167,16384,6479,C=0.1,0.6486,0.6329,0.0,0.0,0.0,1200
208,zbuck/pairsbuck/none+mpu32,zbuck,pairsbuck,coded,32,240,0,0,240,14567,240,167,16384,6479,C=0.1,0.5937,0.5695,-0.1057,-0.1181,-0.094,300
208,zbuck/pairsbuck/none+mpu32,zbuck,pairsbuck,coded,32,240,0,0,240,14567,240,167,16384,6479,C=0.3,0.6395,0.6257,0.0,0.0,0.0,1200
208,zbuck/pairsbuck/none+mpu4,zbuck,pairsbuck,coded,4,212,0,0,212,12925,212,167,16384,6479,C=1.0,0.5829,0.5605,-0.1147,-0.127,-0.1025,300
208,zbuck/pairsbuck/none+mpu4,zbuck,pairsbuck,coded,4,212,0,0,212,12925,212,167,16384,6479,C=30.0,0.6056,0.5876,0.0,0.0,0.0,1200
208,zbuck/pairsbuck/none+mpu44,zbuck,pairsbuck,coded,44,252,0,0,252,15271,252,167,16384,6479,C=1.0,0.5916,0.5694,-0.1058,-0.1183,-0.0941,300
208,zbuck/pairsbuck/none+mpu44,zbuck,pairsbuck,coded,44,252,0,0,252,15271,252,167,16384,6479,C=1.0,0.6446,0.6284,0.0,0.0,0.0,1200
208,zbuck/pairsbuck/none+mpu8,zbuck,pairsbuck,coded,8,216,0,0,216,13159,216,167,16384,6479,C=0.1,0.5852,0.561,-0.1142,-0.1268,-0.1024,300
208,zbuck/pairsbuck/none+mpu8,zbuck,pairsbuck,coded,8,216,0,0,216,13159,216,167,16384,6479,C=1.0,0.6413,0.6237,0.0,0.0,0.0,1200
208,zscore/identity/free,zscore,identity,free,0,208,44,0,252,12848,252,156,16384,512,C=0.1,0.661,0.6419,-0.0333,-0.0435,-0.0227,300
208,zscore/identity/none,zscore,identity,none,0,208,44,0,252,12848,208,150,16384,512,C=0.1,0.6638,0.6446,-0.0306,-0.0411,-0.02,300
208,zscore/identity/none,zscore,identity,none,0,208,44,0,252,12848,208,150,16384,512,C=0.1,0.6638,0.6446,0.0,0.0,0.0,1200
208,zscore/identity/none,zscore,identity,none,0,208,44,0,252,12848,208,150,16384,512,C=0.1,0.6638,0.6446,0.0,0.0,0.0,4000
208,zscore/identity/none+mp16,zscore,identity,coded,16,224,0,0,224,12321,224,150,16384,513,C=10.0,0.5757,0.5603,-0.1149,-0.1263,-0.1033,300
208,zscore/identity/none+mp16,zscore,identity,coded,16,224,0,0,224,12321,224,150,16384,513,C=10.0,0.6333,0.6156,0.0,0.0,0.0,1200
208,zscore/identity/none+mp16,zscore,identity,coded,16,224,0,0,224,12321,224,150,16384,513,C=100.0,0.6587,0.6427,0.0,0.0,0.0,4000
208,zscore/identity/none+mp32,zscore,identity,coded,32,240,0,0,240,13201,240,150,16384,513,C=3.0,0.58,0.5603,-0.1149,-0.1267,-0.1036,300
208,zscore/identity/none+mp32,zscore,identity,coded,32,240,0,0,240,13201,240,150,16384,513,C=100.0,0.6363,0.6192,0.0,0.0,0.0,1200
208,zscore/identity/none+mp32,zscore,identity,coded,32,240,0,0,240,13201,240,150,16384,513,C=100.0,0.6622,0.6459,0.0,0.0,0.0,4000
208,zscore/identity/none+mp4,zscore,identity,coded,4,212,0,0,212,11661,212,150,16384,513,C=0.1,0.5644,0.5427,-0.1325,-0.1446,-0.1211,300
208,zscore/identity/none+mp4,zscore,identity,coded,4,212,0,0,212,11661,212,150,16384,513,C=100.0,0.5759,0.563,0.0,0.0,0.0,1200
208,zscore/identity/none+mp4,zscore,identity,coded,4,212,0,0,212,11661,212,150,16384,513,C=10.0,0.5778,0.56,0.0,0.0,0.0,4000
208,zscore/identity/none+mp44,zscore,identity,coded,44,252,0,0,252,13861,252,150,16384,513,C=30.0,0.5935,0.5743,-0.1009,-0.1127,-0.0898,300
208,zscore/identity/none+mp44,zscore,identity,coded,44,252,0,0,252,13861,252,150,16384,513,C=30.0,0.6435,0.6213,0.0,0.0,0.0,1200
208,zscore/identity/none+mp44,zscore,identity,coded,44,252,0,0,252,13861,252,150,16384,513,C=100.0,0.66,0.646,0.0,0.0,0.0,4000
208,zscore/identity/none+mp8,zscore,identity,coded,8,216,0,0,216,11881,216,150,16384,513,C=0.3,0.5684,0.5503,-0.1249,-0.1368,-0.1133,300
208,zscore/identity/none+mp8,zscore,identity,coded,8,216,0,0,216,11881,216,150,16384,513,C=30.0,0.6248,0.6016,0.0,0.0,0.0,1200
208,zscore/identity/none+mp8,zscore,identity,coded,8,216,0,0,216,11881,216,150,16384,513,C=100.0,0.6417,0.6235,0.0,0.0,0.0,4000
208,zscore/identity/none+mpu16,zscore,identity,coded,16,224,0,0,224,12321,224,150,16384,513,C=1.0,0.5748,0.5576,-0.1176,-0.1294,-0.1062,300
208,zscore/identity/none+mpu16,zscore,identity,coded,16,224,0,0,224,12321,224,150,16384,513,C=0.1,0.6411,0.6251,0.0,0.0,0.0,1200
208,zscore/identity/none+mpu32,zscore,identity,coded,32,240,0,0,240,13201,240,150,16384,513,C=0.1,0.5913,0.5771,-0.0981,-0.1098,-0.0868,300
208,zscore/identity/none+mpu32,zscore,identity,coded,32,240,0,0,240,13201,240,150,16384,513,C=0.1,0.6422,0.6311,0.0,0.0,0.0,1200
208,zscore/identity/none+mpu4,zscore,identity,coded,4,212,0,0,212,11661,212,150,16384,513,C=0.1,0.5646,0.5441,-0.1311,-0.1437,-0.1194,300
208,zscore/identity/none+mpu4,zscore,identity,coded,4,212,0,0,212,11661,212,150,16384,513,C=3.0,0.5787,0.5606,0.0,0.0,0.0,1200
208,zscore/identity/none+mpu44,zscore,identity,coded,44,252,0,0,252,13861,252,150,16384,513,C=1.0,0.5916,0.5711,-0.1041,-0.1165,-0.0929,300
208,zscore/identity/none+mpu44,zscore,identity,coded,44,252,0,0,252,13861,252,150,16384,513,C=30.0,0.6425,0.6205,0.0,0.0,0.0,1200
208,zscore/identity/none+mpu8,zscore,identity,coded,8,216,0,0,216,11881,216,150,16384,513,C=0.1,0.5724,0.5522,-0.123,-0.1351,-0.1117,300
208,zscore/identity/none+mpu8,zscore,identity,coded,8,216,0,0,216,11881,216,150,16384,513,C=0.3,0.6252,0.6073,0.0,0.0,0.0,1200
208,zscore/pairs256/free,zscore,pairs256,free,0,208,44,163,415,19521,252,183,16384,65792,C=3.0,0.6914,0.6752,0.0,0.0,0.0,300
208,zscore/pairs256/none,zscore,pairs256,none,0,208,44,172,424,19809,208,191,16384,65792,C=0.3,0.6803,0.6625,-0.0127,-0.0232,-0.0021,300
224,zbuck/pairs256/free,zbuck,pairs256,free,0,224,44,11,279,16215,268,168,16384,65792,C=0.1,0.6954,0.674,-0.0041,-0.0143,0.0062,300
224,zbuck/pairs256/free,zbuck,pairs256,free,0,224,44,11,279,16215,268,168,16384,65792,C=0.1,0.6954,0.674,0.0,0.0,0.0,4000
224,zbuck/pairs256/free+mp16,zbuck,pairs256,coded,16,240,0,11,251,15800,240,168,16384,65793,C=100.0,0.6935,0.6729,0.0,0.0,0.0,4000
224,zbuck/pairs256/free+mp32,zbuck,pairs256,coded,32,256,0,11,267,16792,256,168,16384,65793,C=100.0,0.6932,0.6749,0.0,0.0,0.0,4000
224,zbuck/pairs256/free+mp8,zbuck,pairs256,coded,8,232,0,11,243,15303,232,168,16384,65793,C=100.0,0.6856,0.6719,0.0,0.0,0.0,4000
224,zbuck/pairs256/none,zbuck,pairs256,none,0,224,44,12,280,16244,224,169,16384,65792,C=0.1,0.6751,0.6575,-0.0206,-0.031,-0.0097,300
224,zbuck/pairsbuck/free,zbuck,pairsbuck,free,0,224,44,0,268,15071,268,173,16384,6478,C=100.0,0.6894,0.6616,-0.0165,-0.0268,-0.0054,300
224,zbuck/pairsbuck/free,zbuck,pairsbuck,free,0,224,44,0,268,15071,268,173,16384,6478,C=100.0,0.6894,0.6616,0.0,0.0,0.0,4000
224,zbuck/pairsbuck/free+mp16,zbuck,pairsbuck,coded,16,240,0,0,240,14601,240,173,16384,6479,C=30.0,0.6822,0.6579,0.0,0.0,0.0,4000
224,zbuck/pairsbuck/free+mp32,zbuck,pairsbuck,coded,32,256,0,0,256,15540,256,173,16384,6479,C=30.0,0.6829,0.6594,0.0,0.0,0.0,4000
224,zbuck/pairsbuck/free+mp8,zbuck,pairsbuck,coded,8,232,0,0,232,14132,232,173,16384,6479,C=30.0,0.663,0.6381,0.0,0.0,0.0,4000
224,zbuck/pairsbuck/none,zbuck,pairsbuck,none,0,224,44,0,268,15097,224,176,16384,6478,C=1.0,0.6667,0.6433,-0.0348,-0.0452,-0.0241,300
224,zbuck/pairsbuck/none+mp16,zbuck,pairsbuck,coded,16,240,0,0,240,14627,240,176,16384,6479,C=30.0,0.584,0.5695,-0.1086,-0.1208,-0.0963,300
224,zbuck/pairsbuck/none+mp32,zbuck,pairsbuck,coded,32,256,0,0,256,15566,256,176,16384,6479,C=1.0,0.5917,0.5711,-0.107,-0.1194,-0.0943,300
224,zbuck/pairsbuck/none+mp4,zbuck,pairsbuck,coded,4,228,0,0,228,13923,228,176,16384,6479,C=10.0,0.5805,0.5694,-0.1087,-0.1208,-0.0963,300
224,zbuck/pairsbuck/none+mp8,zbuck,pairsbuck,coded,8,232,0,0,232,14158,232,176,16384,6479,C=100.0,0.5824,0.5702,-0.1079,-0.1205,-0.0957,300
224,zscore/identity/free,zscore,identity,free,0,224,44,0,268,13728,268,155,16384,512,C=3.0,0.6705,0.6586,-0.0195,-0.03,-0.0084,300
224,zscore/identity/none,zscore,identity,none,0,224,44,0,268,13728,224,149,16384,512,C=0.1,0.6668,0.6429,-0.0352,-0.0459,-0.0249,300
224,zscore/identity/none+mp16,zscore,identity,coded,16,240,0,0,240,13201,240,149,16384,513,C=10.0,0.6308,0.6029,-0.0752,-0.0867,-0.064,300
224,zscore/identity/none+mp32,zscore,identity,coded,32,256,0,0,256,14081,256,149,16384,513,C=1.0,0.6329,0.606,-0.0721,-0.0841,-0.0611,300
224,zscore/identity/none+mp4,zscore,identity,coded,4,228,0,0,228,12541,228,149,16384,513,C=0.3,0.6241,0.5992,-0.0789,-0.0906,-0.0676,300
224,zscore/identity/none+mp8,zscore,identity,coded,8,232,0,0,232,12761,232,149,16384,513,C=100.0,0.6281,0.5976,-0.0805,-0.0922,-0.0694,300
224,zscore/pairs256/free,zscore,pairs256,free,0,224,44,173,441,20833,268,188,16384,65792,C=1.0,0.7068,0.6781,0.0,0.0,0.0,300
224,zscore/pairs256/none,zscore,pairs256,none,0,224,44,171,439,20769,224,189,16384,65792,C=0.1,0.6957,0.6713,-0.0068,-0.0168,0.0029,300
240,zbuck/pairs256/free,zbuck,pairs256,free,0,240,44,12,296,17279,284,177,16384,65792,C=1.0,0.6925,0.676,-0.0113,-0.0222,-0.0006,300
240,zbuck/pairs256/free,zbuck,pairs256,free,0,240,44,12,296,17279,284,177,16384,65792,C=1.0,0.6925,0.676,0.0,0.0,0.0,4000
240,zbuck/pairs256/free+mp16,zbuck,pairs256,coded,16,256,0,12,268,16863,256,177,16384,65793,C=100.0,0.6932,0.6711,0.0,0.0,0.0,4000
240,zbuck/pairs256/free+mp32,zbuck,pairs256,coded,32,272,0,12,284,17855,272,177,16384,65793,C=100.0,0.6922,0.6737,0.0,0.0,0.0,4000
240,zbuck/pairs256/free+mp8,zbuck,pairs256,coded,8,248,0,12,260,16367,248,177,16384,65793,C=100.0,0.6916,0.6713,0.0,0.0,0.0,4000
240,zbuck/pairs256/none,zbuck,pairs256,none,0,240,44,12,296,17275,240,170,16384,65792,C=0.3,0.6824,0.659,-0.0283,-0.0386,-0.0178,300
240,zbuck/pairsbuck/free,zbuck,pairsbuck,free,0,240,44,0,284,16082,284,194,16384,6478,C=100.0,0.689,0.673,-0.0143,-0.0246,-0.0035,300
240,zbuck/pairsbuck/free,zbuck,pairsbuck,free,0,240,44,0,284,16082,284,194,16384,6478,C=100.0,0.689,0.673,0.0,0.0,0.0,4000
240,zbuck/pairsbuck/free+mp16,zbuck,pairsbuck,coded,16,256,0,0,256,15612,256,194,16384,6479,C=30.0,0.6846,0.6711,0.0,0.0,0.0,4000
240,zbuck/pairsbuck/free+mp32,zbuck,pairsbuck,coded,32,272,0,0,272,16551,272,194,16384,6479,C=100.0,0.6843,0.6732,0.0,0.0,0.0,4000
240,zbuck/pairsbuck/free+mp8,zbuck,pairsbuck,coded,8,248,0,0,248,15143,248,194,16384,6479,C=100.0,0.6705,0.6611,0.0,0.0,0.0,4000
240,zbuck/pairsbuck/none,zbuck,pairsbuck,none,0,240,44,0,284,16071,240,178,16384,6478,C=1.0,0.6835,0.6524,-0.0349,-0.046,-0.0238,300
240,zbuck/pairsbuck/none+mp16,zbuck,pairsbuck,coded,16,256,0,0,256,15602,256,178,16384,6479,C=100.0,0.63,0.6035,-0.0838,-0.0954,-0.0719,300
240,zbuck/pairsbuck/none+mp32,zbuck,pairsbuck,coded,32,272,0,0,272,16541,272,178,16384,6479,C=3.0,0.6338,0.6121,-0.0752,-0.0868,-0.0638,300
240,zbuck/pairsbuck/none+mp4,zbuck,pairsbuck,coded,4,244,0,0,244,14898,244,178,16384,6479,C=3.0,0.6257,0.5984,-0.0889,-0.1005,-0.077,300
240,zbuck/pairsbuck/none+mp8,zbuck,pairsbuck,coded,8,248,0,0,248,15133,248,178,16384,6479,C=30.0,0.6286,0.5987,-0.0886,-0.1002,-0.077,300
240,zscore/identity/free,zscore,identity,free,0,240,44,0,284,14608,284,166,16384,512,C=1.0,0.6887,0.6648,-0.0225,-0.033,-0.0122,300
240,zscore/identity/none,zscore,identity,none,0,240,44,0,284,14608,240,174,16384,512,C=0.1,0.6751,0.6498,-0.0375,-0.0483,-0.0278,300
240,zscore/identity/none+mp16,zscore,identity,coded,16,256,0,0,256,14081,256,174,16384,513,C=1.0,0.5962,0.5694,-0.1179,-0.1302,-0.1062,300
240,zscore/identity/none+mp32,zscore,identity,coded,32,272,0,0,272,14961,272,174,16384,513,C=30.0,0.604,0.5765,-0.1108,-0.1227,-0.0994,300
240,zscore/identity/none+mp4,zscore,identity,coded,4,244,0,0,244,13421,244,174,16384,513,C=0.3,0.5937,0.566,-0.1213,-0.1337,-0.1098,300
240,zscore/identity/none+mp8,zscore,identity,coded,8,248,0,0,248,13641,248,174,16384,513,C=30.0,0.5968,0.5684,-0.1189,-0.1313,-0.1071,300
240,zscore/pairs256/free,zscore,pairs256,free,0,240,44,176,460,21921,284,191,16384,65792,C=0.3,0.7111,0.6873,0.0,0.0,0.0,300
240,zscore/pairs256/none,zscore,pairs256,none,0,240,44,183,467,22145,240,198,16384,65792,C=0.1,0.6949,0.6808,-0.0065,-0.017,0.0037,300
256,raw/identity/coded,raw,identity,coded,0,256,0,0,256,14081,256,1,16384,513,C=0.1,0.0222,0.0252,-0.6769,-0.6887,-0.6652,300
256,scale/identity/coded,scale,identity,coded,0,256,0,0,256,14081,256,3,16384,513,C=0.1,0.0186,0.0195,-0.6826,-0.6944,-0.6702,300
256,zbuck/pairs256/free,zbuck,pairs256,free,0,256,44,12,312,18269,300,180,16384,65792,C=30.0,0.7076,0.6765,-0.0256,-0.036,-0.0156,300
256,zbuck/pairs256/none,zbuck,pairs256,none,0,256,44,13,313,18322,256,181,16384,65792,C=3.0,0.6873,0.6665,-0.0356,-0.0462,-0.0256,300
256,zbuck/pairsbuck/free,zbuck,pairsbuck,free,0,256,44,0,300,17003,300,189,16384,6478,C=0.3,0.6975,0.6754,-0.0267,-0.0363,-0.0167,300
256,zbuck/pairsbuck/none,zbuck,pairsbuck,none,0,256,44,0,300,17006,256,185,16384,6478,C=0.3,0.6844,0.6611,-0.041,-0.0516,-0.0306,300
256,zbuck/pairsbuck/none,zbuck,pairsbuck,none,0,256,44,0,300,17006,256,185,16384,6478,C=0.3,0.6844,0.6611,0.0,0.0,0.0,1200
256,zbuck/pairsbuck/none,zbuck,pairsbuck,none,0,256,44,0,300,17006,256,185,16384,6478,C=0.3,0.6844,0.6611,0.0,0.0,0.0,4000
256,zbuck/pairsbuck/none+mp16,zbuck,pairsbuck,coded,16,272,0,0,272,16537,272,185,16384,6479,C=100.0,0.6214,0.6029,-0.0992,-0.1106,-0.0884,300
256,zbuck/pairsbuck/none+mp16,zbuck,pairsbuck,coded,16,272,0,0,272,16537,272,185,16384,6479,C=3.0,0.6573,0.6405,0.0,0.0,0.0,1200
256,zbuck/pairsbuck/none+mp16,zbuck,pairsbuck,coded,16,272,0,0,272,16537,272,185,16384,6479,C=100.0,0.6868,0.6617,0.0,0.0,0.0,4000
256,zbuck/pairsbuck/none+mp32,zbuck,pairsbuck,coded,32,288,0,0,288,17475,288,185,16384,6479,C=10.0,0.6244,0.6014,-0.1007,-0.1119,-0.0894,300
256,zbuck/pairsbuck/none+mp32,zbuck,pairsbuck,coded,32,288,0,0,288,17475,288,185,16384,6479,C=10.0,0.6648,0.6402,0.0,0.0,0.0,1200
256,zbuck/pairsbuck/none+mp32,zbuck,pairsbuck,coded,32,288,0,0,288,17475,288,185,16384,6479,C=100.0,0.6851,0.66,0.0,0.0,0.0,4000
256,zbuck/pairsbuck/none+mp4,zbuck,pairsbuck,coded,4,260,0,0,260,15833,260,185,16384,6479,C=10.0,0.6189,0.5998,-0.1023,-0.114,-0.0911,300
256,zbuck/pairsbuck/none+mp4,zbuck,pairsbuck,coded,4,260,0,0,260,15833,260,185,16384,6479,C=100.0,0.6406,0.6206,0.0,0.0,0.0,1200
256,zbuck/pairsbuck/none+mp4,zbuck,pairsbuck,coded,4,260,0,0,260,15833,260,185,16384,6479,C=100.0,0.6486,0.6238,0.0,0.0,0.0,4000
256,zbuck/pairsbuck/none+mp44,zbuck,pairsbuck,coded,44,300,0,0,300,18179,300,185,16384,6479,C=3.0,0.6238,0.6046,-0.0975,-0.1089,-0.0862,300
256,zbuck/pairsbuck/none+mp44,zbuck,pairsbuck,coded,44,300,0,0,300,18179,300,185,16384,6479,C=100.0,0.6646,0.6446,0.0,0.0,0.0,1200
256,zbuck/pairsbuck/none+mp44,zbuck,pairsbuck,coded,44,300,0,0,300,18179,300,185,16384,6479,C=100.0,0.6848,0.6657,0.0,0.0,0.0,4000
256,zbuck/pairsbuck/none+mp8,zbuck,pairsbuck,coded,8,264,0,0,264,16067,264,185,16384,6479,C=10.0,0.6213,0.6011,-0.101,-0.1125,-0.0898,300
256,zbuck/pairsbuck/none+mp8,zbuck,pairsbuck,coded,8,264,0,0,264,16067,264,185,16384,6479,C=30.0,0.6492,0.6306,0.0,0.0,0.0,1200
256,zbuck/pairsbuck/none+mp8,zbuck,pairsbuck,coded,8,264,0,0,264,16067,264,185,16384,6479,C=100.0,0.6744,0.6524,0.0,0.0,0.0,4000
256,zbuck/pairsbuck/none+mpu16,zbuck,pairsbuck,coded,16,272,0,0,272,16537,272,185,16384,6479,C=0.1,0.6221,0.6016,-0.1005,-0.1121,-0.0889,300
256,zbuck/pairsbuck/none+mpu16,zbuck,pairsbuck,coded,16,272,0,0,272,16537,272,185,16384,6479,C=0.1,0.6622,0.6478,0.0,0.0,0.0,1200
256,zbuck/pairsbuck/none+mpu32,zbuck,pairsbuck,coded,32,288,0,0,288,17475,288,185,16384,6479,C=30.0,0.6232,0.6048,-0.0973,-0.1087,-0.0859,300
256,zbuck/pairsbuck/none+mpu32,zbuck,pairsbuck,coded,32,288,0,0,288,17475,288,185,16384,6479,C=1.0,0.6662,0.6435,0.0,0.0,0.0,1200
256,zbuck/pairsbuck/none+mpu4,zbuck,pairsbuck,coded,4,260,0,0,260,15833,260,185,16384,6479,C=100.0,0.6192,0.6,-0.1021,-0.1137,-0.0908,300
256,zbuck/pairsbuck/none+mpu4,zbuck,pairsbuck,coded,4,260,0,0,260,15833,260,185,16384,6479,C=0.1,0.6425,0.6217,0.0,0.0,0.0,1200
256,zbuck/pairsbuck/none+mpu44,zbuck,pairsbuck,coded,44,300,0,0,300,18179,300,185,16384,6479,C=10.0,0.6235,0.6041,-0.098,-0.1094,-0.0863,300
256,zbuck/pairsbuck/none+mpu44,zbuck,pairsbuck,coded,44,300,0,0,300,18179,300,185,16384,6479,C=30.0,0.6662,0.6422,0.0,0.0,0.0,1200
256,zbuck/pairsbuck/none+mpu8,zbuck,pairsbuck,coded,8,264,0,0,264,16067,264,185,16384,6479,C=1.0,0.6206,0.6011,-0.101,-0.1124,-0.09,300
256,zbuck/pairsbuck/none+mpu8,zbuck,pairsbuck,coded,8,264,0,0,264,16067,264,185,16384,6479,C=0.3,0.6544,0.6383,0.0,0.0,0.0,1200
256,zfam/pairsfam/none,zfam,pairsfam,none,0,256,1,0,257,14819,256,1,16384,3476,C=0.1,0.0344,0.0398,-0.6623,-0.6744,-0.6502,300
256,zscore/identity/free,zscore,identity,free,0,256,44,0,300,15488,300,175,16384,512,C=0.1,0.6884,0.6694,-0.0327,-0.0424,-0.0224,300
256,zscore/identity/none,zscore,identity,none,0,256,44,0,300,15488,256,176,16384,512,C=0.1,0.6816,0.6563,-0.0458,-0.0559,-0.0352,300
256,zscore/identity/none,zscore,identity,none,0,256,44,0,300,15488,256,176,16384,512,C=0.1,0.6816,0.6563,0.0,0.0,0.0,1200
256,zscore/identity/none,zscore,identity,none,0,256,44,0,300,15488,256,176,16384,512,C=0.1,0.6816,0.6563,0.0,0.0,0.0,4000
256,zscore/identity/none+mp16,zscore,identity,coded,16,272,0,0,272,14961,272,176,16384,513,C=1.0,0.6205,0.6011,-0.101,-0.1122,-0.0894,300
256,zscore/identity/none+mp16,zscore,identity,coded,16,272,0,0,272,14961,272,176,16384,513,C=10.0,0.6559,0.6298,0.0,0.0,0.0,1200
256,zscore/identity/none+mp16,zscore,identity,coded,16,272,0,0,272,14961,272,176,16384,513,C=100.0,0.6771,0.6537,0.0,0.0,0.0,4000
256,zscore/identity/none+mp32,zscore,identity,coded,32,288,0,0,288,15841,288,176,16384,513,C=100.0,0.6213,0.6037,-0.0984,-0.11,-0.0865,300
256,zscore/identity/none+mp32,zscore,identity,coded,32,288,0,0,288,15841,288,176,16384,513,C=10.0,0.6527,0.6281,0.0,0.0,0.0,1200
256,zscore/identity/none+mp32,zscore,identity,coded,32,288,0,0,288,15841,288,176,16384,513,C=100.0,0.6805,0.6575,0.0,0.0,0.0,4000
256,zscore/identity/none+mp4,zscore,identity,coded,4,260,0,0,260,14301,260,176,16384,513,C=10.0,0.6203,0.6016,-0.1005,-0.1122,-0.0889,300
256,zscore/identity/none+mp4,zscore,identity,coded,4,260,0,0,260,14301,260,176,16384,513,C=10.0,0.6367,0.6197,0.0,0.0,0.0,1200
256,zscore/identity/none+mp4,zscore,identity,coded,4,260,0,0,260,14301,260,176,16384,513,C=100.0,0.639,0.627,0.0,0.0,0.0,4000
256,zscore/identity/none+mp44,zscore,identity,coded,44,300,0,0,300,16501,300,176,16384,513,C=3.0,0.6243,0.6054,-0.0967,-0.1081,-0.0851,300
256,zscore/identity/none+mp44,zscore,identity,coded,44,300,0,0,300,16501,300,176,16384,513,C=10.0,0.6608,0.637,0.0,0.0,0.0,1200
256,zscore/identity/none+mp44,zscore,identity,coded,44,300,0,0,300,16501,300,176,16384,513,C=30.0,0.6813,0.6548,0.0,0.0,0.0,4000
256,zscore/identity/none+mp8,zscore,identity,coded,8,264,0,0,264,14521,264,176,16384,513,C=10.0,0.6222,0.6019,-0.1002,-0.1114,-0.0884,300
256,zscore/identity/none+mp8,zscore,identity,coded,8,264,0,0,264,14521,264,176,16384,513,C=100.0,0.6508,0.6263,0.0,0.0,0.0,1200
256,zscore/identity/none+mp8,zscore,identity,coded,8,264,0,0,264,14521,264,176,16384,513,C=100.0,0.6802,0.653,0.0,0.0,0.0,4000
256,zscore/identity/none+mpu16,zscore,identity,coded,16,272,0,0,272,14961,272,176,16384,513,C=10.0,0.6208,0.6033,-0.0988,-0.11,-0.0871,300
256,zscore/identity/none+mpu16,zscore,identity,coded,16,272,0,0,272,14961,272,176,16384,513,C=0.3,0.656,0.6327,0.0,0.0,0.0,1200
256,zscore/identity/none+mpu32,zscore,identity,coded,32,288,0,0,288,15841,288,176,16384,513,C=3.0,0.6227,0.6046,-0.0975,-0.1089,-0.0859,300
256,zscore/identity/none+mpu32,zscore,identity,coded,32,288,0,0,288,15841,288,176,16384,513,C=0.1,0.6575,0.6295,0.0,0.0,0.0,1200
256,zscore/identity/none+mpu4,zscore,identity,coded,4,260,0,0,260,14301,260,176,16384,513,C=3.0,0.6206,0.6016,-0.1005,-0.1119,-0.0889,300
256,zscore/identity/none+mpu4,zscore,identity,coded,4,260,0,0,260,14301,260,176,16384,513,C=0.1,0.6373,0.6171,0.0,0.0,0.0,1200
256,zscore/identity/none+mpu44,zscore,identity,coded,44,300,0,0,300,16501,300,176,16384,513,C=0.1,0.6241,0.6048,-0.0973,-0.1087,-0.0854,300
256,zscore/identity/none+mpu44,zscore,identity,coded,44,300,0,0,300,16501,300,176,16384,513,C=100.0,0.6643,0.634,0.0,0.0,0.0,1200
256,zscore/identity/none+mpu8,zscore,identity,coded,8,264,0,0,264,14521,264,176,16384,513,C=3.0,0.6195,0.6033,-0.0988,-0.1102,-0.087,300
256,zscore/identity/none+mpu8,zscore,identity,coded,8,264,0,0,264,14521,264,176,16384,513,C=3.0,0.6502,0.6278,0.0,0.0,0.0,1200
256,zscore/pairs256/free,zscore,pairs256,free,0,256,44,187,487,23265,300,209,16384,65792,C=0.1,0.7165,0.7021,0.0,0.0,0.0,300
256,zscore/pairs256/none,zscore,pairs256,none,0,256,44,184,484,23169,256,201,16384,65792,C=0.1,0.7051,0.6886,-0.0135,-0.0229,-0.0037,300
272,zbuck/pairs256/free,zbuck,pairs256,free,0,272,44,11,327,19221,316,190,16384,65792,C=0.1,0.7105,0.6863,-0.01,-0.0202,0.0005,300
272,zbuck/pairs256/none,zbuck,pairs256,none,0,272,44,13,329,19318,272,185,16384,65792,C=0.1,0.6867,0.6656,-0.0307,-0.041,-0.0206,300
272,zbuck/pairsbuck/free,zbuck,pairsbuck,free,0,272,44,0,316,17899,316,191,16384,6478,C=0.3,0.7011,0.6825,-0.0138,-0.0241,-0.0041,300
272,zbuck/pairsbuck/none,zbuck,pairsbuck,none,0,272,44,0,316,17942,272,194,16384,6478,C=3.0,0.6889,0.6732,-0.0231,-0.0337,-0.0129,300
272,zbuck/pairsbuck/none+mp16,zbuck,pairsbuck,coded,16,288,0,0,288,17472,288,194,16384,6479,C=3.0,0.6357,0.6173,-0.079,-0.0903,-0.0673,300
272,zbuck/pairsbuck/none+mp32,zbuck,pairsbuck,coded,32,304,0,0,304,18411,304,194,16384,6479,C=0.1,0.6394,0.6189,-0.0774,-0.0889,-0.0663,300
272,zbuck/pairsbuck/none+mp4,zbuck,pairsbuck,coded,4,276,0,0,276,16768,276,194,16384,6479,C=3.0,0.6343,0.616,-0.0803,-0.0916,-0.0687,300
272,zbuck/pairsbuck/none+mp8,zbuck,pairsbuck,coded,8,280,0,0,280,17003,280,194,16384,6479,C=0.3,0.6351,0.6181,-0.0782,-0.0898,-0.0667,300
272,zscore/identity/free,zscore,identity,free,0,272,44,0,316,16368,316,196,16384,512,C=3.0,0.6984,0.6786,-0.0177,-0.0281,-0.0065,300
272,zscore/identity/none,zscore,identity,none,0,272,44,0,316,16368,272,184,16384,512,C=1.0,0.6929,0.6659,-0.0304,-0.0403,-0.0197,300
272,zscore/identity/none+mp16,zscore,identity,coded,16,288,0,0,288,15841,288,184,16384,513,C=100.0,0.6471,0.6238,-0.0725,-0.0833,-0.0611,300
272,zscore/identity/none+mp32,zscore,identity,coded,32,304,0,0,304,16721,304,184,16384,513,C=1.0,0.6481,0.624,-0.0723,-0.083,-0.0606,300
272,zscore/identity/none+mp4,zscore,identity,coded,4,276,0,0,276,15181,276,184,16384,513,C=10.0,0.6468,0.6202,-0.0761,-0.087,-0.0644,300
272,zscore/identity/none+mp8,zscore,identity,coded,8,280,0,0,280,15401,280,184,16384,513,C=3.0,0.6459,0.6214,-0.0749,-0.0859,-0.0635,300
272,zscore/pairs256/free,zscore,pairs256,free,0,272,44,188,504,24290,316,206,16384,65792,C=0.1,0.7192,0.6963,0.0,0.0,0.0,300
272,zscore/pairs256/none,zscore,pairs256,none,0,272,44,185,501,24194,272,199,16384,65792,C=0.1,0.7141,0.6887,-0.0076,-0.0173,0.0022,300
288,zbuck/pairs256/free,zbuck,pairs256,free,0,288,44,13,345,20338,332,190,16384,65792,C=30.0,0.7071,0.6963,-0.0142,-0.024,-0.0046,300
288,zbuck/pairs256/free,zbuck,pairs256,free,0,288,44,13,345,20338,332,190,16384,65792,C=30.0,0.7071,0.6963,0.0,0.0,0.0,4000
288,zbuck/pairs256/free+mp16,zbuck,pairs256,coded,16,304,0,13,317,19922,304,190,16384,65793,C=100.0,0.7048,0.696,0.0,0.0,0.0,4000
288,zbuck/pairs256/free+mp32,zbuck,pairs256,coded,32,320,0,13,333,20914,320,190,16384,65793,C=100.0,0.7029,0.6925,0.0,0.0,0.0,4000
288,zbuck/pairs256/free+mp8,zbuck,pairs256,coded,8,296,0,13,309,19426,296,190,16384,65793,C=100.0,0.6992,0.6873,0.0,0.0,0.0,4000
288,zbuck/pairs256/none,zbuck,pairs256,none,0,288,44,12,344,20253,288,185,16384,65792,C=0.1,0.7002,0.6837,-0.0268,-0.0373,-0.0168,300
288,zbuck/pairsbuck/free,zbuck,pairsbuck,free,0,288,44,0,332,18926,332,206,16384,6478,C=0.3,0.7111,0.6854,-0.0251,-0.0351,-0.0151,300
288,zbuck/pairsbuck/free,zbuck,pairsbuck,free,0,288,44,0,332,18926,332,206,16384,6478,C=0.3,0.7111,0.6854,0.0,0.0,0.0,4000
288,zbuck/pairsbuck/free+mp16,zbuck,pairsbuck,coded,16,304,0,0,304,18457,304,206,16384,6479,C=100.0,0.691,0.6681,0.0,0.0,0.0,4000
288,zbuck/pairsbuck/free+mp32,zbuck,pairsbuck,coded,32,320,0,0,320,19395,320,206,16384,6479,C=100.0,0.693,0.6768,0.0,0.0,0.0,4000
288,zbuck/pairsbuck/free+mp8,zbuck,pairsbuck,coded,8,296,0,0,296,17988,296,206,16384,6479,C=100.0,0.6881,0.6706,0.0,0.0,0.0,4000
288,zbuck/pairsbuck/none,zbuck,pairsbuck,none,0,288,44,0,332,18880,288,194,16384,6478,C=0.1,0.6984,0.6729,-0.0376,-0.0476,-0.0279,300
288,zbuck/pairsbuck/none+mp16,zbuck,pairsbuck,coded,16,304,0,0,304,18411,304,194,16384,6479,C=0.1,0.6598,0.634,-0.0765,-0.0873,-0.0662,300
288,zbuck/pairsbuck/none+mp32,zbuck,pairsbuck,coded,32,320,0,0,320,19349,320,194,16384,6479,C=3.0,0.6603,0.6359,-0.0746,-0.0857,-0.064,300
288,zbuck/pairsbuck/none+mp4,zbuck,pairsbuck,coded,4,292,0,0,292,17707,292,194,16384,6479,C=0.1,0.6578,0.634,-0.0765,-0.0873,-0.0662,300
288,zbuck/pairsbuck/none+mp8,zbuck,pairsbuck,coded,8,296,0,0,296,17942,296,194,16384,6479,C=0.1,0.6597,0.6327,-0.0778,-0.0883,-0.0673,300
288,zscore/identity/free,zscore,identity,free,0,288,44,0,332,17248,332,202,16384,512,C=3.0,0.7033,0.6873,-0.0232,-0.033,-0.0133,300
288,zscore/identity/none,zscore,identity,none,0,288,44,0,332,17248,288,190,16384,512,C=1.0,0.6851,0.6675,-0.043,-0.0533,-0.033,300
288,zscore/identity/none+mp16,zscore,identity,coded,16,304,0,0,304,16721,304,190,16384,513,C=1.0,0.6524,0.6248,-0.0857,-0.0967,-0.0754,300
288,zscore/identity/none+mp32,zscore,identity,coded,32,320,0,0,320,17601,320,190,16384,513,C=0.1,0.6527,0.6214,-0.0891,-0.0998,-0.0783,300
288,zscore/identity/none+mp4,zscore,identity,coded,4,292,0,0,292,16061,292,190,16384,513,C=0.1,0.6519,0.6224,-0.0881,-0.099,-0.0775,300
288,zscore/identity/none+mp8,zscore,identity,coded,8,296,0,0,296,16281,296,190,16384,513,C=1.0,0.6524,0.6241,-0.0864,-0.0976,-0.0762,300
288,zscore/pairs256/free,zscore,pairs256,free,0,288,44,194,526,25474,332,207,16384,65792,C=0.1,0.73,0.7105,0.0,0.0,0.0,300
288,zscore/pairs256/none,zscore,pairs256,none,0,288,44,197,529,25570,288,214,16384,65792,C=0.1,0.7205,0.6994,-0.0111,-0.0211,-0.0013,300
304,zbuck/pairs256/free,zbuck,pairs256,free,0,304,44,13,361,21317,348,197,16384,65792,C=0.1,0.7233,0.6994,-0.009,-0.0192,0.0008,300
304,zbuck/pairs256/none,zbuck,pairs256,none,0,304,44,13,361,21336,304,193,16384,65792,C=0.3,0.7051,0.6876,-0.0208,-0.031,-0.0103,300
304,zbuck/pairsbuck/free,zbuck,pairsbuck,free,0,304,44,0,348,19861,348,208,16384,6478,C=0.3,0.7097,0.6956,-0.0128,-0.0229,-0.0024,300
304,zbuck/pairsbuck/none,zbuck,pairsbuck,none,0,304,44,0,348,19843,304,205,16384,6478,C=10.0,0.706,0.6833,-0.0251,-0.0349,-0.0146,300
304,zbuck/pairsbuck/none+mp16,zbuck,pairsbuck,coded,16,320,0,0,320,19374,320,205,16384,6479,C=30.0,0.6627,0.6427,-0.0657,-0.0767,-0.0546,300
304,zbuck/pairsbuck/none+mp32,zbuck,pairsbuck,coded,32,336,0,0,336,20312,336,205,16384,6479,C=0.3,0.6621,0.6411,-0.0673,-0.0783,-0.0563,300
304,zbuck/pairsbuck/none+mp4,zbuck,pairsbuck,coded,4,308,0,0,308,18670,308,205,16384,6479,C=10.0,0.6621,0.6403,-0.0681,-0.0792,-0.0565,300
304,zbuck/pairsbuck/none+mp8,zbuck,pairsbuck,coded,8,312,0,0,312,18904,312,205,16384,6479,C=0.3,0.6622,0.6421,-0.0663,-0.0771,-0.0549,300
304,zscore/identity/free,zscore,identity,free,0,304,44,0,348,18128,348,207,16384,512,C=10.0,0.7084,0.6943,-0.0141,-0.0241,-0.004,300
304,zscore/identity/none,zscore,identity,none,0,304,44,0,348,18128,304,203,16384,512,C=0.3,0.6938,0.676,-0.0324,-0.0425,-0.0216,300
304,zscore/identity/none+mp16,zscore,identity,coded,16,320,0,0,320,17601,320,203,16384,513,C=10.0,0.6598,0.6435,-0.0649,-0.0757,-0.0538,300
304,zscore/identity/none+mp32,zscore,identity,coded,32,336,0,0,336,18481,336,203,16384,513,C=100.0,0.659,0.647,-0.0614,-0.0722,-0.0502,300
304,zscore/identity/none+mp4,zscore,identity,coded,4,308,0,0,308,16941,308,203,16384,513,C=10.0,0.6589,0.6417,-0.0667,-0.0776,-0.0554,300
304,zscore/identity/none+mp8,zscore,identity,coded,8,312,0,0,312,17161,312,203,16384,513,C=100.0,0.6598,0.6476,-0.0608,-0.0717,-0.0502,300
304,zscore/pairs256/free,zscore,pairs256,free,0,304,44,201,549,26690,348,220,16384,65792,C=0.1,0.734,0.7084,0.0,0.0,0.0,300
304,zscore/pairs256/none,zscore,pairs256,none,0,304,44,194,542,26466,304,217,16384,65792,C=1.0,0.7187,0.6973,-0.0111,-0.0214,-0.0017,300
320,zbuck/pairs256/free,zbuck,pairs256,free,0,320,44,12,376,22296,364,204,16384,65792,C=0.3,0.7248,0.6994,-0.0189,-0.0286,-0.0084,300
320,zbuck/pairs256/free,zbuck,pairs256,free,0,320,44,12,376,22296,364,204,16384,65792,C=0.3,0.7248,0.6994,0.0,0.0,0.0,4000
320,zbuck/pairs256/free+mp16,zbuck,pairs256,coded,16,336,0,12,348,21880,336,204,16384,65793,C=30.0,0.7165,0.6902,0.0,0.0,0.0,4000
320,zbuck/pairs256/free+mp32,zbuck,pairs256,coded,32,352,0,12,364,22872,352,204,16384,65793,C=100.0,0.7197,0.6959,0.0,0.0,0.0,4000
320,zbuck/pairs256/free+mp8,zbuck,pairs256,coded,8,328,0,12,340,21384,328,204,16384,65793,C=30.0,0.7141,0.6883,0.0,0.0,0.0,4000
320,zbuck/pairs256/none,zbuck,pairs256,none,0,320,44,11,375,22235,320,187,16384,65792,C=1.0,0.7124,0.6938,-0.0245,-0.0344,-0.0141,300
320,zbuck/pairsbuck/free,zbuck,pairsbuck,free,0,320,44,0,364,20785,364,205,16384,6478,C=0.1,0.7113,0.6975,-0.0208,-0.031,-0.0113,300
320,zbuck/pairsbuck/free,zbuck,pairsbuck,free,0,320,44,0,364,20785,364,205,16384,6478,C=0.1,0.7113,0.6975,0.0,0.0,0.0,4000
320,zbuck/pairsbuck/free+mp16,zbuck,pairsbuck,coded,16,336,0,0,336,20316,336,205,16384,6479,C=100.0,0.7049,0.6911,0.0,0.0,0.0,4000
320,zbuck/pairsbuck/free+mp32,zbuck,pairsbuck,coded,32,352,0,0,352,21254,352,205,16384,6479,C=100.0,0.711,0.6941,0.0,0.0,0.0,4000
320,zbuck/pairsbuck/free+mp8,zbuck,pairsbuck,coded,8,328,0,0,328,19846,328,205,16384,6479,C=30.0,0.7006,0.6833,0.0,0.0,0.0,4000
320,zbuck/pairsbuck/none,zbuck,pairsbuck,none,0,320,44,0,364,20827,320,205,16384,6478,C=0.1,0.7011,0.6841,-0.0342,-0.0443,-0.0238,300
320,zbuck/pairsbuck/none+mp16,zbuck,pairsbuck,coded,16,336,0,0,336,20358,336,205,16384,6479,C=30.0,0.6462,0.6448,-0.0735,-0.0851,-0.0616,300
320,zbuck/pairsbuck/none+mp32,zbuck,pairsbuck,coded,32,352,0,0,352,21296,352,205,16384,6479,C=0.3,0.6479,0.6444,-0.0739,-0.0852,-0.0621,300
320,zbuck/pairsbuck/none+mp4,zbuck,pairsbuck,coded,4,324,0,0,324,19654,324,205,16384,6479,C=0.3,0.6444,0.6427,-0.0756,-0.0871,-0.0637,300
320,zbuck/pairsbuck/none+mp8,zbuck,pairsbuck,coded,8,328,0,0,328,19889,328,205,16384,6479,C=0.3,0.6451,0.6448,-0.0735,-0.0848,-0.0616,300
320,zscore/identity/free,zscore,identity,free,0,320,44,0,364,19008,364,219,16384,512,C=0.3,0.7211,0.6913,-0.027,-0.037,-0.017,300
320,zscore/identity/none,zscore,identity,none,0,320,44,0,364,19008,320,214,16384,512,C=0.3,0.7006,0.677,-0.0413,-0.0521,-0.0311,300
320,zscore/identity/none+mp16,zscore,identity,coded,16,336,0,0,336,18481,336,214,16384,513,C=100.0,0.6584,0.6406,-0.0777,-0.0886,-0.0663,300
320,zscore/identity/none+mp32,zscore,identity,coded,32,352,0,0,352,19361,352,214,16384,513,C=3.0,0.6578,0.6403,-0.078,-0.0889,-0.067,300
320,zscore/identity/none+mp4,zscore,identity,coded,4,324,0,0,324,17821,324,214,16384,513,C=1.0,0.6573,0.6394,-0.0789,-0.0902,-0.0676,300
320,zscore/identity/none+mp8,zscore,identity,coded,8,328,0,0,328,18041,328,214,16384,513,C=0.3,0.6584,0.6417,-0.0766,-0.0875,-0.0656,300
320,zscore/pairs256/free,zscore,pairs256,free,0,320,44,202,566,27714,364,221,16384,65792,C=0.3,0.7381,0.7183,0.0,0.0,0.0,300
320,zscore/pairs256/none,zscore,pairs256,none,0,320,44,201,565,27682,320,215,16384,65792,C=10.0,0.7246,0.7089,-0.0094,-0.0192,0.0002,300
352,zbuck/pairs256/free,zbuck,pairs256,free,0,352,44,13,409,24345,396,206,16384,65792,C=0.3,0.7267,0.7032,-0.0163,-0.0259,-0.0068,300
352,zbuck/pairs256/free,zbuck,pairs256,free,0,352,44,13,409,24345,396,206,16384,65792,C=0.3,0.7267,0.7032,0.0,0.0,0.0,4000
352,zbuck/pairs256/free+mp16,zbuck,pairs256,coded,16,368,0,13,381,23930,368,206,16384,65793,C=100.0,0.7165,0.696,0.0,0.0,0.0,4000
352,zbuck/pairs256/free+mp32,zbuck,pairs256,coded,32,384,0,13,397,24922,384,206,16384,65793,C=100.0,0.7178,0.6937,0.0,0.0,0.0,4000
352,zbuck/pairs256/free+mp8,zbuck,pairs256,coded,8,360,0,13,373,23433,360,206,16384,65793,C=100.0,0.7125,0.6954,0.0,0.0,0.0,4000
352,zbuck/pairs256/none,zbuck,pairs256,none,0,352,44,13,409,24328,352,201,16384,65792,C=0.1,0.7029,0.6952,-0.0243,-0.0341,-0.0144,300
352,zbuck/pairsbuck/free,zbuck,pairsbuck,free,0,352,44,0,396,22686,396,223,16384,6478,C=0.1,0.7332,0.7119,-0.0076,-0.0173,0.0021,300
352,zbuck/pairsbuck/free,zbuck,pairsbuck,free,0,352,44,0,396,22686,396,223,16384,6478,C=0.1,0.7332,0.7119,0.0,0.0,0.0,4000
352,zbuck/pairsbuck/free+mp16,zbuck,pairsbuck,coded,16,368,0,0,368,22217,368,223,16384,6479,C=100.0,0.7235,0.7098,0.0,0.0,0.0,4000
352,zbuck/pairsbuck/free+mp32,zbuck,pairsbuck,coded,32,384,0,0,384,23156,384,223,16384,6479,C=100.0,0.7275,0.71,0.0,0.0,0.0,4000
352,zbuck/pairsbuck/free+mp8,zbuck,pairsbuck,coded,8,360,0,0,360,21748,360,223,16384,6479,C=100.0,0.7203,0.7062,0.0,0.0,0.0,4000
352,zbuck/pairsbuck/none,zbuck,pairsbuck,none,0,352,44,0,396,22691,352,218,16384,6478,C=0.3,0.7157,0.6941,-0.0254,-0.0357,-0.0154,300
352,zbuck/pairsbuck/none+mp16,zbuck,pairsbuck,coded,16,368,0,0,368,22222,368,218,16384,6479,C=0.1,0.6611,0.6535,-0.066,-0.0768,-0.0551,300
352,zbuck/pairsbuck/none+mp32,zbuck,pairsbuck,coded,32,384,0,0,384,23161,384,218,16384,6479,C=3.0,0.6617,0.6533,-0.0662,-0.077,-0.0552,300
352,zbuck/pairsbuck/none+mp4,zbuck,pairsbuck,coded,4,356,0,0,356,21518,356,218,16384,6479,C=100.0,0.6614,0.6527,-0.0668,-0.0776,-0.0559,300
352,zbuck/pairsbuck/none+mp44,zbuck,pairsbuck,coded,44,396,0,0,396,23865,396,218,16384,6479,C=3.0,0.6629,0.653,-0.0665,-0.077,-0.0552,300
352,zbuck/pairsbuck/none+mp8,zbuck,pairsbuck,coded,8,360,0,0,360,21753,360,218,16384,6479,C=3.0,0.6608,0.6495,-0.07,-0.0808,-0.0594,300
352,zbuck/pairsbuck/none+mpu16,zbuck,pairsbuck,coded,16,368,0,0,368,22222,368,218,16384,6479,C=30.0,0.6617,0.6525,-0.067,-0.0779,-0.0562,300
352,zbuck/pairsbuck/none+mpu32,zbuck,pairsbuck,coded,32,384,0,0,384,23161,384,218,16384,6479,C=10.0,0.6621,0.6548,-0.0647,-0.0759,-0.0537,300
352,zbuck/pairsbuck/none+mpu4,zbuck,pairsbuck,coded,4,356,0,0,356,21518,356,218,16384,6479,C=0.3,0.6597,0.6506,-0.0689,-0.0795,-0.0583,300
352,zbuck/pairsbuck/none+mpu44,zbuck,pairsbuck,coded,44,396,0,0,396,23865,396,218,16384,6479,C=3.0,0.6622,0.6494,-0.0701,-0.0808,-0.059,300
352,zbuck/pairsbuck/none+mpu8,zbuck,pairsbuck,coded,8,360,0,0,360,21753,360,218,16384,6479,C=1.0,0.6605,0.6519,-0.0676,-0.0784,-0.0568,300
352,zscore/identity/free,zscore,identity,free,0,352,44,0,396,20768,396,230,16384,512,C=0.3,0.7222,0.7089,-0.0106,-0.0203,-0.001,300
352,zscore/identity/none,zscore,identity,none,0,352,44,0,396,20768,352,227,16384,512,C=0.1,0.7098,0.699,-0.0205,-0.03,-0.0106,300
352,zscore/identity/none+mp16,zscore,identity,coded,16,368,0,0,368,20241,368,227,16384,513,C=10.0,0.6865,0.6692,-0.0503,-0.0608,-0.0395,300
352,zscore/identity/none+mp32,zscore,identity,coded,32,384,0,0,384,21121,384,227,16384,513,C=0.3,0.6846,0.6692,-0.0503,-0.0608,-0.0395,300
352,zscore/identity/none+mp4,zscore,identity,coded,4,356,0,0,356,19581,356,227,16384,513,C=100.0,0.6867,0.6681,-0.0514,-0.0616,-0.0406,300
352,zscore/identity/none+mp44,zscore,identity,coded,44,396,0,0,396,21781,396,227,16384,513,C=1.0,0.6851,0.6687,-0.0508,-0.0616,-0.04,300
352,zscore/identity/none+mp8,zscore,identity,coded,8,360,0,0,360,19801,360,227,16384,513,C=3.0,0.6843,0.6687,-0.0508,-0.0616,-0.0402,300
352,zscore/identity/none+mpu16,zscore,identity,coded,16,368,0,0,368,20241,368,227,16384,513,C=30.0,0.6849,0.6698,-0.0497,-0.0602,-0.0387,300
352,zscore/identity/none+mpu32,zscore,identity,coded,32,384,0,0,384,21121,384,227,16384,513,C=100.0,0.6849,0.6694,-0.0501,-0.0603,-0.0394,300
352,zscore/identity/none+mpu4,zscore,identity,coded,4,356,0,0,356,19581,356,227,16384,513,C=30.0,0.6863,0.6687,-0.0508,-0.0614,-0.0403,300
352,zscore/identity/none+mpu44,zscore,identity,coded,44,396,0,0,396,21781,396,227,16384,513,C=30.0,0.6851,0.6689,-0.0506,-0.061,-0.0402,300
352,zscore/identity/none+mpu8,zscore,identity,coded,8,360,0,0,360,19801,360,227,16384,513,C=10.0,0.6846,0.6708,-0.0487,-0.0589,-0.0383,300
352,zscore/pairs256/free,zscore,pairs256,free,0,352,44,208,604,29890,396,229,16384,65792,C=0.1,0.7462,0.7195,0.0,0.0,0.0,300
352,zscore/pairs256/none,zscore,pairs256,none,0,352,44,206,602,29826,352,231,16384,65792,C=1.0,0.7305,0.7156,-0.0039,-0.0138,0.0057,300
384,raw/identity/coded,raw,identity,coded,0,384,0,0,384,21121,384,1,16384,513,C=0.1,0.0222,0.0252,-0.7013,-0.7132,-0.6892,300
384,scale/identity/coded,scale,identity,coded,0,384,0,0,384,21121,384,2,16384,513,C=0.1,0.0316,0.0324,-0.6941,-0.706,-0.6814,300
384,zbuck/pairs256/free,zbuck,pairs256,free,0,384,44,12,440,26301,428,211,16384,65792,C=3.0,0.7338,0.7083,-0.0182,-0.0276,-0.0089,300
384,zbuck/pairs256/free,zbuck,pairs256,free,0,384,44,12,440,26301,428,211,16384,65792,C=3.0,0.7338,0.7083,0.0,0.0,0.0,4000
384,zbuck/pairs256/free+mp16,zbuck,pairs256,coded,16,400,0,12,412,25886,400,211,16384,65793,C=100.0,0.7302,0.707,0.0,0.0,0.0,4000
384,zbuck/pairs256/free+mp32,zbuck,pairs256,coded,32,416,0,12,428,26878,416,211,16384,65793,C=100.0,0.7319,0.7029,0.0,0.0,0.0,4000
384,zbuck/pairs256/free+mp8,zbuck,pairs256,coded,8,392,0,12,404,25390,392,211,16384,65793,C=100.0,0.731,0.7052,0.0,0.0,0.0,4000
384,zbuck/pairs256/none,zbuck,pairs256,none,0,384,44,12,440,26253,384,205,16384,65792,C=0.3,0.706,0.6952,-0.0313,-0.0413,-0.0219,300
384,zbuck/pairsbuck/free,zbuck,pairsbuck,free,0,384,44,0,428,24590,428,227,16384,6478,C=3.0,0.7241,0.7111,-0.0154,-0.0246,-0.0056,300
384,zbuck/pairsbuck/free,zbuck,pairsbuck,free,0,384,44,0,428,24590,428,227,16384,6478,C=3.0,0.7241,0.7111,0.0,0.0,0.0,4000
384,zbuck/pairsbuck/free+mp16,zbuck,pairsbuck,coded,16,400,0,0,400,24121,400,227,16384,6479,C=30.0,0.7171,0.7029,0.0,0.0,0.0,4000
384,zbuck/pairsbuck/free+mp32,zbuck,pairsbuck,coded,32,416,0,0,416,25059,416,227,16384,6479,C=30.0,0.7159,0.6986,0.0,0.0,0.0,4000
384,zbuck/pairsbuck/free+mp8,zbuck,pairsbuck,coded,8,392,0,0,392,23651,392,227,16384,6479,C=100.0,0.7197,0.7049,0.0,0.0,0.0,4000
384,zbuck/pairsbuck/none,zbuck,pairsbuck,none,0,384,44,0,428,24557,384,218,16384,6478,C=0.3,0.7081,0.6997,-0.0268,-0.0367,-0.0168,300
384,zbuck/pairsbuck/none+mp16,zbuck,pairsbuck,coded,16,400,0,0,400,24087,400,218,16384,6479,C=100.0,0.6719,0.6594,-0.0671,-0.0776,-0.0562,300
384,zbuck/pairsbuck/none+mp32,zbuck,pairsbuck,coded,32,416,0,0,416,25026,416,218,16384,6479,C=0.3,0.6713,0.6592,-0.0673,-0.0781,-0.0563,300
384,zbuck/pairsbuck/none+mp4,zbuck,pairsbuck,coded,4,388,0,0,388,23383,388,218,16384,6479,C=100.0,0.6721,0.6586,-0.0679,-0.0789,-0.057,300
384,zbuck/pairsbuck/none+mp8,zbuck,pairsbuck,coded,8,392,0,0,392,23618,392,218,16384,6479,C=0.3,0.6724,0.6583,-0.0682,-0.0789,-0.0575,300
384,zfam/pairsfam/none,zfam,pairsfam,none,0,384,1,0,385,22213,384,1,16384,3476,C=0.1,0.0344,0.0398,-0.6867,-0.6989,-0.6744,300
384,zscore/identity/free,zscore,identity,free,0,384,44,0,428,22528,428,254,16384,512,C=1.0,0.7298,0.7121,-0.0144,-0.0237,-0.0048,300
384,zscore/identity/none,zscore,identity,none,0,384,44,0,428,22528,384,241,16384,512,C=1.0,0.7103,0.6976,-0.0289,-0.0384,-0.0192,300
384,zscore/identity/none+mp16,zscore,identity,coded,16,400,0,0,400,22001,400,241,16384,513,C=30.0,0.6878,0.6713,-0.0552,-0.0656,-0.0443,300
384,zscore/identity/none+mp32,zscore,identity,coded,32,416,0,0,416,22881,416,241,16384,513,C=100.0,0.686,0.6721,-0.0544,-0.0646,-0.0438,300
384,zscore/identity/none+mp4,zscore,identity,coded,4,388,0,0,388,21341,388,241,16384,513,C=100.0,0.6832,0.6697,-0.0568,-0.0671,-0.0459,300
384,zscore/identity/none+mp8,zscore,identity,coded,8,392,0,0,392,21561,392,241,16384,513,C=1.0,0.6843,0.6714,-0.0551,-0.0657,-0.0443,300
384,zscore/pairs256/free,zscore,pairs256,free,0,384,44,209,637,31906,428,241,16384,65792,C=0.1,0.7473,0.7265,0.0,0.0,0.0,300
384,zscore/pairs256/none,zscore,pairs256,none,0,384,44,212,640,32002,384,239,16384,65792,C=0.3,0.7343,0.7229,-0.0036,-0.0127,0.0049,300
416,zbuck/pairs256/free,zbuck,pairs256,free,0,416,44,14,474,28377,460,220,16384,65792,C=0.3,0.7365,0.7132,-0.0244,-0.0337,-0.0154,300
416,zbuck/pairs256/none,zbuck,pairs256,none,0,416,44,12,472,28249,416,220,16384,65792,C=0.1,0.7189,0.7097,-0.0279,-0.037,-0.0186,300
416,zbuck/pairsbuck/free,zbuck,pairsbuck,free,0,416,44,0,460,26546,460,239,16384,6478,C=0.3,0.7392,0.7143,-0.0233,-0.0329,-0.014,300
416,zbuck/pairsbuck/none,zbuck,pairsbuck,none,0,416,44,0,460,26503,416,230,16384,6478,C=0.3,0.7233,0.7092,-0.0284,-0.0375,-0.0192,300
416,zbuck/pairsbuck/none+mp16,zbuck,pairsbuck,coded,16,432,0,0,432,26034,432,230,16384,6479,C=0.1,0.6889,0.6706,-0.067,-0.077,-0.0565,300
416,zbuck/pairsbuck/none+mp32,zbuck,pairsbuck,coded,32,448,0,0,448,26972,448,230,16384,6479,C=0.1,0.6889,0.6714,-0.0662,-0.076,-0.0557,300
416,zbuck/pairsbuck/none+mp4,zbuck,pairsbuck,coded,4,420,0,0,420,25330,420,230,16384,6479,C=0.1,0.6876,0.6702,-0.0674,-0.0775,-0.0567,300
416,zbuck/pairsbuck/none+mp8,zbuck,pairsbuck,coded,8,424,0,0,424,25564,424,230,16384,6479,C=0.3,0.6887,0.6724,-0.0652,-0.0754,-0.0548,300
416,zscore/identity/free,zscore,identity,free,0,416,44,0,460,24288,460,265,16384,512,C=0.1,0.7284,0.7156,-0.022,-0.0308,-0.0127,300
416,zscore/identity/none,zscore,identity,none,0,416,44,0,460,24288,416,262,16384,512,C=0.1,0.7165,0.6951,-0.0425,-0.0516,-0.033,300
416,zscore/identity/none+mp16,zscore,identity,coded,16,432,0,0,432,23761,432,262,16384,513,C=100.0,0.68,0.6573,-0.0803,-0.0906,-0.0698,300
416,zscore/identity/none+mp32,zscore,identity,coded,32,448,0,0,448,24641,448,262,16384,513,C=0.3,0.6806,0.6606,-0.077,-0.0875,-0.0663,300
416,zscore/identity/none+mp4,zscore,identity,coded,4,420,0,0,420,23101,420,262,16384,513,C=0.3,0.6808,0.6578,-0.0798,-0.0902,-0.0694,300
416,zscore/identity/none+mp8,zscore,identity,coded,8,424,0,0,424,23321,424,262,16384,513,C=10.0,0.6811,0.6594,-0.0782,-0.0887,-0.0678,300
416,zscore/pairs256/free,zscore,pairs256,free,0,416,44,218,678,34178,460,249,16384,65792,C=0.1,0.7506,0.7376,0.0,0.0,0.0,300
416,zscore/pairs256/none,zscore,pairs256,none,0,416,44,213,673,34018,416,241,16384,65792,C=0.3,0.7448,0.7211,-0.0165,-0.0252,-0.0076,300
448,zbuck/pairs256/free,zbuck,pairs256,free,0,448,44,13,505,30314,492,225,16384,65792,C=0.1,0.7365,0.7124,-0.0238,-0.0333,-0.0141,300
448,zbuck/pairs256/none,zbuck,pairs256,none,0,448,44,13,505,30337,448,228,16384,65792,C=100.0,0.7305,0.7063,-0.0299,-0.0395,-0.021,300
448,zbuck/pairsbuck/free,zbuck,pairsbuck,free,0,448,44,0,492,28380,492,243,16384,6478,C=0.1,0.7424,0.7202,-0.016,-0.0254,-0.0067,300
448,zbuck/pairsbuck/none,zbuck,pairsbuck,none,0,448,44,0,492,28341,448,223,16384,6478,C=0.3,0.7225,0.7151,-0.0211,-0.0308,-0.0109,300
448,zbuck/pairsbuck/none+mp16,zbuck,pairsbuck,coded,16,464,0,0,464,27871,464,223,16384,6479,C=100.0,0.6989,0.6863,-0.0499,-0.0602,-0.0397,300
448,zbuck/pairsbuck/none+mp32,zbuck,pairsbuck,coded,32,480,0,0,480,28810,480,223,16384,6479,C=3.0,0.6995,0.6865,-0.0497,-0.06,-0.0394,300
448,zbuck/pairsbuck/none+mp4,zbuck,pairsbuck,coded,4,452,0,0,452,27167,452,223,16384,6479,C=0.3,0.6995,0.6857,-0.0505,-0.0606,-0.0403,300
448,zbuck/pairsbuck/none+mp44,zbuck,pairsbuck,coded,44,492,0,0,492,29514,492,223,16384,6479,C=1.0,0.7005,0.6856,-0.0506,-0.0613,-0.0405,300
448,zbuck/pairsbuck/none+mp8,zbuck,pairsbuck,coded,8,456,0,0,456,27402,456,223,16384,6479,C=0.3,0.699,0.6867,-0.0495,-0.0597,-0.039,300
448,zbuck/pairsbuck/none+mpu16,zbuck,pairsbuck,coded,16,464,0,0,464,27871,464,223,16384,6479,C=0.1,0.6989,0.6843,-0.0519,-0.0622,-0.0416,300
448,zbuck/pairsbuck/none+mpu32,zbuck,pairsbuck,coded,32,480,0,0,480,28810,480,223,16384,6479,C=0.3,0.7003,0.6863,-0.0499,-0.06,-0.0397,300
448,zbuck/pairsbuck/none+mpu4,zbuck,pairsbuck,coded,4,452,0,0,452,27167,452,223,16384,6479,C=100.0,0.6989,0.6862,-0.05,-0.0603,-0.0398,300
448,zbuck/pairsbuck/none+mpu44,zbuck,pairsbuck,coded,44,492,0,0,492,29514,492,223,16384,6479,C=30.0,0.6998,0.6857,-0.0505,-0.0611,-0.04,300
448,zbuck/pairsbuck/none+mpu8,zbuck,pairsbuck,coded,8,456,0,0,456,27402,456,223,16384,6479,C=0.3,0.6997,0.6871,-0.0491,-0.0595,-0.0387,300
448,zscore/identity/free,zscore,identity,free,0,448,44,0,492,26048,492,276,16384,512,C=0.3,0.7311,0.7183,-0.0179,-0.027,-0.0087,300
448,zscore/identity/none,zscore,identity,none,0,448,44,0,492,26048,448,279,16384,512,C=0.3,0.7313,0.7032,-0.033,-0.0425,-0.0227,300
448,zscore/identity/none+mp16,zscore,identity,coded,16,464,0,0,464,25521,464,279,16384,513,C=1.0,0.7033,0.6816,-0.0546,-0.0646,-0.044,300
448,zscore/identity/none+mp32,zscore,identity,coded,32,480,0,0,480,26401,480,279,16384,513,C=1.0,0.7046,0.6821,-0.0541,-0.0643,-0.0435,300
448,zscore/identity/none+mp4,zscore,identity,coded,4,452,0,0,452,24861,452,279,16384,513,C=0.1,0.7022,0.6821,-0.0541,-0.0643,-0.0433,300
448,zscore/identity/none+mp44,zscore,identity,coded,44,492,0,0,492,27061,492,279,16384,513,C=1.0,0.7054,0.6827,-0.0535,-0.0637,-0.043,300
448,zscore/identity/none+mp8,zscore,identity,coded,8,456,0,0,456,25081,456,279,16384,513,C=0.1,0.7029,0.6827,-0.0535,-0.0637,-0.0432,300
448,zscore/identity/none+mpu16,zscore,identity,coded,16,464,0,0,464,25521,464,279,16384,513,C=1.0,0.7041,0.6843,-0.0519,-0.0619,-0.0413,300
448,zscore/identity/none+mpu32,zscore,identity,coded,32,480,0,0,480,26401,480,279,16384,513,C=30.0,0.7027,0.6835,-0.0527,-0.0627,-0.0424,300
448,zscore/identity/none+mpu4,zscore,identity,coded,4,452,0,0,452,24861,452,279,16384,513,C=30.0,0.703,0.6832,-0.053,-0.063,-0.0425,300
448,zscore/identity/none+mpu44,zscore,identity,coded,44,492,0,0,492,27061,492,279,16384,513,C=30.0,0.704,0.6814,-0.0548,-0.0649,-0.0443,300
448,zscore/identity/none+mpu8,zscore,identity,coded,8,456,0,0,456,25081,456,279,16384,513,C=0.3,0.7022,0.6838,-0.0524,-0.0624,-0.0417,300
448,zscore/pairs256/free,zscore,pairs256,free,0,448,44,221,713,36259,492,258,16384,65792,C=0.1,0.7548,0.7362,0.0,0.0,0.0,300
448,zscore/pairs256/none,zscore,pairs256,none,0,448,44,225,717,36387,448,258,16384,65792,C=1.0,0.7437,0.7275,-0.0087,-0.0181,0.001,300
480,zbuck/pairs256/free,zbuck,pairs256,free,0,480,44,13,537,32360,524,245,16384,65792,C=0.3,0.7529,0.7387,0.0024,-0.007,0.0119,300
480,zbuck/pairs256/none,zbuck,pairs256,none,0,480,44,13,537,32310,480,227,16384,65792,C=1.0,0.733,0.7146,-0.0217,-0.0311,-0.0124,300
480,zbuck/pairsbuck/free,zbuck,pairsbuck,free,0,480,44,0,524,30298,524,250,16384,6478,C=10.0,0.7417,0.7179,-0.0184,-0.0275,-0.009,300
480,zbuck/pairsbuck/none,zbuck,pairsbuck,none,0,480,44,0,524,30257,480,244,16384,6478,C=0.3,0.7324,0.7113,-0.025,-0.0343,-0.0157,300
480,zbuck/pairsbuck/none+mp16,zbuck,pairsbuck,coded,16,496,0,0,496,29788,496,244,16384,6479,C=0.3,0.7038,0.6848,-0.0515,-0.0617,-0.0414,300
480,zbuck/pairsbuck/none+mp32,zbuck,pairsbuck,coded,32,512,0,0,512,30727,512,244,16384,6479,C=100.0,0.7056,0.6859,-0.0504,-0.0605,-0.0402,300
480,zbuck/pairsbuck/none+mp4,zbuck,pairsbuck,coded,4,484,0,0,484,29084,484,244,16384,6479,C=1.0,0.7041,0.6863,-0.05,-0.0597,-0.0398,300
480,zbuck/pairsbuck/none+mp8,zbuck,pairsbuck,coded,8,488,0,0,488,29319,488,244,16384,6479,C=0.1,0.7043,0.6843,-0.052,-0.0619,-0.0422,300
480,zscore/identity/free,zscore,identity,free,0,480,44,0,524,27808,524,288,16384,512,C=0.1,0.7478,0.7298,-0.0065,-0.0156,0.0022,300
480,zscore/identity/none,zscore,identity,none,0,480,44,0,524,27808,480,283,16384,512,C=0.1,0.7375,0.7157,-0.0206,-0.03,-0.0113,300
480,zscore/identity/none+mp16,zscore,identity,coded,16,496,0,0,496,27281,496,283,16384,513,C=3.0,0.7098,0.694,-0.0423,-0.0529,-0.0322,300
480,zscore/identity/none+mp32,zscore,identity,coded,32,512,0,0,512,28161,512,283,16384,513,C=100.0,0.7111,0.6941,-0.0422,-0.0529,-0.0322,300
480,zscore/identity/none+mp4,zscore,identity,coded,4,484,0,0,484,26621,484,283,16384,513,C=0.3,0.7083,0.6938,-0.0425,-0.0525,-0.0329,300
480,zscore/identity/none+mp8,zscore,identity,coded,8,488,0,0,488,26841,488,283,16384,513,C=10.0,0.7084,0.6943,-0.042,-0.0524,-0.0319,300
480,zscore/pairs256/free,zscore,pairs256,free,0,480,44,226,750,38403,524,264,16384,65792,C=0.3,0.76,0.7363,0.0,0.0,0.0,300
480,zscore/pairs256/none,zscore,pairs256,none,0,480,44,224,748,38339,480,259,16384,65792,C=0.1,0.7527,0.7367,0.0004,-0.0091,0.0097,300
512,raw/identity/coded,raw,identity,coded,0,512,0,0,512,28161,512,1,16384,513,C=0.1,0.0222,0.0252,-0.7161,-0.7275,-0.7044,300
512,scale/identity/coded,scale,identity,coded,0,512,0,0,512,28161,512,3,16384,513,C=30.0,0.0397,0.0429,-0.6984,-0.7105,-0.6873,300
512,zbuck/pairs256/free,zbuck,pairs256,free,0,512,44,13,569,34352,556,240,16384,65792,C=0.3,0.751,0.731,-0.0103,-0.0197,-0.0008,300
512,zbuck/pairs256/none,zbuck,pairs256,none,0,512,44,13,569,34325,512,231,16384,65792,C=10.0,0.7344,0.7154,-0.0259,-0.0351,-0.0167,300
512,zbuck/pairsbuck/free,zbuck,pairsbuck,free,0,512,44,0,556,32167,556,257,16384,6478,C=0.1,0.7511,0.7319,-0.0094,-0.0189,0.0006,300
512,zbuck/pairsbuck/none,zbuck,pairsbuck,none,0,512,44,0,556,32179,512,250,16384,6478,C=0.3,0.7363,0.7197,-0.0216,-0.0311,-0.0121,300
512,zbuck/pairsbuck/none+mp16,zbuck,pairsbuck,coded,16,528,0,0,528,31710,528,250,16384,6479,C=3.0,0.7137,0.7008,-0.0405,-0.0508,-0.0305,300
512,zbuck/pairsbuck/none+mp32,zbuck,pairsbuck,coded,32,544,0,0,544,32648,544,250,16384,6479,C=3.0,0.7125,0.6997,-0.0416,-0.0518,-0.0317,300
512,zbuck/pairsbuck/none+mp4,zbuck,pairsbuck,coded,4,516,0,0,516,31006,516,250,16384,6479,C=10.0,0.7122,0.6992,-0.0421,-0.0521,-0.0321,300
512,zbuck/pairsbuck/none+mp8,zbuck,pairsbuck,coded,8,520,0,0,520,31240,520,250,16384,6479,C=10.0,0.7116,0.6986,-0.0427,-0.0532,-0.0325,300
512,zfam/pairsfam/none,zfam,pairsfam,none,0,512,1,0,513,29607,512,1,16384,3476,C=0.1,0.0344,0.0398,-0.7015,-0.7138,-0.6895,300
512,zscore/identity/free,zscore,identity,free,0,512,44,0,556,29568,556,290,16384,512,C=10.0,0.7524,0.7324,-0.0089,-0.0186,0.0006,300
512,zscore/identity/none,zscore,identity,none,0,512,44,0,556,29568,512,298,16384,512,C=0.3,0.7438,0.7227,-0.0186,-0.0281,-0.0092,300
512,zscore/identity/none+mp16,zscore,identity,coded,16,528,0,0,528,29041,528,298,16384,513,C=10.0,0.7303,0.7033,-0.038,-0.0476,-0.0279,300
512,zscore/identity/none+mp32,zscore,identity,coded,32,544,0,0,544,29922,544,298,16384,513,C=30.0,0.73,0.7054,-0.0359,-0.0454,-0.026,300
512,zscore/identity/none+mp4,zscore,identity,coded,4,516,0,0,516,28381,516,298,16384,513,C=3.0,0.7308,0.7016,-0.0397,-0.0495,-0.0295,300
512,zscore/identity/none+mp8,zscore,identity,coded,8,520,0,0,520,28601,520,298,16384,513,C=0.3,0.7303,0.7002,-0.0411,-0.0508,-0.0309,300
512,zscore/pairs256/free,zscore,pairs256,free,0,512,44,217,773,40099,556,257,16384,65792,C=0.3,0.7632,0.7413,0.0,0.0,0.0,300
512,zscore/pairs256/none,zscore,pairs256,none,0,512,44,222,778,40259,512,269,16384,65792,C=0.1,0.7537,0.7417,0.0004,-0.0083,0.0092,300
640,zbuck/pairs256/free,zbuck,pairs256,free,0,640,44,14,698,42356,684,251,16384,65792,C=0.1,0.7551,0.7292,-0.0232,-0.0319,-0.014,300
640,zbuck/pairs256/none,zbuck,pairs256,none,0,640,44,15,699,42388,640,262,16384,65792,C=0.1,0.7533,0.7327,-0.0197,-0.0289,-0.0103,300
640,zbuck/pairsbuck/free,zbuck,pairsbuck,free,0,640,44,0,684,39732,684,271,16384,6478,C=0.1,0.7573,0.7368,-0.0156,-0.0243,-0.0067,300
640,zbuck/pairsbuck/none,zbuck,pairsbuck,none,0,640,44,0,684,39725,640,276,16384,6478,C=0.3,0.7465,0.7316,-0.0208,-0.0295,-0.0117,300
640,zbuck/pairsbuck/none+mp16,zbuck,pairsbuck,coded,16,656,0,0,656,39255,656,276,16384,6479,C=0.1,0.7306,0.711,-0.0414,-0.0511,-0.0321,300
640,zbuck/pairsbuck/none+mp32,zbuck,pairsbuck,coded,32,672,0,0,672,40194,672,276,16384,6479,C=0.1,0.7317,0.7113,-0.0411,-0.0506,-0.0317,300
640,zbuck/pairsbuck/none+mp4,zbuck,pairsbuck,coded,4,644,0,0,644,38551,644,276,16384,6479,C=0.3,0.7319,0.7095,-0.0429,-0.0524,-0.0332,300
640,zbuck/pairsbuck/none+mp8,zbuck,pairsbuck,coded,8,648,0,0,648,38786,648,276,16384,6479,C=0.1,0.7316,0.7102,-0.0422,-0.0518,-0.0329,300
640,zscore/identity/free,zscore,identity,free,0,640,44,0,684,36608,684,340,16384,512,C=0.1,0.7597,0.7398,-0.0126,-0.021,-0.0038,300
640,zscore/identity/none,zscore,identity,none,0,640,44,0,684,36608,640,344,16384,512,C=10.0,0.7479,0.7386,-0.0138,-0.0227,-0.0049,300
640,zscore/identity/none+mp16,zscore,identity,coded,16,656,0,0,656,36082,656,344,16384,513,C=1.0,0.7294,0.7254,-0.027,-0.0362,-0.0173,300
640,zscore/identity/none+mp32,zscore,identity,coded,32,672,0,0,672,36962,672,344,16384,513,C=100.0,0.7308,0.7248,-0.0276,-0.0367,-0.0181,300
640,zscore/identity/none+mp4,zscore,identity,coded,4,644,0,0,644,35422,644,344,16384,513,C=0.3,0.7284,0.7217,-0.0307,-0.0395,-0.0211,300
640,zscore/identity/none+mp8,zscore,identity,coded,8,648,0,0,648,35642,648,344,16384,513,C=0.1,0.7289,0.721,-0.0314,-0.0403,-0.0216,300
640,zscore/pairs256/free,zscore,pairs256,free,0,640,44,229,913,48420,684,284,16384,65792,C=0.1,0.7735,0.7524,0.0,0.0,0.0,300
640,zscore/pairs256/none,zscore,pairs256,none,0,640,44,229,913,48420,640,289,16384,65792,C=0.3,0.7616,0.7476,-0.0048,-0.0129,0.0043,300
