pool,head,parameters,features,structure,val_accuracy,test_accuracy,layout_columns
base,dense-full,69520,1579,C=0.03,0.8108,0.7978,0
base,sparse,512,156,top256/C=0.3,0.6287,0.6059,0
base,sparse,640,88,top96/C=100.0,0.6651,0.6435,0
base,sparse,768,159,top192/C=30.0,0.6881,0.6744,0
base,sparse,896,163,top192/C=100.0,0.709,0.69,0
base,sparse,1024,202,top256/C=100.0,0.7246,0.7048,0
layout,dense-full,91740,2084,C=0.03,0.8092,0.7937,0
layout,sparse,512,92,top128/C=10.0,0.616,0.6008,15
layout,sparse,640,137,top256/C=1.0,0.6613,0.6508,22
layout,sparse,768,125,top192/C=10.0,0.6784,0.6576,27
layout,sparse,896,131,top192/C=1.0,0.7,0.6886,29
layout,sparse,1024,164,top256/C=0.3,0.714,0.694,37
