support,search_offset,levels,learned_values,touched_columns,assignment_bits,learned_value_bits,total_model_bits,candidate_mapping_bits,scale_exponent_bits,support_sha256,level_assignment_sha256,artifact,artifact_sha256,C,continuous_val,continuous_test,val_accuracy,test_accuracy,seconds
32768,0,32,76,740,961796,2432,964228,7808,3716,17e03aa40f5f9fb367586dbeb09f2c907ed5c704608aa4355f6dd43d38eade48,f73d9310643d70db9642ba9c7869cdd0e78226c4a0c50b5b90bf57e6cace1219,,,0.001,0.839048,0.816984,0.839206,0.816667,39.1
32768,0,64,108,740,994564,3456,998020,7808,3716,17e03aa40f5f9fb367586dbeb09f2c907ed5c704608aa4355f6dd43d38eade48,1feaeeca333d264be8bde2d9e415c6feaa2f3f284285d76a3d01f6b5f747389e,,,0.001,0.839048,0.816984,0.839683,0.815873,41.1
32768,0,128,172,740,1027332,5504,1032836,7808,3716,17e03aa40f5f9fb367586dbeb09f2c907ed5c704608aa4355f6dd43d38eade48,da5f24bcb9da323d8acff6683c56978d41d099b67e2edcf52f31e894ddc9d16d,,,0.001,0.839048,0.816984,0.839206,0.817143,43.8
32768,0,32,76,740,961796,2432,964228,7808,3716,17e03aa40f5f9fb367586dbeb09f2c907ed5c704608aa4355f6dd43d38eade48,0945879bb66a66bc46420363df3d4886a6db84246444e6aa6a967ca613d7992e,,,0.003,0.849683,0.831587,0.849841,0.831429,47.1
32768,0,64,108,740,994564,3456,998020,7808,3716,17e03aa40f5f9fb367586dbeb09f2c907ed5c704608aa4355f6dd43d38eade48,33e8d5608589d231b83571f0d1d0f310a94e160fee23891050878461a5e34891,,,0.003,0.849683,0.831587,0.849683,0.832857,48.9
32768,0,128,172,740,1027332,5504,1032836,7808,3716,17e03aa40f5f9fb367586dbeb09f2c907ed5c704608aa4355f6dd43d38eade48,9f9d1c29389b8e08c7737eeec38e95558f549bc8bc64140a305bf034786bf073,,,0.003,0.849683,0.831587,0.849841,0.831905,51.3
32768,0,32,76,740,961796,2432,964228,7808,3716,17e03aa40f5f9fb367586dbeb09f2c907ed5c704608aa4355f6dd43d38eade48,7919c022fc920f4048e18369d28ff74dde002e3c9de6c83bdea19583eb846eda,,,0.01,0.855397,0.836984,0.854921,0.835714,54.7
32768,0,64,108,740,994564,3456,998020,7808,3716,17e03aa40f5f9fb367586dbeb09f2c907ed5c704608aa4355f6dd43d38eade48,f40cfffcbbff6f2f6fedff5be9e2b7f571f54f6b7f47a93e34f03306a8893260,,,0.01,0.855397,0.836984,0.855079,0.836825,56.6
32768,0,128,172,740,1027332,5504,1032836,7808,3716,17e03aa40f5f9fb367586dbeb09f2c907ed5c704608aa4355f6dd43d38eade48,1475875bb30c5b70f82d7189803b3aba68655792b1fccb5972e931c90c8ef927,,,0.01,0.855397,0.836984,0.854603,0.836667,59.1
32768,0,32,76,740,961796,2432,964228,7808,3716,17e03aa40f5f9fb367586dbeb09f2c907ed5c704608aa4355f6dd43d38eade48,8a2bf81a23f5a26d4947ffab9ce913b0b6425a619e590431f2c19cfa4bec91ba,,,0.03,0.849841,0.833492,0.849683,0.833492,62.6
32768,0,64,108,740,994564,3456,998020,7808,3716,17e03aa40f5f9fb367586dbeb09f2c907ed5c704608aa4355f6dd43d38eade48,6f8d9252a3ff100ece60316729e30c352b52fdcb4c7f263e1e1f7e0e6959a0bf,,,0.03,0.849841,0.833492,0.850476,0.834127,64.7
32768,0,128,172,740,1027332,5504,1032836,7808,3716,17e03aa40f5f9fb367586dbeb09f2c907ed5c704608aa4355f6dd43d38eade48,61ec73e835953d31d398ccfea1aabe5209aa3f550c8d42007b81b2b40ebff814,,,0.03,0.849841,0.833492,0.849841,0.834127,67.3
32768,0,32,76,740,961796,2432,964228,7808,3716,17e03aa40f5f9fb367586dbeb09f2c907ed5c704608aa4355f6dd43d38eade48,9fbb8f701d4b1fb0200904812122480a68576f34fa0095b68ea63c1632b09ad0,,,0.1,0.84381,0.828254,0.843333,0.827778,70.7
32768,0,64,108,740,994564,3456,998020,7808,3716,17e03aa40f5f9fb367586dbeb09f2c907ed5c704608aa4355f6dd43d38eade48,69cd343d9688b75bd844587fdae52112a2b077cd8209c8293bff23d32f95607f,,,0.1,0.84381,0.828254,0.844286,0.827619,72.8
32768,0,128,172,740,1027332,5504,1032836,7808,3716,17e03aa40f5f9fb367586dbeb09f2c907ed5c704608aa4355f6dd43d38eade48,b1d7f2c65fc52dce5e5a1736386a2b0e17578b8c9ed8ada495ebb7821b4f07cd,,,0.1,0.84381,0.828254,0.844286,0.827937,75.6
