budget,arm,parameters,features,index_pattern,layout_features,structure,val_accuracy,test_accuracy
256,magnitude-prune/top256,256,111,212,23,top256/imp1200/C=30.0,0.4903,0.474
256,magnitude-prune/top512,256,130,212,15,top512/imp1200/C=10.0,0.5124,0.4948
256,rigl/top256,256,111,212,21,top256/e2000/u100/d0.5/C=10.0,0.5513,0.5406
256,rigl/top256,256,118,212,22,top256/e4000/u100/d0.5/C=3.0,0.5637,0.5513
256,rigl/top256,256,122,212,26,top256/e4000/u200/d0.3/C=0.3,0.5511,0.539
256,rigl/top512,256,150,212,36,top512/e2000/u100/d0.5/C=30.0,0.5587,0.5395
256,rigl/top512,256,149,212,36,top512/e4000/u100/d0.5/C=1.0,0.5719,0.5521
256,rigl/top512,256,152,212,39,top512/e4000/u200/d0.3/C=0.3,0.5629,0.5448
256,rigl/whole-pool,256,176,212,38,whole-pool/e2000/u100/d0.5/C=0.3,0.5917,0.571
256,rigl/whole-pool,256,184,212,37,whole-pool/e4000/u100/d0.5/C=1.0,0.5884,0.5616
256,rigl/whole-pool,256,177,212,35,whole-pool/e4000/u200/d0.3/C=0.3,0.5789,0.5668
384,magnitude-prune/top256,384,139,340,30,top256/imp1200/C=10.0,0.5805,0.5729
384,magnitude-prune/top512,384,181,340,36,top512/imp1200/C=100.0,0.5762,0.5597
384,rigl/top256,384,156,340,32,top256/e2000/u100/d0.5/C=1.0,0.6157,0.609
384,rigl/top256,384,155,340,31,top256/e4000/u100/d0.5/C=1.0,0.621,0.614
384,rigl/top256,384,156,340,27,top256/e4000/u200/d0.3/C=30.0,0.6252,0.6116
384,rigl/top512,384,201,340,52,top512/e2000/u100/d0.5/C=30.0,0.6271,0.6108
384,rigl/top512,384,211,340,53,top512/e4000/u100/d0.5/C=0.3,0.6262,0.6181
384,rigl/top512,384,205,340,53,top512/e4000/u200/d0.3/C=0.3,0.6284,0.6092
384,rigl/whole-pool,384,272,340,61,whole-pool/e2000/u100/d0.5/C=0.3,0.6354,0.6217
384,rigl/whole-pool,384,267,340,63,whole-pool/e4000/u100/d0.5/C=0.3,0.6417,0.6238
384,rigl/whole-pool,384,269,340,58,whole-pool/e4000/u200/d0.3/C=30.0,0.6419,0.6259
512,magnitude-prune/top256,512,163,468,33,top256/imp1200/C=1.0,0.6387,0.629
512,magnitude-prune/top512,512,211,468,40,top512/imp1200/C=100.0,0.6344,0.6227
512,rigl/top256,512,192,468,40,top256/e2000/u100/d0.5/C=0.3,0.6629,0.6432
512,rigl/top256,512,188,468,33,top256/e4000/u100/d0.5/C=10.0,0.6686,0.6624
512,rigl/top256,512,186,468,37,top256/e4000/u200/d0.3/C=0.3,0.6621,0.6576
512,rigl/top512,512,255,468,62,top512/e2000/u100/d0.5/C=30.0,0.6719,0.6489
512,rigl/top512,512,255,468,63,top512/e4000/u100/d0.5/C=0.3,0.681,0.6571
512,rigl/top512,512,255,468,64,top512/e4000/u200/d0.3/C=3.0,0.676,0.6456
512,rigl/whole-pool,512,347,468,80,whole-pool/e2000/u100/d0.5/C=10.0,0.6613,0.6443
512,rigl/whole-pool,512,351,468,87,whole-pool/e4000/u100/d0.5/C=3.0,0.6714,0.6562
512,rigl/whole-pool,512,348,468,89,whole-pool/e4000/u200/d0.3/C=100.0,0.6722,0.6476
640,magnitude-prune/top256,640,179,596,33,top256/imp1200/C=100.0,0.6749,0.6554
640,magnitude-prune/top512,640,245,596,47,top512/imp1200/C=1.0,0.6749,0.6583
640,rigl/top256,640,207,596,43,top256/e2000/u100/d0.5/C=100.0,0.6944,0.6802
640,rigl/top256,640,191,596,38,top256/e4000/u100/d0.5/C=30.0,0.6997,0.6905
640,rigl/top256,640,193,596,37,top256/e4000/u200/d0.3/C=10.0,0.7011,0.681
640,rigl/top512,640,296,596,75,top512/e2000/u100/d0.5/C=3.0,0.6959,0.6803
640,rigl/top512,640,305,596,73,top512/e4000/u100/d0.5/C=1.0,0.6973,0.6824
640,rigl/top512,640,283,596,65,top512/e4000/u200/d0.3/C=3.0,0.7017,0.6813
640,rigl/whole-pool,640,418,596,99,whole-pool/e2000/u100/d0.5/C=30.0,0.6978,0.676
640,rigl/whole-pool,640,415,596,108,whole-pool/e4000/u100/d0.5/C=3.0,0.7043,0.6881
640,rigl/whole-pool,640,427,596,90,whole-pool/e4000/u200/d0.3/C=100.0,0.6919,0.6738
768,magnitude-prune/top256,768,195,724,40,top256/imp1200/C=0.3,0.7008,0.6794
768,magnitude-prune/top512,768,272,724,55,top512/imp1200/C=0.3,0.693,0.6779
768,rigl/top256,768,217,724,46,top256/e2000/u100/d0.5/C=100.0,0.7121,0.6975
768,rigl/top256,768,213,724,43,top256/e4000/u100/d0.5/C=100.0,0.7179,0.699
768,rigl/top256,768,212,724,44,top256/e4000/u200/d0.3/C=30.0,0.7195,0.6948
768,rigl/top512,768,320,724,78,top512/e2000/u100/d0.5/C=0.3,0.7203,0.6978
768,rigl/top512,768,342,724,83,top512/e4000/u100/d0.5/C=0.3,0.7229,0.6978
768,rigl/top512,768,320,724,75,top512/e4000/u200/d0.3/C=3.0,0.7171,0.6981
768,rigl/whole-pool,768,508,724,119,whole-pool/e2000/u100/d0.5/C=30.0,0.7033,0.6844
768,rigl/whole-pool,768,503,724,131,whole-pool/e4000/u100/d0.5/C=100.0,0.7171,0.6983
768,rigl/whole-pool,768,501,724,125,whole-pool/e4000/u200/d0.3/C=100.0,0.6992,0.6897
896,magnitude-prune/top256,896,203,852,40,top256/imp1200/C=3.0,0.7119,0.6967
896,magnitude-prune/top512,896,298,852,59,top512/imp1200/C=1.0,0.7178,0.7019
896,rigl/top256,896,224,852,44,top256/e2000/u100/d0.5/C=1.0,0.7259,0.7079
896,rigl/top256,896,218,852,41,top256/e4000/u100/d0.5/C=30.0,0.7308,0.7156
896,rigl/top256,896,216,852,45,top256/e4000/u200/d0.3/C=0.3,0.7321,0.7146
896,rigl/top512,896,361,852,85,top512/e2000/u100/d0.5/C=1.0,0.7337,0.7216
896,rigl/top512,896,353,852,82,top512/e4000/u100/d0.5/C=1.0,0.7378,0.7162
896,rigl/top512,896,354,852,82,top512/e4000/u200/d0.3/C=1.0,0.731,0.7122
896,rigl/whole-pool,896,552,852,146,whole-pool/e2000/u100/d0.5/C=100.0,0.7216,0.7021
896,rigl/whole-pool,896,577,852,155,whole-pool/e4000/u100/d0.5/C=100.0,0.724,0.7049
896,rigl/whole-pool,896,564,852,144,whole-pool/e4000/u200/d0.3/C=10.0,0.7157,0.699
1024,magnitude-prune/top256,1024,207,980,44,top256/imp1200/C=3.0,0.7305,0.7167
1024,magnitude-prune/top512,1024,314,980,64,top512/imp1200/C=30.0,0.7311,0.719
1024,rigl/top256,1024,228,980,49,top256/e2000/u100/d0.5/C=3.0,0.7451,0.7214
1024,rigl/top256,1024,226,980,46,top256/e4000/u100/d0.5/C=0.3,0.7387,0.7238
1024,rigl/top256,1024,230,980,50,top256/e4000/u200/d0.3/C=10.0,0.741,0.7221
1024,rigl/top512,1024,373,980,91,top512/e2000/u100/d0.5/C=1.0,0.7335,0.7208
1024,rigl/top512,1024,383,980,88,top512/e4000/u100/d0.5/C=10.0,0.7467,0.729
1024,rigl/top512,1024,378,980,94,top512/e4000/u200/d0.3/C=0.3,0.7467,0.7303
1024,rigl/whole-pool,1024,653,980,153,whole-pool/e2000/u100/d0.5/C=100.0,0.7257,0.7071
1024,rigl/whole-pool,1024,621,980,168,whole-pool/e4000/u100/d0.5/C=1.0,0.7381,0.7205
1024,rigl/whole-pool,1024,634,980,145,whole-pool/e4000/u200/d0.3/C=100.0,0.7275,0.7111
