head,parameters,features,index_pattern,structure,val_accuracy,test_accuracy
dense,396,8,8,lam3.0/C=100.0,0.331,0.3241
dense,572,12,12,lam3.0/C=100.0,0.4211,0.4117
dense,748,16,16,lam3.0/C=30.0,0.4875,0.4776
dense,1012,22,22,lam3.0/C=100.0,0.5587,0.5416
dense,1452,32,32,lam3.0/C=3.0,0.6149,0.5965
dense,2156,48,48,lam3.0/C=30.0,0.6708,0.664
dense,2860,64,64,lam3.0/C=1.0,0.7175,0.7051
dense,4268,96,96,lam3.0/C=0.3,0.7603,0.7468
dense,5676,128,128,lam3.0/C=0.3,0.7868,0.767
sparse,128,52,84,lam3.0/top192/C=1.0,0.3532,0.3459
sparse,192,81,148,lam3.0/top256/C=100.0,0.4419,0.4268
sparse,256,100,212,lam3.0/top256/C=1.0,0.4892,0.474
sparse,320,121,276,lam3.0/top256/C=10.0,0.549,0.5249
sparse,384,126,340,lam3.0/top192/C=10.0,0.5797,0.5686
sparse,512,156,468,lam3.0/top256/C=0.3,0.6287,0.6059
sparse,640,88,596,lam3.0/top96/C=100.0,0.6651,0.6435
sparse,768,159,724,lam3.0/top192/C=30.0,0.6881,0.6744
sparse,896,163,852,lam3.0/top192/C=100.0,0.709,0.69
sparse,1024,202,980,lam3.0/top256/C=100.0,0.7246,0.7048
block,1012,22,66,lam3.0/g1/C=100.0,0.5549,0.554
block,1012,28,88,lam3.0/g2/C=30.0,0.5541,0.5368
block,1012,41,132,lam3.0/g4/C=30.0,0.5973,0.5852
block,1012,67,220,lam3.0/g8/C=100.0,0.5967,0.5762
block,1012,80,286,lam3.0/g11/C=100.0,0.6357,0.6244
block,1012,121,396,lam3.0/g22/C=100.0,0.6367,0.6024
block,1012,181,1012,lam3.0/g44/C=1.0,0.6983,0.6683
