arm,list,transform,hinge,hinge_used,prune_c,columns,budget,deployed_values,fraction,searches,groups,seed_offset,union,C,train_accuracy,val_accuracy,test_accuracy,seconds
quota,q384/128/128/128,none,0,0,0.1,768,1024,1068,1.0,8,1,0,3112,10.0,0.8717,0.814,0.7884,24.5
quota,q384/128/128/128,none,0,0,0.1,768,1024,1068,1.0,8,1,16,3178,0.03,0.8684,0.8095,0.7908,25.0
quota,q384/128/128/128,none,0,0,0.1,768,1536,1580,1.0,8,1,0,5125,0.03,0.8972,0.8268,0.8051,26.1
quota,q384/128/128/128,none,0,0,0.1,768,1536,1580,1.0,8,1,16,5095,0.03,0.8952,0.829,0.8065,25.7
quota,q384/128/128/128,none,0,0,0.1,768,2048,2092,1.0,8,1,0,6552,0.03,0.9081,0.8338,0.8173,26.9
quota,q384/128/128/128,none,0,0,0.1,768,2048,2092,1.0,8,1,16,6366,0.03,0.912,0.8319,0.8122,27.0
quota,q384/128/128/128,none,0,0,0.1,768,2560,2604,1.0,8,1,0,7963,0.01,0.9052,0.8302,0.8132,27.9
quota,q384/128/128/128,none,0,0,0.1,768,2560,2604,1.0,8,1,16,7572,0.03,0.9217,0.8303,0.8156,28.3
quota,q384/128/128/128,none,0,0,0.1,768,3072,3116,1.0,8,1,0,9554,0.01,0.9089,0.8346,0.8144,28.4
quota,q384/128/128/128,none,0,0,0.1,768,3072,3116,1.0,8,1,16,10603,0.01,0.9144,0.8368,0.8144,27.6
