budget,quota,parameters,features,layout_features,structure,val_accuracy,test_accuracy
512,0,512,156,0,top256/C=0.3,0.6287,0.6059
512,32,512,160,14,top256/C=3.0,0.6281,0.6232
512,64,512,163,33,top256/C=1.0,0.6387,0.629
512,128,512,145,45,top256/C=3.0,0.6206,0.6114
512,control,512,158,0,top256/C=100.0,0.6313,0.6183
640,0,640,174,0,top256/C=3.0,0.664,0.6421
640,32,640,169,14,top256/C=1.0,0.6721,0.6579
640,64,640,179,33,top256/C=100.0,0.6749,0.6554
640,128,640,162,56,top256/C=10.0,0.663,0.6465
640,control,640,172,0,top256/C=3.0,0.6611,0.6483
768,0,768,184,0,top256/C=1.0,0.6875,0.674
768,32,768,185,15,top256/C=1.0,0.6965,0.6819
768,64,768,195,40,top256/C=0.3,0.7008,0.6794
768,128,768,179,65,top256/C=30.0,0.6846,0.6679
768,control,768,189,0,top256/C=100.0,0.7022,0.6746
896,0,896,194,0,top256/C=3.0,0.6987,0.686
896,32,896,198,15,top256/C=1.0,0.7127,0.6879
896,64,896,203,40,top256/C=3.0,0.7119,0.6967
896,128,896,188,72,top256/C=100.0,0.7067,0.6921
896,control,896,193,0,top256/C=3.0,0.71,0.6875
1024,0,1024,202,0,top256/C=100.0,0.7246,0.7048
1024,32,1024,204,15,top256/C=1.0,0.7213,0.703
1024,64,1024,207,44,top256/C=3.0,0.7305,0.7167
1024,128,1024,200,81,top256/C=1.0,0.724,0.7098
1024,control,1024,204,0,top256/C=10.0,0.7225,0.7106
