arm,list,columns,budget,deployed_values,decay,drop,seed,C,train_accuracy,val_accuracy,test_accuracy,seconds
quota,q384/128/128,640,3584,3628,0.0005,0.5,0,0.03,0.8959,0.8117,0.7848,8.4
quota,q384/128/128,640,3584,3628,0.001,0.5,0,0.03,0.913,0.8154,0.7976,7.8
quota,q384/128/128,640,3584,3628,0.0015,0.5,0,0.1,0.8796,0.8067,0.7846,8.5
quota,q512/128/128,768,3584,3628,0.0005,0.5,0,0.3,0.8662,0.7919,0.7721,9.3
quota,q512/128/128,768,3584,3628,0.001,0.5,0,0.1,0.8732,0.7995,0.7802,9.3
quota,q512/128/128,768,3584,3628,0.0015,0.5,0,0.03,0.8876,0.8159,0.7857,8.9
quota,q384/128/256,768,3584,3628,0.0005,0.5,0,0.03,0.9186,0.8127,0.7833,8.5
quota,q384/128/256,768,3584,3628,0.001,0.5,0,0.03,0.8961,0.8035,0.7827,9.0
quota,q384/128/256,768,3584,3628,0.0015,0.5,0,0.03,0.8944,0.8078,0.7833,8.7
quota,q384/256/128,768,3584,3628,0.0005,0.5,0,0.03,0.918,0.8059,0.7848,8.7
quota,q384/256/128,768,3584,3628,0.001,0.5,0,0.03,0.9218,0.8195,0.7932,8.3
quota,q384/256/128,768,3584,3628,0.0015,0.5,0,0.03,0.918,0.8194,0.7968,8.4
quota,q512/192/192,896,3584,3628,0.0005,0.5,0,0.1,0.88,0.7948,0.7698,10.5
quota,q512/192/192,896,3584,3628,0.001,0.5,0,0.03,0.8706,0.8,0.7722,10.3
quota,q512/192/192,896,3584,3628,0.0015,0.5,0,10.0,0.8498,0.7886,0.7554,10.5
quota,q256/128/128,512,3584,3628,0.0005,0.5,0,0.03,0.8975,0.8106,0.7892,7.5
quota,q256/128/128,512,3584,3628,0.001,0.5,0,0.1,0.8805,0.806,0.783,7.8
quota,q256/128/128,512,3584,3628,0.0015,0.5,0,0.03,0.8781,0.8094,0.7921,7.2
