position,historical_pool_index,feature_name
0,325,lbp2uni_ndbi
1,297,ixgs_nbr
2,316,corn2frac_ndvi
3,294,ixgs_ndwi
4,144,g2mean_b1
5,94,g0mean_b3
6,145,g2mean_b2
7,348,ix2std_nbr
8,206,oent_b11
9,195,oent_b0
10,298,ixgs_bsi
11,75,p75_b10
12,37,p10_b11
13,317,corn2mag_ndvi
14,287,ixgm_ndvi
15,86,p90_b8
16,291,ixgm_nbr
17,323,lbp2uni_ndvi
18,95,g0mean_b4
19,17,std_b4
20,310,linet3_ndvi
21,29,p10_b3
22,63,p50_b11
23,197,oent_b2
24,68,p75_b3
25,329,blob2lrg_ndvi
26,314,corn2frac_pan
27,289,ixgm_ndbi
28,65,p75_b0
29,32,p10_b6
30,365,oent2_b1
31,2,mean_b2
32,381,tail_aniso_low_ndvi
